latitude,longitude,bright_ti4,scan,track,acq_date,acq_time,satellite,instrument,confidence,version,bright_ti5,frp,daynight,type
11.53042,77.198,338.67,0.46,0.47,2023-01-01,745,N,VIIRS,n,2,299.78,2.97,D,0
12.09422,76.53743,338.62,0.5,0.49,2023-01-01,745,N,VIIRS,n,2,300.68,3.51,D,0
9.35933,77.92355,341.93,0.45,0.47,2023-01-01,745,N,VIIRS,n,2,304.72,3.12,D,0
9.83648,77.89829,332.28,0.44,0.46,2023-01-01,745,N,VIIRS,n,2,301.62,2.12,D,0
10.12674,78.57627,334.13,0.4,0.44,2023-01-01,745,N,VIIRS,n,2,301.73,3.63,D,0
9.62773,78.62904,336.31,0.4,0.44,2023-01-01,745,N,VIIRS,n,2,303.56,3.08,D,0
10.88867,78.23662,335.12,0.4,0.45,2023-01-01,745,N,VIIRS,n,2,303.19,2.12,D,0
11.10771,78.12911,330.1,0.41,0.45,2023-01-01,745,N,VIIRS,n,2,300.1,1.32,D,0
11.14606,77.66707,332.85,0.44,0.46,2023-01-01,745,N,VIIRS,n,2,300.15,2.51,D,0
14.73304,75.8788,332.91,0.49,0.49,2023-01-01,746,N,VIIRS,n,2,302.85,3.61,D,0
14.92682,76.91914,330.07,0.42,0.45,2023-01-01,746,N,VIIRS,n,2,302.67,2.41,D,0
15.00642,77.00011,340.5,0.42,0.45,2023-01-01,746,N,VIIRS,n,2,305.79,4.67,D,0
15.05152,77.06271,333.65,0.41,0.45,2023-01-01,746,N,VIIRS,n,2,300.64,1.96,D,0
16.08267,80.52696,335.5,0.41,0.37,2023-01-01,746,N,VIIRS,n,2,300.66,3.49,D,0
15.86439,79.24704,332.03,0.46,0.39,2023-01-01,746,N,VIIRS,n,2,303.61,2.38,D,0
15.77097,79.62433,343.26,0.44,0.39,2023-01-01,746,N,VIIRS,n,2,300.5,7.51,D,0
15.96336,80.87273,336.99,0.4,0.37,2023-01-01,746,N,VIIRS,n,2,298.83,2.84,D,0
14.93471,75.11436,342.65,0.55,0.51,2023-01-01,746,N,VIIRS,n,2,304.32,12.61,D,0
15.17488,76.68064,331.55,0.43,0.46,2023-01-01,746,N,VIIRS,l,2,303.21,2.4,D,2
14.84571,75.30712,336.79,0.54,0.51,2023-01-01,746,N,VIIRS,n,2,300.41,2.85,D,0
14.94167,75.9866,341.82,0.48,0.48,2023-01-01,746,N,VIIRS,n,2,304.04,5.24,D,0
14.79856,75.31131,340.68,0.54,0.51,2023-01-01,746,N,VIIRS,n,2,300.03,6.13,D,0
16.10756,80.65891,332.57,0.4,0.37,2023-01-01,746,N,VIIRS,n,2,299.01,2.1,D,0
15.96055,79.74284,334.97,0.44,0.38,2023-01-01,746,N,VIIRS,n,2,300.67,4.41,D,0
16.15551,80.69712,336.97,0.4,0.37,2023-01-01,746,N,VIIRS,n,2,297.87,4.29,D,0
16.14886,80.65569,334.86,0.4,0.37,2023-01-01,746,N,VIIRS,n,2,300.61,5.22,D,0
16.15226,80.65512,342.18,0.4,0.37,2023-01-01,746,N,VIIRS,n,2,300.6,5.22,D,0
15.63328,76.79371,330.12,0.42,0.45,2023-01-01,746,N,VIIRS,n,2,303.23,1.49,D,0
16.30799,80.7131,341.99,0.4,0.37,2023-01-01,746,N,VIIRS,n,2,300.8,4.84,D,0
16.30879,80.67435,341.46,0.4,0.37,2023-01-01,746,N,VIIRS,n,2,300.59,4.09,D,0
16.2919,80.50239,343.73,0.41,0.37,2023-01-01,746,N,VIIRS,n,2,303.76,6.71,D,0
16.2913,80.49858,335.68,0.41,0.37,2023-01-01,746,N,VIIRS,n,2,299.21,6.71,D,0
16.29219,80.5023,341.94,0.41,0.37,2023-01-01,746,N,VIIRS,n,2,302.26,10.45,D,0
16.31713,80.59147,331.64,0.41,0.37,2023-01-01,746,N,VIIRS,n,2,300.57,2.05,D,0
16.39079,80.59433,334.17,0.4,0.37,2023-01-01,746,N,VIIRS,n,2,299.52,6.44,D,0
16.42462,80.78528,332.93,0.4,0.37,2023-01-01,746,N,VIIRS,n,2,302.74,1.21,D,0
16.39418,80.59375,348.72,0.4,0.37,2023-01-01,746,N,VIIRS,n,2,302.31,6.44,D,0
16.54269,80.7385,331.66,0.4,0.37,2023-01-01,746,N,VIIRS,n,2,299.74,1.85,D,0
15.771,76.02318,332.03,0.46,0.47,2023-01-01,746,N,VIIRS,l,2,306.61,2.68,D,0
16.07581,77.03109,337.08,0.4,0.44,2023-01-01,746,N,VIIRS,n,2,304.05,3.72,D,0
16.0859,77.04068,336.79,0.4,0.44,2023-01-01,746,N,VIIRS,n,2,303.09,4.11,D,0
16.11224,77.02423,341.12,0.4,0.44,2023-01-01,746,N,VIIRS,n,2,302.2,5.33,D,0
16.09471,76.85367,335.26,0.41,0.45,2023-01-01,746,N,VIIRS,n,2,306.63,1.64,D,0
16.25038,77.42361,330.55,0.56,0.43,2023-01-01,746,N,VIIRS,n,2,304.08,2.66,D,0
16.0344,76.08281,338.65,0.46,0.47,2023-01-01,746,N,VIIRS,n,2,305.54,2.64,D,0
16.0387,76.08195,341.01,0.46,0.47,2023-01-01,746,N,VIIRS,n,2,305.22,4.24,D,0
16.87981,80.81443,336.93,0.4,0.37,2023-01-01,746,N,VIIRS,n,2,297.94,3.09,D,0
13.18338,80.21506,332.22,0.44,0.39,2023-01-01,746,N,VIIRS,n,2,299.7,2.55,D,0
13.1299,79.38854,331.02,0.49,0.4,2023-01-01,746,N,VIIRS,n,2,300.77,2.78,D,0
13.1336,79.38793,334.0,0.49,0.4,2023-01-01,746,N,VIIRS,n,2,300.78,2.78,D,0
12.82393,76.68015,331.12,0.47,0.48,2023-01-01,746,N,VIIRS,n,2,297.88,3.61,D,0
12.8283,76.67925,331.65,0.47,0.48,2023-01-01,746,N,VIIRS,n,2,297.85,3.61,D,0
12.8242,76.6823,332.97,0.47,0.48,2023-01-01,746,N,VIIRS,n,2,298.44,2.57,D,0
12.82857,76.68143,332.8,0.47,0.48,2023-01-01,746,N,VIIRS,n,2,298.35,2.57,D,0
13.3071,79.37962,335.1,0.48,0.4,2023-01-01,746,N,VIIRS,n,2,300.63,2.93,D,0
13.85053,78.15358,331.91,0.55,0.43,2023-01-01,746,N,VIIRS,n,2,302.15,4.21,D,0
13.86901,76.39803,341.83,0.47,0.48,2023-01-01,746,N,VIIRS,n,2,303.09,6.76,D,0
13.99376,76.7169,330.09,0.45,0.47,2023-01-01,746,N,VIIRS,l,2,300.6,1.97,D,0
14.26868,77.1937,350.58,0.42,0.45,2023-01-01,746,N,VIIRS,n,2,304.61,5.5,D,0
14.36915,77.17451,340.84,0.42,0.45,2023-01-01,746,N,VIIRS,n,2,302.43,3.9,D,0
15.31038,78.52397,330.91,0.5,0.41,2023-01-01,746,N,VIIRS,n,2,301.69,2.51,D,0
14.08646,75.61744,341.38,0.53,0.5,2023-01-01,746,N,VIIRS,n,2,300.21,6.59,D,0
14.07466,75.55376,341.72,0.53,0.5,2023-01-01,746,N,VIIRS,n,2,304.07,7.78,D,0
14.32094,76.32677,344.37,0.47,0.48,2023-01-01,746,N,VIIRS,n,2,304.77,6.66,D,0
14.17853,75.50151,337.06,0.53,0.5,2023-01-01,746,N,VIIRS,n,2,303.17,6.74,D,0
14.34588,76.33987,331.07,0.47,0.48,2023-01-01,746,N,VIIRS,n,2,305.94,2.23,D,0
14.84608,77.06612,338.52,0.41,0.45,2023-01-01,746,N,VIIRS,n,2,303.87,4.48,D,0
14.96336,77.64886,348.32,0.57,0.43,2023-01-01,746,N,VIIRS,n,2,305.24,12.96,D,0
14.63458,75.67146,340.81,0.51,0.49,2023-01-01,746,N,VIIRS,n,2,303.7,5.51,D,0
14.62474,75.4392,331.89,0.53,0.5,2023-01-01,746,N,VIIRS,n,2,303.8,4.67,D,0
17.77147,74.7765,331.76,0.51,0.5,2023-01-01,747,N,VIIRS,l,2,305.81,4.31,D,0
18.09639,76.34029,340.96,0.41,0.45,2023-01-01,747,N,VIIRS,n,2,304.09,2.98,D,0
18.70608,79.77374,346.59,0.41,0.37,2023-01-01,747,N,VIIRS,n,2,301.44,8.32,D,0
19.10382,82.16596,334.24,0.39,0.36,2023-01-01,747,N,VIIRS,n,2,301.61,1.91,D,0
17.98781,75.52283,332.24,0.46,0.47,2023-01-01,747,N,VIIRS,n,2,303.46,0.79,D,0
18.74173,79.64701,336.21,0.41,0.37,2023-01-01,747,N,VIIRS,n,2,301.32,3.26,D,0
18.72385,79.53701,336.17,0.42,0.38,2023-01-01,747,N,VIIRS,n,2,305.53,4.3,D,2
18.73697,79.53056,343.98,0.42,0.38,2023-01-01,747,N,VIIRS,n,2,305.64,8.32,D,0
18.28535,76.85867,345.35,0.56,0.43,2023-01-01,747,N,VIIRS,n,2,306.75,11.55,D,0
18.73598,79.53104,337.87,0.42,0.38,2023-01-01,747,N,VIIRS,n,2,305.39,4.51,D,0
18.73941,79.53042,338.73,0.42,0.38,2023-01-01,747,N,VIIRS,n,2,302.5,4.51,D,0
18.28765,76.85578,343.97,0.56,0.43,2023-01-01,747,N,VIIRS,n,2,306.0,16.36,D,0
18.19049,76.21429,340.57,0.41,0.45,2023-01-01,747,N,VIIRS,n,2,304.88,7.91,D,0
18.08368,75.54855,340.85,0.45,0.47,2023-01-01,747,N,VIIRS,n,2,304.19,3.53,D,0
17.86545,74.38254,330.06,0.54,0.51,2023-01-01,747,N,VIIRS,n,2,302.72,1.66,D,0
18.03021,75.14481,335.44,0.48,0.48,2023-01-01,747,N,VIIRS,n,2,302.88,2.8,D,0
18.72736,78.9847,332.44,0.44,0.38,2023-01-01,747,N,VIIRS,n,2,300.59,4.28,D,0
18.22178,75.8243,333.34,0.43,0.46,2023-01-01,747,N,VIIRS,n,2,303.13,2.17,D,0
19.27371,81.85645,332.22,0.38,0.36,2023-01-01,747,N,VIIRS,n,2,299.15,2.83,D,0
18.85003,79.09338,341.27,0.43,0.38,2023-01-01,747,N,VIIRS,n,2,302.01,3.5,D,0
19.50025,83.2083,334.33,0.4,0.37,2023-01-01,747,N,VIIRS,n,2,301.45,5.04,D,0
18.96326,79.48627,335.37,0.42,0.38,2023-01-01,747,N,VIIRS,n,2,303.12,1.94,D,0
18.45131,76.33621,340.38,0.4,0.44,2023-01-01,747,N,VIIRS,n,2,303.55,3.68,D,0
19.516,82.78381,335.49,0.39,0.37,2023-01-01,747,N,VIIRS,n,2,303.36,2.91,D,0
18.96787,79.2351,331.43,0.43,0.38,2023-01-01,747,N,VIIRS,n,2,300.98,2.02,D,0
18.20588,74.87724,338.04,0.5,0.49,2023-01-01,747,N,VIIRS,n,2,302.47,2.78,D,0
19.04058,79.4397,337.09,0.42,0.38,2023-01-01,747,N,VIIRS,n,2,303.49,3.17,D,0
19.03929,79.43179,341.99,0.42,0.38,2023-01-01,747,N,VIIRS,n,2,302.91,2.55,D,0
19.56183,82.79179,330.25,0.4,0.37,2023-01-01,747,N,VIIRS,n,2,301.32,1.61,D,0
18.81951,78.05041,334.02,0.48,0.4,2023-01-01,747,N,VIIRS,n,2,303.56,2.31,D,0
19.42906,81.58743,331.13,0.38,0.36,2023-01-01,747,N,VIIRS,n,2,297.46,1.98,D,0
19.58584,82.52353,347.02,0.39,0.36,2023-01-01,747,N,VIIRS,n,2,306.59,8.43,D,0
18.39883,75.42165,346.96,0.46,0.47,2023-01-01,747,N,VIIRS,n,2,304.61,12.68,D,0
19.82194,83.66142,329.89,0.42,0.38,2023-01-01,747,N,VIIRS,n,2,297.34,2.13,D,0
18.64675,76.21526,339.32,0.4,0.45,2023-01-01,747,N,VIIRS,n,2,303.11,3.28,D,0
18.08805,73.10101,367.0,0.32,0.55,2023-01-01,747,N,VIIRS,h,2,304.81,10.84,D,0
18.57682,75.30582,339.26,0.46,0.47,2023-01-01,747,N,VIIRS,n,2,302.53,2.71,D,0
18.23941,73.26544,335.17,0.63,0.54,2023-01-01,747,N,VIIRS,n,2,303.71,3.58,D,0
19.0664,77.57736,333.11,0.5,0.41,2023-01-01,747,N,VIIRS,n,2,304.35,5.8,D,0
18.93557,76.6958,337.95,0.56,0.43,2023-01-01,747,N,VIIRS,n,2,303.66,4.86,D,0
18.30077,73.33652,330.91,0.62,0.54,2023-01-01,747,N,VIIRS,n,2,302.68,4.8,D,0
18.34136,73.33414,331.0,0.62,0.54,2023-01-01,747,N,VIIRS,n,2,300.76,2.6,D,0
18.36713,73.15517,331.21,0.64,0.54,2023-01-01,747,N,VIIRS,l,2,301.45,3.28,D,0
18.7122,74.11808,341.99,0.54,0.51,2023-01-01,747,N,VIIRS,n,2,305.03,10.82,D,0
19.31421,77.31043,333.95,0.51,0.41,2023-01-01,747,N,VIIRS,n,2,304.09,4.19,D,0
16.76851,76.30264,347.3,0.43,0.46,2023-01-01,747,N,VIIRS,n,2,307.31,7.75,D,0
19.12835,75.9971,341.36,0.41,0.45,2023-01-01,747,N,VIIRS,n,2,302.74,5.04,D,0
19.22595,76.41279,340.65,0.39,0.44,2023-01-01,747,N,VIIRS,n,2,303.51,1.93,D,0
19.49805,77.45289,335.68,0.5,0.41,2023-01-01,747,N,VIIRS,n,2,302.46,4.37,D,0
19.2463,76.06851,339.64,0.4,0.44,2023-01-01,747,N,VIIRS,n,2,303.71,2.91,D,0
18.97082,74.5527,338.11,0.5,0.49,2023-01-01,747,N,VIIRS,n,2,304.04,5.26,D,0
20.53065,83.64633,336.63,0.42,0.38,2023-01-01,747,N,VIIRS,n,2,299.92,3.27,D,0
18.75918,73.17802,336.17,0.62,0.54,2023-01-01,747,N,VIIRS,n,2,301.16,4.53,D,0
19.68942,78.01094,337.39,0.47,0.4,2023-01-01,747,N,VIIRS,n,2,301.34,5.08,D,0
19.30636,75.85593,337.55,0.41,0.45,2023-01-01,747,N,VIIRS,n,2,303.32,3.1,D,0
20.79491,85.2524,335.72,0.5,0.41,2023-01-01,747,N,VIIRS,n,2,299.09,5.59,D,2
20.33128,81.87589,331.35,0.39,0.36,2023-01-01,747,N,VIIRS,n,2,301.82,1.94,D,0
19.37604,76.09314,341.26,0.4,0.44,2023-01-01,747,N,VIIRS,n,2,304.83,4.85,D,0
19.37534,76.08939,334.14,0.4,0.44,2023-01-01,747,N,VIIRS,n,2,303.26,4.13,D,0
19.32149,75.79972,340.12,0.42,0.45,2023-01-01,747,N,VIIRS,n,2,302.85,4.75,D,0
20.61556,83.71238,332.66,0.43,0.38,2023-01-01,747,N,VIIRS,n,2,301.24,2.24,D,0
18.84696,73.25642,342.09,0.61,0.54,2023-01-01,747,N,VIIRS,n,2,302.5,5.35,D,0
19.96414,79.33505,330.84,0.41,0.37,2023-01-01,747,N,VIIRS,n,2,301.55,2.57,D,2
20.95073,86.04753,334.91,0.55,0.43,2023-01-01,747,N,VIIRS,n,2,300.89,6.17,D,2
19.42854,76.03531,333.95,0.4,0.44,2023-01-01,747,N,VIIRS,n,2,303.96,1.91,D,0
19.48092,76.25108,340.91,0.39,0.44,2023-01-01,747,N,VIIRS,n,2,303.34,6.34,D,0
19.51974,76.39367,334.41,0.57,0.43,2023-01-01,747,N,VIIRS,n,2,303.13,6.86,D,0
19.30909,75.27323,330.84,0.45,0.47,2023-01-01,747,N,VIIRS,n,2,305.02,2.63,D,0
19.41384,75.59543,332.73,0.43,0.46,2023-01-01,747,N,VIIRS,n,2,304.32,2.77,D,0
18.97937,73.32303,330.61,0.6,0.53,2023-01-01,747,N,VIIRS,n,2,299.94,2.06,D,0
20.9654,85.1767,333.07,0.5,0.41,2023-01-01,747,N,VIIRS,n,2,296.73,6.02,D,2
20.96477,85.17193,335.46,0.5,0.41,2023-01-01,747,N,VIIRS,n,2,298.11,6.94,D,2
15.6946,73.79147,335.96,0.32,0.55,2023-01-01,747,N,VIIRS,n,2,301.52,3.33,D,0
15.99333,75.02093,342.0,0.53,0.5,2023-01-01,747,N,VIIRS,n,2,305.05,10.09,D,0
15.99238,75.02352,342.25,0.53,0.5,2023-01-01,747,N,VIIRS,n,2,304.91,7.16,D,0
16.96232,80.47303,336.22,0.4,0.37,2023-01-01,747,N,VIIRS,n,2,300.14,2.77,D,0
16.67154,78.57329,331.54,0.48,0.4,2023-01-01,747,N,VIIRS,n,2,298.76,2.12,D,0
16.98237,80.16331,330.42,0.41,0.37,2023-01-01,747,N,VIIRS,n,2,301.7,2.6,D,0
17.09735,80.84201,332.12,0.4,0.37,2023-01-01,747,N,VIIRS,n,2,302.3,1.66,D,0
17.1374,80.86898,333.24,0.4,0.37,2023-01-01,747,N,VIIRS,n,2,302.05,2.41,D,0
16.47769,76.87702,334.37,0.4,0.44,2023-01-01,747,N,VIIRS,n,2,304.48,2.27,D,0
17.10817,80.44754,332.68,0.4,0.37,2023-01-01,747,N,VIIRS,n,2,301.42,2.25,D,0
16.36652,76.02547,330.64,0.45,0.47,2023-01-01,747,N,VIIRS,n,2,304.92,0.43,D,0
17.19285,80.71834,347.24,0.4,0.37,2023-01-01,747,N,VIIRS,n,2,303.75,10.68,D,0
17.1943,80.71791,345.83,0.4,0.37,2023-01-01,747,N,VIIRS,n,2,300.72,5.21,D,0
17.28167,81.11608,331.01,0.39,0.36,2023-01-01,747,N,VIIRS,n,2,302.19,2.06,D,0
17.60799,83.20244,334.62,0.39,0.37,2023-01-01,747,N,VIIRS,n,2,298.21,2.8,D,2
17.25343,80.61182,334.29,0.4,0.37,2023-01-01,747,N,VIIRS,n,2,301.06,3.56,D,0
17.25809,80.44477,333.79,0.4,0.37,2023-01-01,747,N,VIIRS,n,2,301.13,2.72,D,0
17.2584,80.44449,334.73,0.4,0.37,2023-01-01,747,N,VIIRS,n,2,300.95,2.9,D,0
17.17006,79.71178,334.61,0.43,0.38,2023-01-01,747,N,VIIRS,n,2,301.02,2.5,D,0
16.89654,78.03663,330.96,0.51,0.41,2023-01-01,747,N,VIIRS,n,2,300.24,3.91,D,0
17.39565,80.65223,339.61,0.4,0.37,2023-01-01,747,N,VIIRS,n,2,300.16,3.82,D,0
19.27524,77.02078,331.38,0.53,0.42,2023-01-01,747,N,VIIRS,n,2,303.0,2.3,D,0
16.76842,76.30283,344.24,0.43,0.46,2023-01-01,747,N,VIIRS,n,2,307.53,5.62,D,0
17.36983,79.69386,339.22,0.42,0.38,2023-01-01,747,N,VIIRS,n,2,302.4,3.39,D,0
17.56606,80.73002,334.01,0.4,0.37,2023-01-01,747,N,VIIRS,n,2,299.33,2.87,D,0
17.08494,77.82738,333.74,0.52,0.41,2023-01-01,747,N,VIIRS,n,2,298.34,3.45,D,0
16.34194,73.72546,353.82,0.32,0.54,2023-01-01,747,N,VIIRS,n,2,303.95,7.7,D,0
17.99298,82.99632,331.83,0.39,0.36,2023-01-01,747,N,VIIRS,n,2,298.01,1.44,D,0
17.00713,76.56765,337.84,0.41,0.45,2023-01-01,747,N,VIIRS,n,2,303.7,3.49,D,0
16.78314,75.24055,333.11,0.5,0.49,2023-01-01,747,N,VIIRS,n,2,304.27,2.78,D,0
17.58416,79.81857,330.32,0.42,0.38,2023-01-01,747,N,VIIRS,n,2,301.62,1.92,D,0
16.66949,74.57933,332.5,0.55,0.51,2023-01-01,747,N,VIIRS,n,2,302.17,4.59,D,0
17.94906,82.10653,353.86,0.38,0.36,2023-01-01,747,N,VIIRS,n,2,303.69,8.44,D,0
17.9518,82.10557,343.71,0.38,0.36,2023-01-01,747,N,VIIRS,n,2,296.97,5.38,D,0
17.95126,82.10195,331.39,0.38,0.36,2023-01-01,747,N,VIIRS,n,2,299.08,5.38,D,0
17.05054,76.67679,330.84,0.4,0.44,2023-01-01,747,N,VIIRS,l,2,304.03,2.09,D,0
16.78442,75.24192,332.96,0.5,0.49,2023-01-01,747,N,VIIRS,n,2,304.65,4.08,D,0
17.63261,79.95065,337.66,0.41,0.37,2023-01-01,747,N,VIIRS,n,2,301.99,6.71,D,0
16.66965,74.57653,333.32,0.55,0.51,2023-01-01,747,N,VIIRS,n,2,301.81,4.0,D,0
17.3885,78.41428,331.87,0.48,0.4,2023-01-01,747,N,VIIRS,n,2,301.34,2.3,D,0
18.02498,82.18608,332.59,0.38,0.36,2023-01-01,747,N,VIIRS,n,2,298.85,5.04,D,0
18.02444,82.18246,330.96,0.38,0.36,2023-01-01,747,N,VIIRS,n,2,303.04,2.94,D,0
18.02775,82.18192,334.92,0.38,0.36,2023-01-01,747,N,VIIRS,n,2,298.35,2.94,D,0
16.96221,75.79848,342.51,0.46,0.47,2023-01-01,747,N,VIIRS,n,2,305.02,4.87,D,0
17.68962,79.97646,334.41,0.41,0.37,2023-01-01,747,N,VIIRS,n,2,300.45,2.41,D,0
16.5545,73.62659,344.11,0.32,0.55,2023-01-01,747,N,VIIRS,n,2,300.78,3.52,D,0
16.54402,73.46572,333.21,0.33,0.55,2023-01-01,747,N,VIIRS,n,2,301.3,2.21,D,0
17.72509,79.89519,338.98,0.41,0.37,2023-01-01,747,N,VIIRS,n,2,301.97,4.3,D,0
16.54205,73.46602,334.79,0.33,0.55,2023-01-01,747,N,VIIRS,n,2,301.34,2.7,D,0
17.7562,79.97752,330.8,0.41,0.37,2023-01-01,747,N,VIIRS,n,2,300.81,1.59,D,0
17.85323,80.46954,331.14,0.4,0.37,2023-01-01,747,N,VIIRS,n,2,302.44,2.28,D,0
17.76624,79.71457,332.25,0.42,0.38,2023-01-01,747,N,VIIRS,n,2,301.42,1.2,D,0
17.74944,79.47613,335.49,0.43,0.38,2023-01-01,747,N,VIIRS,n,2,301.85,3.68,D,0
17.8498,79.95303,334.62,0.41,0.37,2023-01-01,747,N,VIIRS,n,2,301.44,4.27,D,0
17.87094,79.9533,332.56,0.41,0.37,2023-01-01,747,N,VIIRS,n,2,300.66,3.28,D,0
17.91178,80.09675,332.38,0.41,0.37,2023-01-01,747,N,VIIRS,n,2,297.29,1.62,D,0
17.87125,79.76074,343.81,0.42,0.38,2023-01-01,747,N,VIIRS,n,2,302.95,5.23,D,0
17.86273,79.59975,330.82,0.42,0.38,2023-01-01,747,N,VIIRS,n,2,301.0,1.42,D,0
17.79366,79.17939,334.05,0.44,0.38,2023-01-01,747,N,VIIRS,n,2,299.59,2.9,D,0
17.9402,79.9689,334.51,0.41,0.37,2023-01-01,747,N,VIIRS,n,2,301.42,2.77,D,0
17.94004,79.96905,336.52,0.41,0.37,2023-01-01,747,N,VIIRS,n,2,301.52,3.63,D,0
18.23785,81.8279,338.34,0.38,0.36,2023-01-01,747,N,VIIRS,n,2,303.91,2.65,D,0
17.94028,79.94911,331.73,0.41,0.37,2023-01-01,747,N,VIIRS,n,2,301.31,2.79,D,0
17.08245,74.9279,349.75,0.52,0.5,2023-01-01,747,N,VIIRS,n,2,302.97,8.26,D,0
18.06826,79.79028,332.74,0.42,0.37,2023-01-01,747,N,VIIRS,n,2,300.08,3.76,D,0
18.06762,79.78637,333.3,0.42,0.37,2023-01-01,747,N,VIIRS,n,2,300.19,3.76,D,0
18.1887,80.5141,333.06,0.4,0.37,2023-01-01,747,N,VIIRS,n,2,299.9,3.34,D,0
18.64713,83.37965,338.42,0.4,0.37,2023-01-01,747,N,VIIRS,n,2,300.85,2.76,D,0
18.65052,83.37912,332.41,0.4,0.37,2023-01-01,747,N,VIIRS,n,2,299.82,2.76,D,0
18.1276,79.68304,334.09,0.42,0.38,2023-01-01,747,N,VIIRS,n,2,301.68,1.38,D,0
18.76643,83.52959,342.5,0.41,0.37,2023-01-01,747,N,VIIRS,n,2,301.5,5.05,D,0
18.31689,80.44149,331.68,0.4,0.37,2023-01-01,747,N,VIIRS,n,2,300.17,1.73,D,0
18.32519,80.42848,339.08,0.4,0.37,2023-01-01,747,N,VIIRS,n,2,300.33,2.98,D,0
18.32459,80.42474,330.06,0.4,0.37,2023-01-01,747,N,VIIRS,l,2,301.1,2.98,D,0
18.26225,79.94743,332.28,0.41,0.37,2023-01-01,747,N,VIIRS,n,2,300.04,4.32,D,0
18.26137,79.94419,333.26,0.41,0.37,2023-01-01,747,N,VIIRS,n,2,300.87,4.71,D,0
18.28218,79.96425,332.01,0.41,0.37,2023-01-01,747,N,VIIRS,l,2,302.89,2.69,D,0
18.29291,79.92268,336.53,0.41,0.37,2023-01-01,747,N,VIIRS,n,2,301.72,5.75,D,0
18.30313,79.92085,334.6,0.41,0.37,2023-01-01,747,N,VIIRS,n,2,301.9,5.96,D,0
17.64376,76.10498,349.35,0.43,0.46,2023-01-01,747,N,VIIRS,n,2,308.17,6.04,D,0
17.62939,75.95654,332.39,0.44,0.46,2023-01-01,747,N,VIIRS,n,2,302.27,3.41,D,0
17.78721,76.68428,341.56,0.39,0.44,2023-01-01,747,N,VIIRS,n,2,307.79,2.91,D,0
17.79122,76.68348,337.37,0.39,0.44,2023-01-01,747,N,VIIRS,n,2,305.28,3.81,D,0
18.34244,79.882,332.69,0.41,0.37,2023-01-01,747,N,VIIRS,n,2,301.02,2.2,D,0
17.69375,75.42519,340.89,0.47,0.48,2023-01-01,747,N,VIIRS,n,2,303.0,8.03,D,0
17.69295,75.42162,340.42,0.47,0.48,2023-01-01,747,N,VIIRS,n,2,302.46,8.66,D,0
17.64586,75.0324,340.92,0.5,0.49,2023-01-01,747,N,VIIRS,n,2,303.07,5.79,D,0
17.65033,75.03149,340.98,0.5,0.49,2023-01-01,747,N,VIIRS,n,2,303.32,7.39,D,0
17.77098,74.77357,339.79,0.51,0.5,2023-01-01,747,N,VIIRS,n,2,305.11,4.79,D,0
18.07468,76.37538,333.69,0.4,0.45,2023-01-01,747,N,VIIRS,n,2,302.5,5.08,D,0
18.66537,79.80035,338.42,0.41,0.37,2023-01-01,747,N,VIIRS,n,2,299.44,3.82,D,0
21.85528,82.28541,334.57,0.4,0.37,2023-01-01,748,N,VIIRS,n,2,300.93,5.89,D,0
21.93505,82.81631,333.95,0.41,0.37,2023-01-01,748,N,VIIRS,n,2,301.47,4.08,D,0
21.90211,82.53771,334.89,0.4,0.37,2023-01-01,748,N,VIIRS,n,2,302.74,2.09,D,0
21.29442,78.60944,346.98,0.43,0.38,2023-01-01,748,N,VIIRS,n,2,302.79,3.01,D,0
21.90549,82.53716,335.32,0.4,0.37,2023-01-01,748,N,VIIRS,n,2,300.65,2.09,D,0
21.896,82.4714,332.51,0.4,0.37,2023-01-01,748,N,VIIRS,n,2,300.09,1.58,D,0
21.89718,82.47501,332.82,0.4,0.37,2023-01-01,748,N,VIIRS,n,2,301.33,4.16,D,0
21.89663,82.47114,332.31,0.4,0.37,2023-01-01,748,N,VIIRS,n,2,300.79,3.08,D,0
21.29628,78.61374,337.5,0.43,0.38,2023-01-01,748,N,VIIRS,n,2,303.09,1.93,D,0
21.29558,78.6096,339.93,0.43,0.38,2023-01-01,748,N,VIIRS,n,2,302.31,2.14,D,0
21.89946,82.46671,333.68,0.4,0.37,2023-01-01,748,N,VIIRS,n,2,301.5,3.08,D,0
21.99267,83.08413,336.17,0.42,0.37,2023-01-01,748,N,VIIRS,n,2,299.65,3.19,D,0
22.00066,83.09108,332.88,0.42,0.37,2023-01-01,748,N,VIIRS,n,2,301.34,3.44,D,0
22.00011,83.08706,331.28,0.42,0.37,2023-01-01,748,N,VIIRS,n,2,300.03,3.44,D,0
21.94044,82.6588,338.29,0.4,0.37,2023-01-01,748,N,VIIRS,n,2,302.58,2.17,D,0
21.94282,82.62643,348.74,0.4,0.37,2023-01-01,748,N,VIIRS,n,2,301.85,4.48,D,0
21.92136,82.47498,338.61,0.4,0.37,2023-01-01,748,N,VIIRS,n,2,302.42,5.63,D,0
21.92529,82.47831,335.87,0.4,0.37,2023-01-01,748,N,VIIRS,l,2,307.05,26.51,D,0
21.88932,82.08459,332.8,0.39,0.36,2023-01-01,748,N,VIIRS,n,2,301.87,2.33,D,0
22.00595,82.70422,343.3,0.41,0.37,2023-01-01,748,N,VIIRS,n,2,303.74,11.15,D,0
22.00316,82.68462,332.73,0.41,0.37,2023-01-01,748,N,VIIRS,n,2,300.6,2.99,D,0
22.0026,82.68069,334.55,0.4,0.37,2023-01-01,748,N,VIIRS,n,2,301.83,2.99,D,0
21.94099,82.25143,338.72,0.4,0.37,2023-01-01,748,N,VIIRS,n,2,303.52,2.75,D,0
22.006,82.68015,331.03,0.4,0.37,2023-01-01,748,N,VIIRS,l,2,301.86,2.99,D,0
21.94434,82.25087,343.66,0.4,0.37,2023-01-01,748,N,VIIRS,n,2,305.18,2.75,D,0
20.93773,75.99349,342.33,0.57,0.43,2023-01-01,748,N,VIIRS,n,2,305.71,7.73,D,0
20.94169,75.99262,338.84,0.57,0.43,2023-01-01,748,N,VIIRS,n,2,305.97,5.24,D,0
21.94453,82.08703,333.56,0.39,0.36,2023-01-01,748,N,VIIRS,n,2,302.54,2.61,D,0
20.93954,75.9917,346.01,0.57,0.43,2023-01-01,748,N,VIIRS,n,2,305.48,10.83,D,0
22.06024,82.69223,338.93,0.41,0.37,2023-01-01,748,N,VIIRS,n,2,301.09,2.1,D,0
22.05638,82.66478,348.52,0.4,0.37,2023-01-01,748,N,VIIRS,n,2,304.24,11.89,D,0
22.05977,82.66423,330.01,0.4,0.37,2023-01-01,748,N,VIIRS,n,2,300.23,2.35,D,0
22.03732,82.4567,335.96,0.4,0.37,2023-01-01,748,N,VIIRS,n,2,301.77,3.66,D,0
22.07432,82.52206,333.02,0.4,0.37,2023-01-01,748,N,VIIRS,n,2,303.41,3.02,D,0
22.05328,82.37502,343.75,0.4,0.37,2023-01-01,748,N,VIIRS,n,2,307.08,18.95,D,0
22.09992,82.67775,347.44,0.41,0.37,2023-01-01,748,N,VIIRS,n,2,303.36,5.53,D,0
22.0662,82.36894,332.52,0.4,0.37,2023-01-01,748,N,VIIRS,n,2,300.32,5.05,D,0
22.07635,82.07315,335.84,0.39,0.36,2023-01-01,748,N,VIIRS,n,2,300.32,3.57,D,0
22.1441,82.49857,344.56,0.4,0.37,2023-01-01,748,N,VIIRS,n,2,301.85,4.93,D,0
22.08712,81.98194,334.94,0.39,0.36,2023-01-01,748,N,VIIRS,n,2,300.45,2.73,D,0
20.9865,75.30791,337.89,0.42,0.45,2023-01-01,748,N,VIIRS,n,2,301.91,3.35,D,0
22.13757,82.18793,335.86,0.4,0.37,2023-01-01,748,N,VIIRS,n,2,301.05,1.99,D,0
22.16649,82.31672,335.95,0.4,0.37,2023-01-01,748,N,VIIRS,n,2,300.01,3.96,D,0
22.14768,82.16276,333.04,0.39,0.37,2023-01-01,748,N,VIIRS,n,2,299.43,3.13,D,0
22.17613,82.24036,335.56,0.4,0.37,2023-01-01,748,N,VIIRS,n,2,301.86,3.4,D,0
22.14118,81.9302,332.16,0.39,0.36,2023-01-01,748,N,VIIRS,n,2,300.76,2.28,D,0
22.24446,82.56612,345.69,0.4,0.37,2023-01-01,748,N,VIIRS,n,2,301.74,5.14,D,0
22.19456,82.1902,333.95,0.4,0.37,2023-01-01,748,N,VIIRS,n,2,301.79,2.31,D,0
22.22573,82.26359,334.53,0.4,0.37,2023-01-01,748,N,VIIRS,n,2,302.37,5.79,D,0
21.5819,78.03606,332.9,0.45,0.39,2023-01-01,748,N,VIIRS,n,2,305.72,2.95,D,0
22.22458,81.94711,340.17,0.39,0.36,2023-01-01,748,N,VIIRS,n,2,300.89,1.87,D,0
21.33482,76.23006,343.26,0.55,0.43,2023-01-01,748,N,VIIRS,n,2,303.13,5.38,D,0
22.26437,81.78517,331.07,0.39,0.36,2023-01-01,748,N,VIIRS,n,2,301.02,1.53,D,0
21.46419,76.46949,337.9,0.53,0.42,2023-01-01,748,N,VIIRS,n,2,304.66,4.68,D,0
21.74953,78.0015,334.05,0.44,0.39,2023-01-01,748,N,VIIRS,n,2,301.84,4.75,D,0
23.12985,87.82431,338.7,0.5,0.49,2023-01-01,748,N,VIIRS,n,2,294.3,4.41,D,0
23.13491,87.82868,342.42,0.5,0.49,2023-01-01,748,N,VIIRS,n,2,294.75,10.92,D,0
21.34595,74.65364,334.27,0.45,0.47,2023-01-01,748,N,VIIRS,n,2,301.2,4.2,D,0
21.3485,74.65395,338.98,0.45,0.47,2023-01-01,748,N,VIIRS,n,2,301.97,4.27,D,0
23.38122,87.6284,328.32,0.49,0.48,2023-01-01,748,N,VIIRS,n,2,292.61,3.0,D,0
23.40136,87.76941,325.16,0.5,0.49,2023-01-01,748,N,VIIRS,n,2,289.11,1.31,D,0
21.10536,72.64929,338.78,0.61,0.53,2023-01-01,748,N,VIIRS,n,2,302.74,7.01,D,2
21.10662,72.63072,330.18,0.61,0.53,2023-01-01,748,N,VIIRS,l,2,300.98,2.81,D,2
21.55709,74.18948,330.59,0.48,0.48,2023-01-01,748,N,VIIRS,n,2,300.5,3.7,D,0
23.68446,86.3944,342.4,0.42,0.45,2023-01-01,748,N,VIIRS,n,2,295.86,8.88,D,2
23.47529,84.6681,340.4,0.5,0.41,2023-01-01,748,N,VIIRS,n,2,299.53,4.63,D,0
23.17027,82.34313,328.41,0.4,0.37,2023-01-01,748,N,VIIRS,l,2,300.89,3.07,D,2
23.68107,86.09633,330.76,0.4,0.44,2023-01-01,748,N,VIIRS,n,2,294.55,2.28,D,2
23.6997,86.07787,330.34,0.4,0.44,2023-01-01,748,N,VIIRS,n,2,298.06,2.74,D,2
23.75818,86.40105,330.01,0.42,0.45,2023-01-01,748,N,VIIRS,n,2,298.15,5.55,D,2
23.78032,86.37299,330.77,0.42,0.45,2023-01-01,748,N,VIIRS,n,2,298.83,2.41,D,2
23.7816,86.34795,326.41,0.41,0.45,2023-01-01,748,N,VIIRS,l,2,298.37,3.78,D,2
23.79504,86.3544,337.53,0.41,0.45,2023-01-01,748,N,VIIRS,n,2,299.7,4.68,D,2
23.79456,86.35035,340.26,0.41,0.45,2023-01-01,748,N,VIIRS,n,2,300.58,4.68,D,2
23.7818,86.20794,335.76,0.41,0.45,2023-01-01,748,N,VIIRS,n,2,299.86,5.06,D,2
23.79204,86.35114,336.01,0.41,0.45,2023-01-01,748,N,VIIRS,n,2,299.39,5.18,D,2
23.79621,86.35058,332.05,0.41,0.45,2023-01-01,748,N,VIIRS,n,2,299.17,5.18,D,2
23.78026,86.20848,326.85,0.41,0.45,2023-01-01,748,N,VIIRS,l,2,299.59,4.78,D,2
22.07176,74.98607,332.55,0.42,0.45,2023-01-01,748,N,VIIRS,n,2,296.76,1.81,D,0
23.80638,86.32836,330.85,0.41,0.45,2023-01-01,748,N,VIIRS,n,2,298.47,3.52,D,2
21.72788,72.90686,341.98,0.57,0.52,2023-01-01,748,N,VIIRS,n,2,299.54,5.39,D,0
22.92653,79.18902,332.03,0.4,0.37,2023-01-01,748,N,VIIRS,n,2,300.74,2.38,D,0
22.93754,78.70155,330.64,0.41,0.37,2023-01-01,748,N,VIIRS,n,2,297.58,1.87,D,0
21.93655,73.15089,336.85,0.54,0.51,2023-01-01,748,N,VIIRS,n,2,298.15,4.15,D,0
22.97851,78.50389,333.64,0.42,0.37,2023-01-01,748,N,VIIRS,n,2,299.03,4.06,D,0
24.86249,94.0387,335.85,0.64,0.72,2023-01-01,748,N,VIIRS,n,2,292.89,7.8,D,0
22.30644,73.40673,338.68,0.52,0.5,2023-01-01,748,N,VIIRS,n,2,299.27,2.73,D,0
22.30678,73.41006,330.26,0.51,0.5,2023-01-01,748,N,VIIRS,n,2,299.44,4.48,D,0
23.12636,77.06374,330.98,0.47,0.4,2023-01-01,748,N,VIIRS,n,2,302.31,2.76,D,0
24.16893,82.56041,332.53,0.42,0.37,2023-01-01,748,N,VIIRS,n,2,297.41,3.74,D,2
21.82134,83.22643,330.47,0.42,0.38,2023-01-01,748,N,VIIRS,n,2,300.76,1.6,D,0
20.96603,85.1782,330.26,0.5,0.41,2023-01-01,748,N,VIIRS,n,2,298.61,4.91,D,2
20.96543,85.17342,333.96,0.5,0.41,2023-01-01,748,N,VIIRS,n,2,296.29,8.14,D,2
19.51792,75.54907,339.67,0.43,0.46,2023-01-01,748,N,VIIRS,n,2,305.37,4.82,D,0
20.45056,80.3135,335.78,0.39,0.36,2023-01-01,748,N,VIIRS,n,2,300.88,2.6,D,0
20.43764,80.12332,330.95,0.39,0.36,2023-01-01,748,N,VIIRS,n,2,301.65,1.04,D,0
20.81247,82.54603,333.29,0.4,0.37,2023-01-01,748,N,VIIRS,n,2,301.05,1.29,D,0
21.02715,83.77734,333.0,0.43,0.38,2023-01-01,748,N,VIIRS,n,2,300.63,3.69,D,0
20.96753,82.94571,336.88,0.41,0.37,2023-01-01,748,N,VIIRS,n,2,299.79,4.54,D,0
20.86892,81.85317,331.53,0.39,0.36,2023-01-01,748,N,VIIRS,n,2,299.43,2.82,D,0
20.87224,81.85261,343.8,0.39,0.36,2023-01-01,748,N,VIIRS,n,2,301.95,2.82,D,0
20.82373,81.52757,335.32,0.38,0.36,2023-01-01,748,N,VIIRS,n,2,300.76,4.82,D,0
19.93761,76.23352,335.77,0.38,0.44,2023-01-01,748,N,VIIRS,n,2,305.94,1.96,D,0
19.34079,73.16165,343.3,0.61,0.53,2023-01-01,748,N,VIIRS,n,2,304.85,7.23,D,0
21.09823,83.35381,334.34,0.42,0.37,2023-01-01,748,N,VIIRS,n,2,300.85,2.79,D,0
19.52439,73.87984,330.71,0.54,0.51,2023-01-01,748,N,VIIRS,n,2,304.26,3.24,D,0
19.78062,75.18604,342.03,0.45,0.47,2023-01-01,748,N,VIIRS,n,2,306.66,10.08,D,0
21.1712,83.67528,332.64,0.43,0.38,2023-01-01,748,N,VIIRS,n,2,299.58,3.37,D,0
21.17755,83.6954,335.65,0.43,0.38,2023-01-01,748,N,VIIRS,n,2,298.85,2.92,D,0
20.80038,81.0827,335.95,0.38,0.36,2023-01-01,748,N,VIIRS,n,2,300.36,2.67,D,0
20.8828,81.53642,346.92,0.38,0.36,2023-01-01,748,N,VIIRS,n,2,300.91,6.15,D,0
19.62787,74.16615,341.85,0.52,0.5,2023-01-01,748,N,VIIRS,n,2,307.01,3.04,D,0
20.92024,81.58695,330.4,0.39,0.36,2023-01-01,748,N,VIIRS,n,2,299.3,2.5,D,0
20.7732,80.60336,333.49,0.39,0.36,2023-01-01,748,N,VIIRS,n,2,298.54,2.8,D,0
19.62792,74.16938,335.9,0.52,0.5,2023-01-01,748,N,VIIRS,n,2,304.8,5.84,D,0
20.86048,81.07993,332.65,0.38,0.36,2023-01-01,748,N,VIIRS,n,2,299.12,1.7,D,0
20.6982,79.99911,331.79,0.39,0.37,2023-01-01,748,N,VIIRS,n,2,301.79,1.56,D,0
21.29433,83.84028,331.01,0.44,0.38,2023-01-01,748,N,VIIRS,n,2,298.21,2.14,D,0
21.31004,83.9024,332.07,0.44,0.38,2023-01-01,748,N,VIIRS,n,2,299.56,4.44,D,0
21.19098,83.02283,341.12,0.41,0.37,2023-01-01,748,N,VIIRS,n,2,301.48,3.77,D,0
21.19495,83.02623,342.32,0.41,0.37,2023-01-01,748,N,VIIRS,n,2,301.02,6.6,D,0
21.19439,83.02229,351.89,0.41,0.37,2023-01-01,748,N,VIIRS,n,2,304.43,8.46,D,0
20.94541,81.30312,334.09,0.38,0.36,2023-01-01,748,N,VIIRS,n,2,301.0,2.1,D,0
21.07595,82.15498,343.87,0.39,0.36,2023-01-01,748,N,VIIRS,n,2,303.38,3.38,D,0
20.94927,81.30623,330.78,0.38,0.36,2023-01-01,748,N,VIIRS,n,2,300.05,2.39,D,0
20.94872,81.30256,336.91,0.38,0.36,2023-01-01,748,N,VIIRS,n,2,301.01,3.82,D,0
21.32072,83.84904,337.75,0.44,0.38,2023-01-01,748,N,VIIRS,n,2,300.26,3.8,D,0
20.91561,81.06284,332.16,0.38,0.36,2023-01-01,748,N,VIIRS,n,2,300.42,2.21,D,0
21.18345,82.84803,334.93,0.4,0.37,2023-01-01,748,N,VIIRS,n,2,303.29,2.57,D,0
20.10776,76.18748,340.47,0.38,0.44,2023-01-01,748,N,VIIRS,n,2,301.94,3.74,D,0
21.33242,83.88171,332.24,0.44,0.38,2023-01-01,748,N,VIIRS,n,2,299.77,3.5,D,0
21.31565,83.70893,331.92,0.43,0.38,2023-01-01,748,N,VIIRS,n,2,298.76,1.78,D,0
21.02973,81.70837,351.0,0.39,0.36,2023-01-01,748,N,VIIRS,n,2,305.83,11.16,D,0
20.10923,76.18683,330.92,0.38,0.43,2023-01-01,748,N,VIIRS,n,2,300.46,1.92,D,0
21.32851,83.74585,331.3,0.43,0.38,2023-01-01,748,N,VIIRS,n,2,299.11,1.59,D,0
21.15193,82.45181,335.33,0.4,0.37,2023-01-01,748,N,VIIRS,n,2,300.24,4.99,D,0
21.0683,81.85393,336.16,0.39,0.36,2023-01-01,748,N,VIIRS,n,2,302.78,2.32,D,0
21.00487,81.40602,331.68,0.38,0.36,2023-01-01,748,N,VIIRS,n,2,300.61,1.9,D,0
21.0634,81.77483,336.95,0.39,0.36,2023-01-01,748,N,VIIRS,n,2,301.97,4.03,D,0
20.93635,80.91167,332.81,0.38,0.36,2023-01-01,748,N,VIIRS,n,2,298.54,2.59,D,0
21.05188,81.60604,330.22,0.39,0.36,2023-01-01,748,N,VIIRS,n,2,299.72,1.75,D,0
21.10426,81.88985,337.73,0.39,0.36,2023-01-01,748,N,VIIRS,n,2,305.04,3.67,D,0
21.0861,81.76721,333.92,0.39,0.36,2023-01-01,748,N,VIIRS,n,2,303.34,3.5,D,0
21.08554,81.7635,330.42,0.39,0.36,2023-01-01,748,N,VIIRS,n,2,304.0,2.04,D,0
21.06016,81.59326,333.51,0.39,0.36,2023-01-01,748,N,VIIRS,n,2,301.14,1.99,D,0
21.03297,81.3672,335.28,0.38,0.36,2023-01-01,748,N,VIIRS,n,2,300.72,2.76,D,0
21.28911,83.10024,334.11,0.41,0.37,2023-01-01,748,N,VIIRS,n,2,302.17,3.98,D,0
21.25364,82.82492,332.58,0.4,0.37,2023-01-01,748,N,VIIRS,n,2,300.89,2.98,D,0
21.25315,82.79716,335.13,0.4,0.37,2023-01-01,748,N,VIIRS,n,2,301.27,3.08,D,0
21.20078,82.38538,332.85,0.39,0.37,2023-01-01,748,N,VIIRS,n,2,301.29,1.78,D,0
21.19642,82.33176,345.98,0.39,0.36,2023-01-01,748,N,VIIRS,n,2,302.24,4.31,D,0
21.04388,81.28218,331.21,0.38,0.36,2023-01-01,748,N,VIIRS,n,2,300.65,1.67,D,0
19.59712,73.05317,333.47,0.61,0.54,2023-01-01,748,N,VIIRS,n,2,303.15,2.3,D,0
21.04719,81.28161,333.59,0.38,0.36,2023-01-01,748,N,VIIRS,n,2,301.11,2.25,D,0
21.10659,81.65363,337.28,0.39,0.36,2023-01-01,748,N,VIIRS,n,2,302.91,2.49,D,0
21.11046,81.65677,333.75,0.39,0.36,2023-01-01,748,N,VIIRS,n,2,301.37,3.26,D,0
21.47354,84.14938,332.1,0.45,0.39,2023-01-01,748,N,VIIRS,n,2,298.0,2.85,D,0
21.08825,81.46352,341.43,0.38,0.36,2023-01-01,748,N,VIIRS,n,2,301.08,5.78,D,0
21.08769,81.45984,344.2,0.38,0.36,2023-01-01,748,N,VIIRS,n,2,303.43,6.9,D,0
21.09156,81.46296,345.57,0.38,0.36,2023-01-01,748,N,VIIRS,n,2,302.66,5.78,D,0
21.23487,82.40704,341.04,0.4,0.37,2023-01-01,748,N,VIIRS,n,2,300.2,4.47,D,0
21.42155,83.69312,346.34,0.43,0.38,2023-01-01,748,N,VIIRS,n,2,301.52,20.04,D,0
21.42097,83.68895,336.39,0.43,0.38,2023-01-01,748,N,VIIRS,n,2,304.0,20.47,D,0
21.41783,83.68992,335.79,0.43,0.38,2023-01-01,748,N,VIIRS,n,2,300.56,14.24,D,0
21.09133,81.39839,332.3,0.38,0.36,2023-01-01,748,N,VIIRS,n,2,300.24,1.93,D,0
21.09077,81.3947,330.46,0.38,0.36,2023-01-01,748,N,VIIRS,n,2,301.6,1.93,D,0
21.42189,83.69353,335.38,0.43,0.38,2023-01-01,748,N,VIIRS,n,2,300.0,10.58,D,0
21.42133,83.68937,340.0,0.43,0.38,2023-01-01,748,N,VIIRS,n,2,301.7,14.24,D,0
21.43003,83.70078,339.45,0.43,0.38,2023-01-01,748,N,VIIRS,n,2,301.52,9.79,D,0
21.10508,81.35442,333.92,0.38,0.36,2023-01-01,748,N,VIIRS,n,2,303.37,2.74,D,0
21.10452,81.35074,331.59,0.38,0.36,2023-01-01,748,N,VIIRS,n,2,302.4,2.65,D,0
21.35861,83.07712,334.76,0.41,0.37,2023-01-01,748,N,VIIRS,n,2,300.37,2.11,D,0
21.14274,81.53716,341.43,0.39,0.36,2023-01-01,748,N,VIIRS,n,2,302.38,8.24,D,0
21.12279,81.40426,337.76,0.38,0.36,2023-01-01,748,N,VIIRS,n,2,301.5,4.42,D,0
21.35346,82.94073,348.18,0.41,0.37,2023-01-01,748,N,VIIRS,n,2,302.54,5.45,D,0
21.17037,81.67664,331.52,0.39,0.36,2023-01-01,748,N,VIIRS,n,2,302.36,2.27,D,0
21.35687,82.94018,340.07,0.41,0.37,2023-01-01,748,N,VIIRS,n,2,299.87,7.72,D,0
21.17369,81.67608,332.6,0.39,0.36,2023-01-01,748,N,VIIRS,n,2,303.19,3.31,D,0
21.26606,81.90821,339.6,0.39,0.36,2023-01-01,748,N,VIIRS,n,2,302.99,3.29,D,0
21.26551,81.90448,332.17,0.39,0.36,2023-01-01,748,N,VIIRS,l,2,302.34,3.29,D,0
21.26939,81.90765,333.35,0.39,0.36,2023-01-01,748,N,VIIRS,n,2,301.54,2.51,D,0
21.03557,80.35046,332.19,0.39,0.36,2023-01-01,748,N,VIIRS,n,2,299.62,2.17,D,0
21.27636,81.91404,335.48,0.39,0.36,2023-01-01,748,N,VIIRS,n,2,301.35,3.07,D,0
21.52212,83.53046,331.32,0.43,0.38,2023-01-01,748,N,VIIRS,n,2,299.24,3.72,D,0
20.73085,78.31434,333.25,0.44,0.39,2023-01-01,748,N,VIIRS,n,2,301.74,2.55,D,0
21.9609,86.79162,350.29,0.42,0.45,2023-01-01,748,N,VIIRS,n,2,294.07,9.5,D,0
21.96042,86.78756,341.2,0.42,0.45,2023-01-01,748,N,VIIRS,n,2,292.66,9.5,D,0
21.5298,83.35381,337.66,0.42,0.38,2023-01-01,748,N,VIIRS,n,2,300.36,4.18,D,0
21.51521,83.24866,339.73,0.42,0.37,2023-01-01,748,N,VIIRS,n,2,301.9,6.51,D,0
21.31362,81.81989,341.21,0.39,0.36,2023-01-01,748,N,VIIRS,n,2,303.67,6.51,D,0
20.96211,79.53136,331.55,0.4,0.37,2023-01-01,748,N,VIIRS,n,2,300.13,2.47,D,0
21.37543,82.14729,340.65,0.39,0.36,2023-01-01,748,N,VIIRS,n,2,314.28,33.14,D,0
21.37877,82.14673,352.88,0.39,0.36,2023-01-01,748,N,VIIRS,n,2,302.26,7.96,D,0
21.38322,82.15372,336.03,0.39,0.36,2023-01-01,748,N,VIIRS,n,2,305.84,11.04,D,0
21.38267,82.14994,334.65,0.39,0.36,2023-01-01,748,N,VIIRS,n,2,302.8,7.96,D,0
21.37288,81.92081,336.08,0.39,0.36,2023-01-01,748,N,VIIRS,n,2,302.46,4.29,D,0
21.70889,84.23334,331.54,0.46,0.39,2023-01-01,748,N,VIIRS,n,2,298.54,2.93,D,0
21.56006,83.07455,332.27,0.41,0.37,2023-01-01,748,N,VIIRS,n,2,301.44,2.51,D,0
21.44217,82.21785,345.49,0.39,0.36,2023-01-01,748,N,VIIRS,n,2,303.75,5.31,D,0
21.44552,82.21729,338.73,0.39,0.36,2023-01-01,748,N,VIIRS,n,2,301.16,5.31,D,0
21.62943,83.5022,332.11,0.43,0.38,2023-01-01,748,N,VIIRS,n,2,298.69,3.66,D,0
21.56854,82.95969,336.93,0.41,0.37,2023-01-01,748,N,VIIRS,n,2,299.79,4.45,D,0
21.38308,81.65215,331.72,0.39,0.36,2023-01-01,748,N,VIIRS,l,2,302.46,2.34,D,0
20.54455,76.53812,331.22,0.54,0.42,2023-01-01,748,N,VIIRS,n,2,304.84,2.6,D,0
21.41566,81.80299,336.74,0.39,0.36,2023-01-01,748,N,VIIRS,n,2,302.18,3.7,D,0
21.41954,81.80615,336.89,0.39,0.36,2023-01-01,748,N,VIIRS,n,2,302.5,3.7,D,0
21.4201,81.78696,334.61,0.39,0.36,2023-01-01,748,N,VIIRS,n,2,301.57,2.68,D,0
21.41072,81.72367,332.96,0.39,0.36,2023-01-01,748,N,VIIRS,n,2,301.8,2.79,D,0
21.09059,79.63494,332.81,0.4,0.37,2023-01-01,748,N,VIIRS,n,2,299.85,1.08,D,0
21.4041,81.63335,330.07,0.39,0.36,2023-01-01,748,N,VIIRS,n,2,300.3,1.42,D,0
21.59488,82.89897,335.85,0.41,0.37,2023-01-01,748,N,VIIRS,n,2,302.08,4.52,D,0
21.76863,84.05013,333.43,0.45,0.39,2023-01-01,748,N,VIIRS,n,2,298.86,3.38,D,0
21.45557,81.75043,346.63,0.39,0.36,2023-01-01,748,N,VIIRS,n,2,302.99,5.44,D,0
21.45501,81.7467,334.9,0.39,0.36,2023-01-01,748,N,VIIRS,n,2,301.67,2.28,D,0
21.52145,82.17368,337.31,0.39,0.36,2023-01-01,748,N,VIIRS,n,2,302.9,5.34,D,0
21.5248,82.17313,332.99,0.39,0.36,2023-01-01,748,N,VIIRS,n,2,302.8,3.86,D,0
21.65026,82.97111,336.27,0.41,0.37,2023-01-01,748,N,VIIRS,n,2,301.91,3.33,D,0
21.52372,82.05724,340.01,0.39,0.36,2023-01-01,748,N,VIIRS,n,2,302.07,2.49,D,0
21.66947,83.00861,344.08,0.41,0.37,2023-01-01,748,N,VIIRS,n,2,302.02,6.03,D,0
21.64411,82.65527,335.31,0.4,0.37,2023-01-01,748,N,VIIRS,n,2,302.41,2.26,D,0
21.64356,82.6514,330.26,0.4,0.37,2023-01-01,748,N,VIIRS,n,2,302.89,2.26,D,0
21.6475,82.65472,340.04,0.4,0.37,2023-01-01,748,N,VIIRS,n,2,303.0,4.54,D,0
21.64474,82.63531,333.27,0.4,0.37,2023-01-01,748,N,VIIRS,n,2,301.97,9.26,D,0
21.65089,82.65417,335.3,0.4,0.37,2023-01-01,748,N,VIIRS,n,2,301.62,4.54,D,0
21.65034,82.65029,355.35,0.4,0.37,2023-01-01,748,N,VIIRS,n,2,304.47,4.54,D,0
21.64978,82.64641,336.0,0.4,0.37,2023-01-01,748,N,VIIRS,n,2,302.47,2.39,D,0
21.64812,82.63477,334.19,0.4,0.37,2023-01-01,748,N,VIIRS,n,2,303.76,9.26,D,0
21.64757,82.63089,353.4,0.4,0.37,2023-01-01,748,N,VIIRS,n,2,304.53,7.2,D,0
21.64702,82.62701,332.73,0.4,0.37,2023-01-01,748,N,VIIRS,n,2,301.87,7.2,D,0
21.52358,81.75401,333.07,0.39,0.36,2023-01-01,748,N,VIIRS,n,2,300.74,1.72,D,0
21.30061,80.24944,333.77,0.39,0.36,2023-01-01,748,N,VIIRS,n,2,301.29,2.37,D,0
21.30394,80.24883,330.15,0.39,0.36,2023-01-01,748,N,VIIRS,n,2,300.53,2.37,D,0
21.78685,83.49916,331.78,0.43,0.38,2023-01-01,748,N,VIIRS,n,2,299.72,2.33,D,0
21.53135,81.71449,333.48,0.39,0.36,2023-01-01,748,N,VIIRS,n,2,302.31,2.34,D,0
21.80615,83.43295,333.4,0.43,0.38,2023-01-01,748,N,VIIRS,n,2,300.02,2.2,D,0
21.82926,83.52213,337.41,0.43,0.38,2023-01-01,748,N,VIIRS,n,2,298.75,4.42,D,0
21.77149,83.11066,339.67,0.41,0.37,2023-01-01,748,N,VIIRS,n,2,299.32,4.24,D,0
21.76583,83.07065,332.93,0.41,0.37,2023-01-01,748,N,VIIRS,n,2,300.63,3.32,D,0
21.76526,83.06665,330.98,0.41,0.37,2023-01-01,748,N,VIIRS,l,2,300.98,3.32,D,0
21.76469,83.0709,331.99,0.41,0.37,2023-01-01,748,N,VIIRS,n,2,299.93,7.07,D,0
21.8298,83.52239,338.87,0.43,0.38,2023-01-01,748,N,VIIRS,n,2,299.54,4.39,D,0
21.77365,83.11043,332.44,0.42,0.37,2023-01-01,748,N,VIIRS,n,2,300.23,4.87,D,0
21.59597,81.86011,335.19,0.39,0.36,2023-01-01,748,N,VIIRS,n,2,301.52,2.44,D,0
21.30454,79.91644,333.47,0.39,0.36,2023-01-01,748,N,VIIRS,n,2,302.27,2.72,D,0
21.8414,83.52903,337.33,0.43,0.38,2023-01-01,748,N,VIIRS,n,2,299.84,5.0,D,0
21.76516,82.97304,330.93,0.41,0.37,2023-01-01,748,N,VIIRS,n,2,298.78,2.5,D,0
21.84433,83.52434,334.93,0.43,0.38,2023-01-01,748,N,VIIRS,n,2,299.02,5.24,D,0
21.81688,83.32263,333.92,0.42,0.38,2023-01-01,748,N,VIIRS,n,2,299.8,3.3,D,0
21.73659,82.74385,337.83,0.41,0.37,2023-01-01,748,N,VIIRS,n,2,303.12,4.49,D,0
21.70261,82.47941,330.94,0.4,0.37,2023-01-01,748,N,VIIRS,n,2,301.27,1.41,D,0
20.46876,75.1283,341.35,0.44,0.46,2023-01-01,748,N,VIIRS,n,2,302.65,3.69,D,0
21.74835,82.77798,339.51,0.41,0.37,2023-01-01,748,N,VIIRS,n,2,301.63,3.55,D,0
21.41065,80.50082,333.06,0.39,0.36,2023-01-01,748,N,VIIRS,n,2,300.57,3.13,D,0
21.81789,83.22697,334.56,0.42,0.38,2023-01-01,748,N,VIIRS,n,2,300.18,1.85,D,0
21.75714,82.69255,345.47,0.4,0.37,2023-01-01,748,N,VIIRS,n,2,302.25,5.81,D,0
21.77105,82.76628,338.26,0.41,0.37,2023-01-01,748,N,VIIRS,n,2,302.61,3.88,D,0
21.41121,80.35181,333.46,0.39,0.36,2023-01-01,748,N,VIIRS,n,2,301.69,2.28,D,0
21.37714,80.13538,344.05,0.39,0.36,2023-01-01,748,N,VIIRS,n,2,299.32,4.17,D,0
21.82384,82.99207,336.86,0.41,0.37,2023-01-01,748,N,VIIRS,n,2,300.33,4.01,D,0
21.84311,83.05424,351.59,0.41,0.37,2023-01-01,748,N,VIIRS,n,2,302.7,8.81,D,0
21.76994,82.53945,346.79,0.4,0.37,2023-01-01,748,N,VIIRS,n,2,302.5,5.48,D,0
21.76939,82.53558,334.86,0.4,0.37,2023-01-01,748,N,VIIRS,n,2,301.91,5.48,D,0
21.84485,83.04171,335.89,0.41,0.37,2023-01-01,748,N,VIIRS,n,2,300.91,4.14,D,0
21.77276,82.53503,330.34,0.4,0.37,2023-01-01,748,N,VIIRS,l,2,300.99,2.93,D,0
21.65319,81.69345,333.18,0.39,0.36,2023-01-01,748,N,VIIRS,n,2,301.11,2.42,D,0
21.65652,81.69288,347.82,0.39,0.36,2023-01-01,748,N,VIIRS,n,2,302.98,6.85,D,0
21.75401,82.33348,331.46,0.4,0.37,2023-01-01,748,N,VIIRS,n,2,301.06,1.76,D,0
21.80692,82.67645,334.29,0.4,0.37,2023-01-01,748,N,VIIRS,n,2,300.79,2.01,D,0
21.84228,82.8998,340.3,0.41,0.37,2023-01-01,748,N,VIIRS,n,2,301.52,5.11,D,0
21.83272,82.83265,335.47,0.41,0.37,2023-01-01,748,N,VIIRS,n,2,300.37,3.28,D,0
21.81878,82.6865,336.79,0.4,0.37,2023-01-01,748,N,VIIRS,n,2,303.46,7.78,D,0
21.78582,82.45786,332.79,0.4,0.37,2023-01-01,748,N,VIIRS,n,2,300.83,3.55,D,0
21.78526,82.45402,338.94,0.4,0.37,2023-01-01,748,N,VIIRS,n,2,300.36,3.55,D,0
21.76579,82.31979,336.2,0.4,0.37,2023-01-01,748,N,VIIRS,n,2,300.65,1.71,D,0
21.81928,82.68655,342.17,0.4,0.37,2023-01-01,748,N,VIIRS,n,2,303.33,10.25,D,0
21.78698,82.45772,332.91,0.4,0.37,2023-01-01,748,N,VIIRS,n,2,300.66,5.45,D,0
21.78643,82.45387,345.67,0.4,0.37,2023-01-01,748,N,VIIRS,n,2,302.07,5.45,D,0
21.76839,82.32718,335.09,0.4,0.37,2023-01-01,748,N,VIIRS,n,2,304.36,3.76,D,0
21.76784,82.32336,338.46,0.4,0.37,2023-01-01,748,N,VIIRS,n,2,304.84,3.76,D,0
21.76729,82.31953,346.03,0.4,0.37,2023-01-01,748,N,VIIRS,n,2,304.9,13.19,D,0
21.90266,83.2638,331.72,0.42,0.38,2023-01-01,748,N,VIIRS,n,2,301.01,1.78,D,0
21.81226,82.61196,343.72,0.4,0.37,2023-01-01,748,N,VIIRS,n,2,304.09,5.33,D,0
21.7712,82.32279,331.93,0.4,0.37,2023-01-01,748,N,VIIRS,n,2,301.87,3.76,D,0
21.905,83.25511,347.07,0.42,0.38,2023-01-01,748,N,VIIRS,n,2,302.83,5.13,D,0
21.81729,82.62308,344.87,0.4,0.37,2023-01-01,748,N,VIIRS,n,2,300.81,5.63,D,0
21.81565,82.61141,343.53,0.4,0.37,2023-01-01,748,N,VIIRS,n,2,301.75,3.97,D,0
21.70553,81.84538,347.08,0.39,0.36,2023-01-01,748,N,VIIRS,n,2,302.15,4.54,D,0
21.87354,83.00069,367.0,0.41,0.37,2023-01-01,748,N,VIIRS,h,2,303.26,14.42,D,0
21.92239,83.35663,333.63,0.42,0.38,2023-01-01,748,N,VIIRS,n,2,299.91,2.69,D,0
21.92183,83.35253,332.22,0.42,0.38,2023-01-01,748,N,VIIRS,n,2,303.54,3.85,D,2
21.92127,83.34842,337.96,0.42,0.38,2023-01-01,748,N,VIIRS,n,2,303.94,3.85,D,2
21.82068,82.62252,342.28,0.4,0.37,2023-01-01,748,N,VIIRS,n,2,299.96,5.63,D,0
21.87696,83.00014,332.6,0.41,0.37,2023-01-01,748,N,VIIRS,n,2,299.58,2.89,D,0
21.82911,82.63309,332.8,0.4,0.37,2023-01-01,748,N,VIIRS,n,2,302.72,0.89,D,0
21.86686,82.82732,341.99,0.41,0.37,2023-01-01,748,N,VIIRS,n,2,301.19,3.06,D,0
21.82944,82.53771,332.64,0.4,0.37,2023-01-01,748,N,VIIRS,n,2,300.96,3.14,D,0
21.80421,82.33694,352.98,0.4,0.37,2023-01-01,748,N,VIIRS,n,2,302.9,4.55,D,0
21.80757,82.3364,330.14,0.4,0.37,2023-01-01,748,N,VIIRS,l,2,300.82,4.55,D,0
21.92504,83.1442,338.52,0.42,0.37,2023-01-01,748,N,VIIRS,n,2,300.31,4.17,D,0
21.86286,82.67548,332.3,0.4,0.37,2023-01-01,748,N,VIIRS,n,2,301.54,1.21,D,0
21.88898,82.83585,345.87,0.41,0.37,2023-01-01,748,N,VIIRS,n,2,303.16,5.91,D,0
21.85684,82.60864,335.74,0.4,0.37,2023-01-01,748,N,VIIRS,n,2,300.9,4.86,D,0
21.85629,82.60476,331.67,0.4,0.37,2023-01-01,748,N,VIIRS,n,2,299.92,4.38,D,0
21.87297,82.69784,339.39,0.4,0.37,2023-01-01,748,N,VIIRS,n,2,301.93,3.57,D,0
21.87242,82.69392,330.96,0.4,0.37,2023-01-01,748,N,VIIRS,l,2,301.53,3.57,D,0
21.86023,82.60809,340.5,0.4,0.37,2023-01-01,748,N,VIIRS,n,2,301.16,4.86,D,0
21.85968,82.6042,353.18,0.4,0.37,2023-01-01,748,N,VIIRS,n,2,301.83,4.38,D,0
21.86362,82.60753,344.2,0.4,0.37,2023-01-01,748,N,VIIRS,n,2,301.75,4.46,D,0
21.87366,82.65374,330.87,0.4,0.37,2023-01-01,748,N,VIIRS,n,2,302.4,1.58,D,0
21.9598,83.24221,347.0,0.42,0.38,2023-01-01,748,N,VIIRS,n,2,303.96,11.53,D,0
21.8889,82.66324,333.76,0.4,0.37,2023-01-01,748,N,VIIRS,n,2,301.95,2.52,D,0
22.06501,83.90562,345.29,0.45,0.39,2023-01-01,748,N,VIIRS,n,2,299.84,3.38,D,0
22.0423,83.73845,334.09,0.44,0.38,2023-01-01,748,N,VIIRS,l,2,307.22,3.98,D,2
21.85177,82.38015,341.64,0.4,0.37,2023-01-01,748,N,VIIRS,n,2,303.57,9.16,D,0
22.06857,83.90508,328.32,0.45,0.39,2023-01-01,748,N,VIIRS,n,2,300.74,3.38,D,0
21.91856,82.823,330.7,0.41,0.37,2023-01-01,748,N,VIIRS,n,2,301.9,1.5,D,0
21.57334,80.49838,332.02,0.39,0.36,2023-01-01,748,N,VIIRS,n,2,300.01,1.79,D,0
20.68077,75.2796,330.65,0.42,0.46,2023-01-01,748,N,VIIRS,n,2,302.6,1.95,D,0
21.92197,82.82245,333.71,0.41,0.37,2023-01-01,748,N,VIIRS,n,2,300.59,2.22,D,0
21.85192,82.28596,339.6,0.4,0.37,2023-01-01,748,N,VIIRS,n,2,303.59,5.89,D,0
21.85136,82.28214,345.17,0.4,0.37,2023-01-01,748,N,VIIRS,n,2,301.39,9.09,D,0
22.21134,84.86606,335.16,0.49,0.41,2023-01-01,748,N,VIIRS,n,2,297.4,4.89,D,2
21.86638,82.36202,346.08,0.4,0.37,2023-01-01,748,N,VIIRS,n,2,304.51,9.61,D,0
21.91417,69.42765,328.38,0.46,0.64,2023-01-01,749,N,VIIRS,n,2,297.91,3.24,D,0
24.53451,83.88712,329.12,0.47,0.4,2023-01-01,749,N,VIIRS,n,2,297.49,2.78,D,0
24.53391,83.88248,331.36,0.47,0.4,2023-01-01,749,N,VIIRS,n,2,296.92,2.78,D,0
22.35272,70.66125,342.34,0.38,0.59,2023-01-01,749,N,VIIRS,n,2,298.53,3.82,D,0
22.80951,72.63422,334.73,0.56,0.52,2023-01-01,749,N,VIIRS,n,2,300.08,2.97,D,0
26.00522,90.43747,334.45,0.39,0.6,2023-01-01,749,N,VIIRS,n,2,292.48,2.12,D,0
26.00937,90.43611,334.33,0.39,0.6,2023-01-01,749,N,VIIRS,n,2,291.53,2.28,D,0
22.89645,69.91014,333.11,0.41,0.61,2023-01-01,749,N,VIIRS,n,2,302.0,2.49,D,0
22.9313,69.69927,349.72,0.43,0.62,2023-01-01,749,N,VIIRS,n,2,300.88,4.14,D,2
22.93403,69.69891,348.24,0.42,0.61,2023-01-01,749,N,VIIRS,n,2,301.49,4.31,D,2
23.04464,70.08075,334.36,0.4,0.6,2023-01-01,749,N,VIIRS,n,2,301.47,3.3,D,0
26.85874,83.93507,331.22,0.5,0.41,2023-01-01,749,N,VIIRS,n,2,292.1,4.04,D,0
28.28728,77.8718,326.41,0.4,0.37,2023-01-01,750,N,VIIRS,n,2,293.34,3.94,D,0
28.72162,77.61562,325.91,0.4,0.37,2023-01-01,750,N,VIIRS,n,2,291.8,1.95,D,0
28.80575,77.42523,337.46,0.4,0.37,2023-01-01,750,N,VIIRS,n,2,293.98,2.96,D,0
29.05814,77.2118,332.37,0.41,0.37,2023-01-01,750,N,VIIRS,n,2,297.89,10.73,D,0
29.00583,76.47443,331.89,0.43,0.38,2023-01-01,750,N,VIIRS,n,2,292.71,2.91,D,0
29.20479,77.18916,333.16,0.4,0.37,2023-01-01,750,N,VIIRS,n,2,285.43,3.15,D,0
29.22663,76.68945,333.42,0.42,0.37,2023-01-01,750,N,VIIRS,n,2,292.3,6.24,D,0
29.34582,76.55005,325.69,0.42,0.38,2023-01-01,750,N,VIIRS,n,2,292.48,1.93,D,0
34.11665,73.90115,328.79,0.46,0.39,2023-01-01,752,N,VIIRS,n,2,286.42,2.42,D,0
27.32084,95.26573,297.97,0.5,0.66,2023-01-01,1834,N,VIIRS,n,2,281.18,2.77,N,0
27.32059,95.26699,295.17,0.5,0.66,2023-01-01,1834,N,VIIRS,n,2,281.39,1.71,N,0
26.06237,93.92709,295.75,0.58,0.7,2023-01-01,1834,N,VIIRS,n,2,282.55,0.7,N,0
31.08567,77.8079,310.17,0.56,0.43,2023-01-01,2014,N,VIIRS,n,2,276.5,3.02,N,0
27.46248,95.47655,303.11,0.54,0.68,2023-01-01,2014,N,VIIRS,n,2,280.78,0.69,N,2
30.47758,79.40485,304.26,0.46,0.39,2023-01-01,2014,N,VIIRS,n,2,274.73,0.71,N,0
27.31659,95.26549,318.97,0.53,0.67,2023-01-01,2014,N,VIIRS,n,2,281.61,1.49,N,0
29.91276,74.94652,350.6,0.52,0.5,2023-01-01,2015,N,VIIRS,n,2,285.74,40.19,N,2
29.91223,74.952,312.5,0.52,0.5,2023-01-01,2015,N,VIIRS,n,2,283.14,4.69,N,2
29.90813,74.94591,335.74,0.52,0.5,2023-01-01,2015,N,VIIRS,n,2,283.85,40.19,N,2
29.9076,74.95139,319.6,0.52,0.5,2023-01-01,2015,N,VIIRS,n,2,282.55,4.69,N,2
26.27176,74.18943,298.13,0.53,0.5,2023-01-01,2016,N,VIIRS,n,2,286.23,0.84,N,2
23.80193,87.04511,307.98,0.4,0.45,2023-01-01,2016,N,VIIRS,n,2,289.41,2.49,N,2
23.80115,87.0491,317.74,0.4,0.45,2023-01-01,2016,N,VIIRS,n,2,292.9,3.32,N,2
23.7971,87.04814,298.83,0.4,0.45,2023-01-01,2016,N,VIIRS,n,2,286.31,1.02,N,2
23.69481,87.12531,297.61,0.41,0.45,2023-01-01,2016,N,VIIRS,n,2,286.61,0.56,N,2
23.6946,87.10442,302.47,0.41,0.45,2023-01-01,2016,N,VIIRS,n,2,287.0,1.18,N,2
23.69305,87.11241,301.61,0.41,0.45,2023-01-01,2016,N,VIIRS,n,2,287.17,2.13,N,2
23.69227,87.11641,303.87,0.41,0.45,2023-01-01,2016,N,VIIRS,n,2,287.28,0.96,N,2
23.6915,87.12042,303.55,0.41,0.45,2023-01-01,2016,N,VIIRS,n,2,288.4,0.96,N,2
23.69072,87.1244,296.59,0.41,0.45,2023-01-01,2016,N,VIIRS,n,2,286.03,1.25,N,2
23.6913,87.09948,304.54,0.41,0.45,2023-01-01,2016,N,VIIRS,n,2,287.82,1.18,N,2
23.68741,87.11948,299.88,0.41,0.45,2023-01-01,2016,N,VIIRS,n,2,286.22,0.96,N,2
23.73413,86.74826,297.35,0.39,0.44,2023-01-01,2016,N,VIIRS,n,2,286.6,0.46,N,0
23.80873,86.31766,305.63,0.55,0.43,2023-01-01,2016,N,VIIRS,n,2,291.41,1.94,N,2
23.80669,86.32833,311.99,0.55,0.43,2023-01-01,2016,N,VIIRS,n,2,289.01,2.4,N,2
23.80382,86.32213,299.81,0.55,0.43,2023-01-01,2016,N,VIIRS,n,2,289.32,2.2,N,2
23.8028,86.32746,319.55,0.55,0.43,2023-01-01,2016,N,VIIRS,n,2,290.67,2.2,N,2
23.79373,86.35356,337.34,0.56,0.43,2023-01-01,2016,N,VIIRS,n,2,291.35,5.33,N,2
23.79476,86.3482,303.7,0.55,0.43,2023-01-01,2016,N,VIIRS,n,2,288.89,3.95,N,2
23.78983,86.35269,304.13,0.56,0.43,2023-01-01,2016,N,VIIRS,n,2,287.29,1.42,N,2
23.78257,86.39049,304.73,0.56,0.43,2023-01-01,2016,N,VIIRS,n,2,288.33,1.31,N,2
23.78152,86.39595,302.58,0.56,0.43,2023-01-01,2016,N,VIIRS,n,2,287.29,1.26,N,2
23.78178,86.37341,310.24,0.56,0.43,2023-01-01,2016,N,VIIRS,n,2,287.38,1.77,N,2
23.77866,86.38961,300.86,0.56,0.43,2023-01-01,2016,N,VIIRS,n,2,288.07,1.31,N,2
23.77761,86.39508,305.6,0.56,0.43,2023-01-01,2016,N,VIIRS,n,2,289.48,1.26,N,2
23.78514,86.33482,316.05,0.55,0.43,2023-01-01,2016,N,VIIRS,n,2,291.36,2.87,N,2
23.78306,86.3456,305.87,0.55,0.43,2023-01-01,2016,N,VIIRS,n,2,288.09,1.81,N,2
23.77787,86.37255,302.8,0.56,0.43,2023-01-01,2016,N,VIIRS,n,2,287.07,1.29,N,2
23.77475,86.38876,308.96,0.56,0.43,2023-01-01,2016,N,VIIRS,n,2,289.69,1.83,N,2
23.77369,86.39423,299.01,0.56,0.43,2023-01-01,2016,N,VIIRS,n,2,288.94,1.57,N,2
23.78642,86.30708,302.89,0.55,0.43,2023-01-01,2016,N,VIIRS,n,2,287.68,1.95,N,2
23.77916,86.34473,305.6,0.55,0.43,2023-01-01,2016,N,VIIRS,n,2,288.42,1.81,N,2
23.77501,86.36627,298.05,0.56,0.43,2023-01-01,2016,N,VIIRS,n,2,287.56,1.31,N,2
23.77083,86.38792,299.3,0.56,0.43,2023-01-01,2016,N,VIIRS,n,2,289.19,1.83,N,2
23.76978,86.39337,302.69,0.56,0.43,2023-01-01,2016,N,VIIRS,n,2,289.94,1.57,N,2
23.66683,86.9212,304.95,0.4,0.44,2023-01-01,2016,N,VIIRS,n,2,285.91,0.72,N,2
23.79593,86.23662,299.24,0.55,0.42,2023-01-01,2016,N,VIIRS,n,2,286.39,1.8,N,2
23.76587,86.3925,311.71,0.56,0.43,2023-01-01,2016,N,VIIRS,n,2,291.99,2.0,N,2
23.76406,86.38079,299.14,0.56,0.43,2023-01-01,2016,N,VIIRS,n,2,288.47,2.43,N,0
23.76196,86.39164,302.78,0.56,0.43,2023-01-01,2016,N,VIIRS,n,2,288.7,2.0,N,2
23.76091,86.39707,301.87,0.56,0.43,2023-01-01,2016,N,VIIRS,n,2,289.73,2.0,N,2
23.75986,86.40246,317.45,0.56,0.43,2023-01-01,2016,N,VIIRS,n,2,289.22,2.79,N,2
23.75699,86.39622,300.3,0.56,0.43,2023-01-01,2016,N,VIIRS,n,2,287.81,1.44,N,2
23.75595,86.4016,300.06,0.56,0.43,2023-01-01,2016,N,VIIRS,n,2,286.91,1.4,N,2
23.74781,86.42249,302.29,0.56,0.43,2023-01-01,2016,N,VIIRS,n,2,287.83,1.53,N,2
23.78172,86.20564,311.21,0.55,0.42,2023-01-01,2016,N,VIIRS,n,2,287.86,1.56,N,2
23.7807,86.21095,298.03,0.55,0.42,2023-01-01,2016,N,VIIRS,n,2,287.53,1.56,N,2
23.77682,86.21012,309.46,0.55,0.42,2023-01-01,2016,N,VIIRS,n,2,287.74,1.5,N,2
23.77396,86.20403,301.86,0.55,0.42,2023-01-01,2016,N,VIIRS,n,2,287.7,1.5,N,2
23.77294,86.2093,301.25,0.55,0.42,2023-01-01,2016,N,VIIRS,n,2,286.47,1.5,N,2
23.7268,86.44626,300.34,0.56,0.43,2023-01-01,2016,N,VIIRS,n,2,287.27,1.83,N,2
23.7809,86.2085,317.44,0.55,0.42,2023-01-01,2016,N,VIIRS,n,2,289.72,1.67,N,2
23.77703,86.20766,299.67,0.55,0.42,2023-01-01,2016,N,VIIRS,n,2,287.68,1.67,N,2
23.77604,86.21297,307.42,0.55,0.42,2023-01-01,2016,N,VIIRS,n,2,286.84,1.67,N,2
23.77316,86.20685,303.67,0.55,0.42,2023-01-01,2016,N,VIIRS,n,2,287.24,1.82,N,2
23.7275,86.44975,300.31,0.56,0.43,2023-01-01,2016,N,VIIRS,n,2,287.83,2.35,N,2
23.77028,86.20068,297.32,0.55,0.42,2023-01-01,2016,N,VIIRS,n,2,285.8,2.07,N,2
23.71964,86.44801,308.47,0.56,0.43,2023-01-01,2016,N,VIIRS,n,2,291.91,1.78,N,2
23.71675,86.44167,302.65,0.56,0.43,2023-01-01,2016,N,VIIRS,n,2,287.79,1.78,N,2
23.56118,87.22942,301.6,0.42,0.45,2023-01-01,2016,N,VIIRS,n,2,285.7,0.83,N,2
23.55881,87.24157,312.81,0.42,0.45,2023-01-01,2016,N,VIIRS,n,2,286.25,1.45,N,2
23.55469,87.2406,299.1,0.42,0.45,2023-01-01,2016,N,VIIRS,n,2,286.58,1.45,N,2
23.54977,87.24373,298.44,0.42,0.45,2023-01-01,2016,N,VIIRS,n,2,287.05,1.13,N,3
23.56253,87.0908,300.72,0.41,0.45,2023-01-01,2016,N,VIIRS,n,2,286.04,1.0,N,2
23.68978,86.39016,307.22,0.56,0.43,2023-01-01,2016,N,VIIRS,n,2,289.59,2.47,N,2
23.61316,86.78764,303.46,0.39,0.44,2023-01-01,2016,N,VIIRS,n,2,287.63,0.79,N,2
23.61239,86.7916,298.29,0.39,0.44,2023-01-01,2016,N,VIIRS,n,2,286.37,0.79,N,2
23.68483,86.39468,322.28,0.56,0.43,2023-01-01,2016,N,VIIRS,n,2,288.01,2.47,N,2
23.68586,86.38931,314.95,0.56,0.43,2023-01-01,2016,N,VIIRS,n,2,288.27,2.47,N,2
23.51284,87.27787,298.36,0.42,0.45,2023-01-01,2016,N,VIIRS,n,2,286.89,0.57,N,2
23.68091,86.39384,310.99,0.56,0.43,2023-01-01,2016,N,VIIRS,n,2,288.09,2.89,N,2
23.67987,86.39928,301.99,0.56,0.43,2023-01-01,2016,N,VIIRS,n,2,287.53,2.73,N,2
23.66088,86.49802,299.54,0.57,0.43,2023-01-01,2016,N,VIIRS,n,2,285.9,0.86,N,0
23.66782,86.4194,297.28,0.56,0.43,2023-01-01,2016,N,VIIRS,n,2,285.65,1.3,N,0
23.82693,85.4976,297.18,0.5,0.41,2023-01-01,2016,N,VIIRS,n,2,286.15,1.2,N,2
23.82602,85.50248,304.91,0.5,0.41,2023-01-01,2016,N,VIIRS,n,2,288.04,1.2,N,2
23.8232,85.49681,297.76,0.5,0.41,2023-01-01,2016,N,VIIRS,n,2,287.35,1.2,N,2
23.70164,86.07526,299.86,0.54,0.42,2023-01-01,2016,N,VIIRS,n,2,285.28,1.18,N,2
23.78979,85.5507,297.94,0.5,0.41,2023-01-01,2016,N,VIIRS,n,2,286.06,0.98,N,0
23.70148,86.07377,303.51,0.54,0.42,2023-01-01,2016,N,VIIRS,n,2,284.65,1.18,N,2
23.78937,85.55388,301.66,0.5,0.41,2023-01-01,2016,N,VIIRS,n,2,286.34,0.82,N,0
23.6822,86.09125,298.86,0.54,0.42,2023-01-01,2016,N,VIIRS,n,2,286.37,1.57,N,2
23.68122,86.0965,312.93,0.54,0.42,2023-01-01,2016,N,VIIRS,n,2,286.49,1.57,N,2
23.67933,86.08511,297.65,0.54,0.42,2023-01-01,2016,N,VIIRS,n,2,286.92,0.88,N,2
23.6754,86.10614,296.98,0.54,0.42,2023-01-01,2016,N,VIIRS,n,2,284.25,1.25,N,2
23.67549,86.08424,299.02,0.54,0.42,2023-01-01,2016,N,VIIRS,n,2,286.31,0.88,N,2
23.54726,86.54517,300.37,0.38,0.43,2023-01-01,2016,N,VIIRS,n,2,286.1,1.35,N,2
23.805,84.84264,305.74,0.47,0.4,2023-01-01,2016,N,VIIRS,n,2,284.25,1.37,N,2
24.16887,82.56119,308.41,0.39,0.36,2023-01-01,2016,N,VIIRS,n,2,284.62,1.19,N,2
23.74098,85.01024,309.39,0.48,0.4,2023-01-01,2016,N,VIIRS,n,2,288.11,1.87,N,2
24.13922,82.69862,302.15,0.4,0.37,2023-01-01,2016,N,VIIRS,n,2,284.05,0.69,N,0
23.73735,85.00945,310.46,0.48,0.4,2023-01-01,2016,N,VIIRS,n,2,287.54,2.45,N,2
24.13588,82.698,295.91,0.4,0.37,2023-01-01,2016,N,VIIRS,n,2,283.5,0.69,N,0
23.73116,85.02269,305.5,0.48,0.4,2023-01-01,2016,N,VIIRS,n,2,285.46,1.47,N,2
24.71447,75.95191,298.59,0.4,0.44,2023-01-01,2016,N,VIIRS,n,2,284.85,0.63,N,2
24.76519,74.60516,296.76,0.48,0.48,2023-01-01,2016,N,VIIRS,n,2,284.93,2.61,N,2
24.76203,74.60817,305.6,0.48,0.48,2023-01-01,2016,N,VIIRS,n,2,285.73,1.74,N,2
24.66045,74.6329,305.36,0.47,0.48,2023-01-01,2016,N,VIIRS,n,2,286.95,1.84,N,2
24.66148,74.63099,305.21,0.47,0.48,2023-01-01,2016,N,VIIRS,n,2,286.69,2.13,N,2
24.66094,74.63568,296.32,0.47,0.48,2023-01-01,2016,N,VIIRS,n,2,284.69,1.08,N,2
24.64181,74.6855,296.07,0.47,0.48,2023-01-01,2016,N,VIIRS,n,2,283.11,1.17,N,0
24.57943,74.80416,296.27,0.46,0.47,2023-01-01,2016,N,VIIRS,n,2,284.9,0.68,N,2
22.35882,87.29119,298.8,0.44,0.46,2023-01-01,2016,N,VIIRS,n,2,288.63,1.24,N,2
22.36444,87.01642,300.69,0.43,0.46,2023-01-01,2016,N,VIIRS,n,2,288.06,1.0,N,2
23.16915,82.34163,315.93,0.39,0.36,2023-01-01,2016,N,VIIRS,n,2,287.48,1.26,N,2
23.16851,82.34545,305.65,0.39,0.36,2023-01-01,2016,N,VIIRS,n,2,284.69,1.26,N,2
23.16645,82.33717,305.46,0.39,0.36,2023-01-01,2016,N,VIIRS,n,2,285.03,0.97,N,2
23.16581,82.341,314.68,0.39,0.36,2023-01-01,2016,N,VIIRS,n,2,285.93,1.48,N,2
22.06624,88.12399,297.41,0.5,0.49,2023-01-01,2016,N,VIIRS,n,2,285.84,0.81,N,2
22.0573,88.12183,303.55,0.5,0.49,2023-01-01,2016,N,VIIRS,n,2,287.94,1.88,N,2
22.05184,88.12566,299.18,0.5,0.49,2023-01-01,2016,N,VIIRS,n,2,288.35,1.44,N,2
22.21448,84.86842,325.29,0.49,0.4,2023-01-01,2016,N,VIIRS,n,2,289.27,2.1,N,2
22.21165,84.86291,304.14,0.49,0.4,2023-01-01,2016,N,VIIRS,n,2,290.31,1.6,N,2
22.21079,84.86763,298.52,0.49,0.4,2023-01-01,2016,N,VIIRS,n,2,288.15,2.1,N,2
22.21056,84.84798,300.4,0.49,0.4,2023-01-01,2016,N,VIIRS,n,2,288.33,1.18,N,2
22.20796,84.86212,300.14,0.49,0.4,2023-01-01,2016,N,VIIRS,n,2,289.43,1.03,N,2
22.08369,84.86352,298.15,0.49,0.4,2023-01-01,2016,N,VIIRS,n,2,287.57,0.39,N,0
22.3353,82.64848,302.65,0.4,0.37,2023-01-01,2016,N,VIIRS,n,2,287.86,1.04,N,2
22.3162,82.74165,310.87,0.41,0.37,2023-01-01,2016,N,VIIRS,n,2,287.69,0.94,N,0
22.33233,82.60374,300.11,0.4,0.37,2023-01-01,2016,N,VIIRS,n,2,289.63,0.64,N,2
22.33168,82.60761,303.05,0.4,0.37,2023-01-01,2016,N,VIIRS,n,2,287.97,0.72,N,2
22.32321,82.65824,304.38,0.4,0.37,2023-01-01,2016,N,VIIRS,n,2,288.1,1.03,N,0
22.32255,82.66214,307.67,0.4,0.37,2023-01-01,2016,N,VIIRS,n,2,288.43,1.01,N,2
22.32352,82.59397,307.98,0.4,0.37,2023-01-01,2016,N,VIIRS,n,2,289.22,0.76,N,0
22.33053,82.53126,300.1,0.4,0.37,2023-01-01,2016,N,VIIRS,n,2,289.29,0.49,N,2
22.3208,82.58942,301.45,0.4,0.37,2023-01-01,2016,N,VIIRS,n,2,288.11,0.76,N,0
22.32251,82.53769,306.15,0.4,0.37,2023-01-01,2016,N,VIIRS,n,2,288.78,0.87,N,2
22.10734,83.52467,296.73,0.43,0.38,2023-01-01,2016,N,VIIRS,n,2,286.63,0.45,N,0
22.10386,83.52396,300.91,0.43,0.38,2023-01-01,2016,N,VIIRS,n,2,286.88,0.45,N,0
22.05784,83.72292,302.91,0.44,0.38,2023-01-01,2016,N,VIIRS,n,2,289.15,1.57,N,2
22.05763,83.72453,306.55,0.44,0.38,2023-01-01,2016,N,VIIRS,n,2,289.1,1.66,N,2
22.04065,83.73864,317.08,0.44,0.38,2023-01-01,2016,N,VIIRS,n,2,289.92,2.73,N,2
22.03215,83.74567,300.72,0.44,0.38,2023-01-01,2016,N,VIIRS,n,2,289.91,0.86,N,2
22.02493,83.76623,309.01,0.44,0.38,2023-01-01,2016,N,VIIRS,n,2,289.27,1.1,N,0
22.03892,83.35442,302.79,0.43,0.38,2023-01-01,2016,N,VIIRS,n,2,287.73,0.8,N,2
22.03403,83.36198,300.18,0.43,0.38,2023-01-01,2016,N,VIIRS,n,2,287.8,1.57,N,2
22.02351,83.38116,303.24,0.43,0.38,2023-01-01,2016,N,VIIRS,n,2,288.25,0.58,N,2
22.02004,83.38046,306.73,0.43,0.38,2023-01-01,2016,N,VIIRS,n,2,288.18,0.58,N,2
21.9857,83.36669,298.57,0.43,0.38,2023-01-01,2016,N,VIIRS,n,2,288.15,0.52,N,0
21.85948,83.96606,302.81,0.45,0.39,2023-01-01,2016,N,VIIRS,n,2,288.41,0.87,N,0
21.98399,83.23115,310.37,0.42,0.38,2023-01-01,2016,N,VIIRS,n,2,291.31,1.77,N,2
21.97915,83.23859,303.89,0.42,0.38,2023-01-01,2016,N,VIIRS,n,2,290.52,1.44,N,2
21.92403,83.35022,312.04,0.43,0.38,2023-01-01,2016,N,VIIRS,n,2,292.1,2.34,N,2
21.92056,83.34953,323.81,0.43,0.38,2023-01-01,2016,N,VIIRS,n,2,296.64,3.27,N,2
21.91985,83.35365,318.27,0.43,0.38,2023-01-01,2016,N,VIIRS,n,2,294.44,2.69,N,2
21.87874,83.54683,298.51,0.43,0.38,2023-01-01,2016,N,VIIRS,n,2,287.93,0.53,N,2
21.87727,83.55518,306.99,0.44,0.38,2023-01-01,2016,N,VIIRS,n,2,287.78,1.27,N,2
21.79636,83.98926,300.53,0.45,0.39,2023-01-01,2016,N,VIIRS,n,2,288.03,0.55,N,0
21.87708,83.49479,302.65,0.43,0.38,2023-01-01,2016,N,VIIRS,n,2,288.57,0.84,N,2
21.79424,83.98995,303.83,0.45,0.39,2023-01-01,2017,N,VIIRS,n,2,288.99,1.08,N,0
21.87625,83.49538,306.29,0.43,0.38,2023-01-01,2017,N,VIIRS,n,2,289.03,1.13,N,2
21.80528,83.88441,303.32,0.45,0.39,2023-01-01,2017,N,VIIRS,n,2,290.02,0.92,N,2
22.00549,82.67149,316.02,0.41,0.37,2023-01-01,2017,N,VIIRS,n,2,290.66,1.25,N,2
21.79819,83.883,300.69,0.45,0.39,2023-01-01,2017,N,VIIRS,n,2,288.99,0.88,N,2
22.00276,82.66692,310.25,0.41,0.37,2023-01-01,2017,N,VIIRS,n,2,288.88,1.25,N,2
22.0021,82.67084,299.88,0.41,0.37,2023-01-01,2017,N,VIIRS,n,2,289.2,1.25,N,2
21.77031,84.02124,303.55,0.46,0.39,2023-01-01,2017,N,VIIRS,n,2,289.83,1.35,N,2
21.76597,84.02489,337.65,0.46,0.39,2023-01-01,2017,N,VIIRS,n,2,290.7,4.36,N,2
21.76674,84.0205,313.94,0.46,0.39,2023-01-01,2017,N,VIIRS,n,2,291.47,2.22,N,2
21.76318,84.01978,312.21,0.46,0.39,2023-01-01,2017,N,VIIRS,n,2,291.63,2.22,N,2
21.75527,84.0227,302.15,0.46,0.39,2023-01-01,2017,N,VIIRS,n,2,291.08,1.85,N,2
21.78094,83.83492,304.74,0.45,0.39,2023-01-01,2017,N,VIIRS,n,2,289.85,1.02,N,0
21.77538,83.82485,302.56,0.45,0.39,2023-01-01,2017,N,VIIRS,n,2,288.76,0.71,N,2
21.69782,84.03372,301.64,0.46,0.39,2023-01-01,2017,N,VIIRS,n,2,289.05,0.76,N,0
21.68195,84.0396,301.34,0.46,0.39,2023-01-01,2017,N,VIIRS,n,2,290.13,1.83,N,2
21.67838,84.03887,319.66,0.46,0.39,2023-01-01,2017,N,VIIRS,n,2,291.09,1.83,N,2
21.6777,84.03641,311.66,0.46,0.39,2023-01-01,2017,N,VIIRS,n,2,288.32,1.45,N,2
21.67336,84.04005,300.0,0.46,0.39,2023-01-01,2017,N,VIIRS,n,2,289.06,1.45,N,0
23.31513,70.18884,297.47,0.43,0.62,2023-01-01,2017,N,VIIRS,n,2,283.26,0.59,N,0
23.263,70.25137,301.22,0.43,0.62,2023-01-01,2017,N,VIIRS,n,2,284.26,0.98,N,2
21.7318,82.21468,302.86,0.4,0.37,2023-01-01,2017,N,VIIRS,n,2,290.09,0.51,N,2
20.83595,86.96257,326.12,0.45,0.47,2023-01-01,2017,N,VIIRS,n,2,292.94,3.4,N,0
20.82231,86.96401,300.68,0.45,0.47,2023-01-01,2017,N,VIIRS,n,2,290.06,0.52,N,0
21.67257,82.08224,305.48,0.4,0.37,2023-01-01,2017,N,VIIRS,n,2,290.81,0.8,N,2
23.17219,70.21703,296.71,0.43,0.62,2023-01-01,2017,N,VIIRS,n,2,285.6,0.46,N,2
23.11378,70.08411,305.37,0.44,0.62,2023-01-01,2017,N,VIIRS,n,2,285.33,1.75,N,2
21.57771,82.02142,300.38,0.4,0.37,2023-01-01,2017,N,VIIRS,n,2,290.15,0.77,N,2
21.54485,81.94879,304.09,0.39,0.36,2023-01-01,2017,N,VIIRS,n,2,289.36,0.44,N,2
21.57617,81.73727,298.29,0.39,0.36,2023-01-01,2017,N,VIIRS,n,2,287.41,0.37,N,0
20.97768,85.14762,310.44,0.53,0.42,2023-01-01,2017,N,VIIRS,n,2,291.26,1.56,N,2
20.97394,85.16785,306.1,0.53,0.42,2023-01-01,2017,N,VIIRS,n,2,291.36,1.66,N,2
20.97105,85.16199,307.32,0.53,0.42,2023-01-01,2017,N,VIIRS,n,2,291.9,1.86,N,2
20.97012,85.16702,307.16,0.53,0.42,2023-01-01,2017,N,VIIRS,n,2,292.15,2.13,N,2
20.96536,85.17124,327.91,0.53,0.42,2023-01-01,2017,N,VIIRS,n,2,292.78,2.13,N,2
20.96443,85.17629,322.92,0.53,0.42,2023-01-01,2017,N,VIIRS,n,2,292.81,2.43,N,2
20.97005,85.14599,311.66,0.53,0.42,2023-01-01,2017,N,VIIRS,n,2,291.1,2.24,N,2
20.96724,85.16116,313.44,0.53,0.42,2023-01-01,2017,N,VIIRS,n,2,291.16,1.86,N,2
20.9663,85.1662,308.24,0.53,0.42,2023-01-01,2017,N,VIIRS,n,2,290.95,2.13,N,2
20.96349,85.18135,304.75,0.53,0.42,2023-01-01,2017,N,VIIRS,n,2,291.31,2.43,N,2
20.96254,85.18643,302.81,0.53,0.42,2023-01-01,2017,N,VIIRS,n,2,291.38,1.57,N,2
20.96158,85.1916,308.57,0.53,0.42,2023-01-01,2017,N,VIIRS,n,2,291.16,1.57,N,2
23.01332,70.10046,301.27,0.44,0.62,2023-01-01,2017,N,VIIRS,n,2,285.48,1.08,N,0
20.96436,85.1553,303.18,0.53,0.42,2023-01-01,2017,N,VIIRS,n,2,290.88,1.29,N,2
20.96155,85.17041,317.7,0.53,0.42,2023-01-01,2017,N,VIIRS,n,2,291.85,3.98,N,2
20.9606,85.17547,316.74,0.53,0.42,2023-01-01,2017,N,VIIRS,n,2,292.82,2.06,N,2
20.95966,85.18053,303.61,0.53,0.42,2023-01-01,2017,N,VIIRS,n,2,292.56,2.06,N,2
20.95872,85.18563,303.01,0.53,0.42,2023-01-01,2017,N,VIIRS,n,2,292.37,1.56,N,2
21.55707,81.74917,300.54,0.39,0.36,2023-01-01,2017,N,VIIRS,n,2,288.09,0.61,N,0
21.48649,81.76759,307.57,0.39,0.36,2023-01-01,2017,N,VIIRS,n,2,289.99,1.01,N,2
22.9001,69.91236,299.78,0.45,0.63,2023-01-01,2017,N,VIIRS,n,2,281.15,0.3,N,0
20.7869,85.26311,302.28,0.54,0.42,2023-01-01,2017,N,VIIRS,n,2,290.43,0.99,N,2
20.78595,85.26829,300.43,0.54,0.42,2023-01-01,2017,N,VIIRS,n,2,290.36,0.99,N,2
21.39118,81.64624,299.75,0.39,0.36,2023-01-01,2017,N,VIIRS,n,2,289.23,0.74,N,2
21.38786,81.64561,301.67,0.39,0.36,2023-01-01,2017,N,VIIRS,n,2,289.03,0.96,N,2
21.3827,81.65622,303.08,0.39,0.36,2023-01-01,2017,N,VIIRS,n,2,289.59,0.89,N,2
21.37842,81.68243,307.13,0.39,0.36,2023-01-01,2017,N,VIIRS,n,2,290.23,1.23,N,2
21.37509,81.68179,309.46,0.39,0.36,2023-01-01,2017,N,VIIRS,n,2,290.35,1.98,N,2
21.37516,81.6394,299.16,0.39,0.36,2023-01-01,2017,N,VIIRS,n,2,289.04,1.23,N,2
21.37366,81.62757,299.25,0.39,0.36,2023-01-01,2017,N,VIIRS,n,2,288.07,0.5,N,0
21.36511,81.67993,305.61,0.39,0.36,2023-01-01,2017,N,VIIRS,n,2,290.88,1.23,N,2
21.36606,81.65312,300.09,0.39,0.36,2023-01-01,2017,N,VIIRS,n,2,289.99,0.88,N,2
21.36396,81.64502,303.93,0.39,0.36,2023-01-01,2017,N,VIIRS,n,2,289.88,1.28,N,2
21.34698,81.66499,311.86,0.39,0.36,2023-01-01,2017,N,VIIRS,n,2,292.01,1.2,N,2
22.26684,75.13229,301.9,0.41,0.45,2023-01-01,2017,N,VIIRS,n,2,289.24,1.34,N,2
21.34242,81.67187,304.87,0.39,0.36,2023-01-01,2017,N,VIIRS,n,2,289.74,0.97,N,2
21.31975,81.6489,300.31,0.39,0.36,2023-01-01,2017,N,VIIRS,n,2,287.85,0.46,N,0
21.32402,81.58038,297.97,0.39,0.36,2023-01-01,2017,N,VIIRS,n,2,287.92,0.65,N,0
21.31163,81.59345,302.57,0.39,0.36,2023-01-01,2017,N,VIIRS,n,2,288.27,0.66,N,2
21.3083,81.59284,306.29,0.39,0.36,2023-01-01,2017,N,VIIRS,n,2,288.28,1.15,N,2
21.24502,81.77023,302.28,0.39,0.36,2023-01-01,2017,N,VIIRS,n,2,289.08,1.17,N,2
20.51438,85.72485,304.31,0.39,0.44,2023-01-01,2017,N,VIIRS,n,2,291.11,0.88,N,2
20.47546,85.75095,300.11,0.39,0.44,2023-01-01,2017,N,VIIRS,n,2,290.07,0.47,N,0
21.1884,81.39038,308.95,0.39,0.36,2023-01-01,2017,N,VIIRS,n,2,292.27,1.69,N,2
21.18568,81.38605,305.75,0.39,0.36,2023-01-01,2017,N,VIIRS,n,2,292.2,0.83,N,3
21.18297,81.38174,304.23,0.39,0.36,2023-01-01,2017,N,VIIRS,n,2,291.28,0.83,N,2
21.18237,81.38544,305.29,0.39,0.36,2023-01-01,2017,N,VIIRS,n,2,292.24,0.83,N,3
21.17905,81.38483,301.53,0.39,0.36,2023-01-01,2017,N,VIIRS,n,2,291.25,0.98,N,2
21.23336,79.63124,314.14,0.39,0.36,2023-01-01,2017,N,VIIRS,n,2,289.88,1.74,N,2
21.268,79.18285,307.82,0.4,0.37,2023-01-01,2017,N,VIIRS,n,2,290.47,0.84,N,0
21.26743,79.18668,305.84,0.4,0.37,2023-01-01,2017,N,VIIRS,n,2,289.16,0.84,N,0
21.24822,79.22268,298.28,0.4,0.37,2023-01-01,2017,N,VIIRS,n,2,288.13,0.32,N,0
21.24486,79.22211,304.41,0.4,0.37,2023-01-01,2017,N,VIIRS,n,2,289.0,0.72,N,2
21.68387,72.53061,304.38,0.59,0.53,2023-01-01,2017,N,VIIRS,n,2,289.4,1.69,N,0
20.2766,81.90665,298.71,0.4,0.37,2023-01-01,2017,N,VIIRS,n,2,287.01,0.3,N,0
20.69727,78.63547,303.94,0.41,0.37,2023-01-01,2017,N,VIIRS,n,2,290.55,0.81,N,2
21.10932,72.62942,333.33,0.57,0.52,2023-01-01,2017,N,VIIRS,n,2,290.93,6.0,N,2
21.10748,72.64608,340.06,0.57,0.52,2023-01-01,2017,N,VIIRS,n,2,294.55,7.56,N,2
21.1045,72.6288,301.2,0.57,0.52,2023-01-01,2017,N,VIIRS,n,2,289.3,0.67,N,2
21.10267,72.64548,315.7,0.57,0.52,2023-01-01,2017,N,VIIRS,n,2,290.37,2.48,N,2
19.96235,79.33604,300.15,0.39,0.36,2023-01-01,2017,N,VIIRS,n,2,290.03,0.91,N,2
20.91135,71.45807,311.35,0.34,0.56,2023-01-01,2017,N,VIIRS,n,2,290.99,1.26,N,2
19.92158,79.11497,307.19,0.39,0.37,2023-01-01,2017,N,VIIRS,n,2,291.64,1.06,N,2
20.3801,74.97175,303.61,0.4,0.44,2023-01-01,2017,N,VIIRS,n,2,284.8,1.26,N,0
20.83457,70.68716,301.33,0.38,0.59,2023-01-01,2017,N,VIIRS,n,2,289.61,0.99,N,2
20.83385,70.69457,298.25,0.38,0.59,2023-01-01,2017,N,VIIRS,n,2,287.82,1.34,N,2
19.78814,79.14713,308.2,0.39,0.36,2023-01-01,2017,N,VIIRS,n,2,292.22,1.48,N,2
20.32535,74.85081,295.67,0.41,0.45,2023-01-01,2017,N,VIIRS,n,2,285.33,0.32,N,0
19.10165,82.16637,302.48,0.41,0.37,2023-01-01,2017,N,VIIRS,n,2,290.24,0.62,N,0
20.35568,72.94947,299.57,0.53,0.5,2023-01-01,2017,N,VIIRS,n,2,288.04,0.66,N,0
19.9787,75.14159,304.94,0.39,0.44,2023-01-01,2017,N,VIIRS,n,2,289.27,0.85,N,0
19.40605,77.74232,300.42,0.43,0.38,2023-01-01,2017,N,VIIRS,n,2,287.67,0.36,N,0
19.93542,73.71249,309.31,0.47,0.48,2023-01-01,2017,N,VIIRS,n,2,286.93,1.01,N,0
19.35518,77.11288,314.51,0.45,0.39,2023-01-01,2018,N,VIIRS,n,2,288.9,1.9,N,0
19.78566,73.65681,300.95,0.47,0.48,2023-01-01,2018,N,VIIRS,n,2,286.81,6.73,N,0
19.78126,73.6561,342.61,0.47,0.48,2023-01-01,2018,N,VIIRS,n,2,292.58,6.73,N,0
19.78073,73.66061,331.47,0.47,0.48,2023-01-01,2018,N,VIIRS,n,2,286.76,6.73,N,0
19.32413,77.01984,302.41,0.46,0.39,2023-01-01,2018,N,VIIRS,n,2,288.08,0.55,N,0
19.35821,75.44157,298.4,0.55,0.42,2023-01-01,2018,N,VIIRS,n,2,286.31,0.8,N,0
19.19922,76.60306,313.36,0.47,0.4,2023-01-01,2018,N,VIIRS,n,2,289.22,1.77,N,0
18.73851,79.52916,331.36,0.39,0.36,2023-01-01,2018,N,VIIRS,n,2,295.05,2.71,N,0
18.7352,79.52859,324.57,0.39,0.36,2023-01-01,2018,N,VIIRS,n,2,293.52,1.81,N,0
18.73463,79.53224,314.5,0.39,0.36,2023-01-01,2018,N,VIIRS,n,2,294.46,1.81,N,0
18.72488,79.53484,317.86,0.39,0.36,2023-01-01,2018,N,VIIRS,n,2,295.72,2.03,N,2
18.721,79.53792,319.47,0.39,0.36,2023-01-01,2018,N,VIIRS,n,2,294.89,2.39,N,2
19.03703,76.89235,304.48,0.46,0.39,2023-01-01,2018,N,VIIRS,n,2,287.97,1.04,N,0
19.09959,73.05335,305.38,0.51,0.49,2023-01-01,2018,N,VIIRS,n,2,288.9,0.55,N,2
17.95796,80.8018,311.88,0.39,0.36,2023-01-01,2018,N,VIIRS,n,2,295.62,1.26,N,2
17.95523,80.79754,308.06,0.39,0.36,2023-01-01,2018,N,VIIRS,n,2,297.73,1.26,N,0
18.91713,72.98907,322.38,0.51,0.49,2023-01-01,2018,N,VIIRS,n,2,290.08,2.38,N,0
18.91257,72.98846,322.89,0.51,0.49,2023-01-01,2018,N,VIIRS,n,2,289.82,3.41,N,0
18.65029,74.81967,300.94,0.39,0.44,2023-01-01,2018,N,VIIRS,n,2,290.31,0.55,N,0
18.6933,73.03899,315.4,0.5,0.49,2023-01-01,2018,N,VIIRS,n,2,293.4,3.1,N,2
18.1988,76.79945,331.83,0.45,0.39,2023-01-01,2018,N,VIIRS,n,2,289.83,7.62,N,0
18.68537,73.02814,304.53,0.5,0.49,2023-01-01,2018,N,VIIRS,n,2,292.17,1.82,N,2
18.6848,73.03294,303.72,0.5,0.49,2023-01-01,2018,N,VIIRS,n,2,292.02,1.82,N,2
17.46391,80.65249,307.92,0.39,0.36,2023-01-01,2018,N,VIIRS,n,2,293.41,0.88,N,0
18.38316,74.17481,309.09,0.42,0.45,2023-01-01,2018,N,VIIRS,n,2,286.71,1.36,N,0
17.99013,76.42921,304.79,0.47,0.4,2023-01-01,2018,N,VIIRS,n,2,287.87,0.93,N,0
18.34155,73.26047,303.77,0.48,0.48,2023-01-01,2018,N,VIIRS,n,2,288.07,0.84,N,0
17.38361,79.87975,302.03,0.38,0.36,2023-01-01,2018,N,VIIRS,n,2,291.98,0.51,N,0
17.17797,80.80287,314.31,0.39,0.36,2023-01-01,2018,N,VIIRS,n,2,293.75,1.58,N,0
18.06475,74.71914,301.16,0.39,0.44,2023-01-01,2018,N,VIIRS,n,2,287.44,0.32,N,0
17.8942,75.40363,315.55,0.53,0.42,2023-01-01,2018,N,VIIRS,n,2,288.92,2.39,N,0
16.87513,81.99201,306.58,0.43,0.38,2023-01-01,2018,N,VIIRS,n,2,291.83,1.36,N,0
17.72767,75.69546,309.73,0.51,0.41,2023-01-01,2018,N,VIIRS,n,2,288.98,1.57,N,0
16.87498,80.11943,305.36,0.39,0.36,2023-01-01,2018,N,VIIRS,n,2,293.7,0.67,N,0
17.14588,78.22234,305.94,0.4,0.37,2023-01-01,2018,N,VIIRS,n,2,290.34,0.98,N,2
17.14094,77.18481,304.57,0.43,0.38,2023-01-01,2018,N,VIIRS,n,2,293.38,0.7,N,2
17.1386,77.17622,303.64,0.43,0.38,2023-01-01,2018,N,VIIRS,n,2,293.41,0.82,N,2
17.0626,76.97892,316.39,0.44,0.38,2023-01-01,2018,N,VIIRS,n,2,294.59,2.07,N,2
16.58519,75.53041,303.11,0.5,0.41,2023-01-01,2018,N,VIIRS,n,2,287.93,0.36,N,0
16.55405,75.47737,306.01,0.51,0.41,2023-01-01,2018,N,VIIRS,n,2,289.02,0.66,N,0
16.3837,75.90569,303.08,0.48,0.4,2023-01-01,2018,N,VIIRS,n,2,290.78,1.63,N,0
16.38307,75.91018,314.46,0.48,0.4,2023-01-01,2018,N,VIIRS,n,2,290.22,1.63,N,0
16.55285,73.52953,304.62,0.44,0.46,2023-01-01,2018,N,VIIRS,n,2,291.03,0.78,N,0
16.26473,75.5136,307.13,0.5,0.41,2023-01-01,2018,N,VIIRS,n,2,288.28,0.68,N,0
16.20249,75.63197,318.36,0.49,0.4,2023-01-01,2018,N,VIIRS,n,2,289.98,1.92,N,0
15.91388,77.36391,301.81,0.41,0.37,2023-01-01,2018,N,VIIRS,n,2,291.37,0.4,N,0
16.42243,73.48399,317.16,0.44,0.46,2023-01-01,2018,N,VIIRS,n,2,291.5,1.5,N,0
16.18154,75.25233,314.81,0.51,0.41,2023-01-01,2018,N,VIIRS,n,2,288.82,1.73,N,0
15.68258,78.45847,303.33,0.39,0.36,2023-01-01,2018,N,VIIRS,n,2,292.99,0.98,N,0
15.77223,75.15373,300.2,0.51,0.41,2023-01-01,2019,N,VIIRS,n,2,288.81,0.62,N,0
15.73075,75.05878,301.62,0.52,0.42,2023-01-01,2019,N,VIIRS,n,2,288.69,0.85,N,0
15.65798,73.98984,313.06,0.4,0.44,2023-01-01,2019,N,VIIRS,n,2,292.48,0.8,N,2
15.3388,76.27837,320.83,0.45,0.39,2023-01-01,2019,N,VIIRS,n,2,292.78,1.39,N,2
15.33522,76.27787,313.79,0.45,0.39,2023-01-01,2019,N,VIIRS,n,2,291.15,1.39,N,2
15.33404,76.28619,310.74,0.45,0.39,2023-01-01,2019,N,VIIRS,n,2,293.1,1.82,N,2
15.33223,76.24747,311.33,0.45,0.39,2023-01-01,2019,N,VIIRS,n,2,292.12,1.39,N,0
15.17892,77.10324,306.53,0.42,0.37,2023-01-01,2019,N,VIIRS,n,2,292.45,0.97,N,2
15.22604,76.76166,307.29,0.43,0.38,2023-01-01,2019,N,VIIRS,n,2,293.02,1.01,N,2
15.22545,76.76564,312.19,0.43,0.38,2023-01-01,2019,N,VIIRS,n,2,292.39,1.16,N,2
15.02404,78.01457,309.96,0.39,0.36,2023-01-01,2019,N,VIIRS,n,2,294.29,0.8,N,2
15.02069,78.01401,304.9,0.39,0.36,2023-01-01,2019,N,VIIRS,n,2,293.75,0.8,N,2
15.1882,76.65357,305.73,0.43,0.38,2023-01-01,2019,N,VIIRS,n,2,294.35,1.96,N,2
15.18644,76.64098,305.98,0.43,0.38,2023-01-01,2019,N,VIIRS,n,2,292.52,2.34,N,2
15.18235,76.64446,306.02,0.43,0.38,2023-01-01,2019,N,VIIRS,n,2,294.11,2.12,N,2
15.17945,76.66454,305.14,0.43,0.38,2023-01-01,2019,N,VIIRS,n,2,294.95,1.4,N,2
15.17829,76.67256,317.3,0.43,0.38,2023-01-01,2019,N,VIIRS,n,2,292.94,1.81,N,0
15.17713,76.68059,303.56,0.43,0.38,2023-01-01,2019,N,VIIRS,n,2,292.15,0.63,N,2
15.1771,76.65599,339.34,0.43,0.38,2023-01-01,2019,N,VIIRS,n,2,296.95,2.64,N,2
15.17768,76.65197,307.18,0.43,0.38,2023-01-01,2019,N,VIIRS,n,2,293.5,2.64,N,2
15.17363,76.68005,308.55,0.43,0.38,2023-01-01,2019,N,VIIRS,n,2,292.3,0.92,N,2
15.1736,76.65545,323.28,0.43,0.38,2023-01-01,2019,N,VIIRS,n,2,293.86,2.64,N,2
15.17067,76.65091,303.82,0.43,0.38,2023-01-01,2019,N,VIIRS,n,2,291.07,0.72,N,0
15.16778,76.67101,312.54,0.43,0.38,2023-01-01,2019,N,VIIRS,n,2,293.06,1.38,N,2
15.19602,76.37748,319.22,0.44,0.39,2023-01-01,2019,N,VIIRS,n,2,292.22,1.38,N,0
15.5261,73.99387,313.26,0.4,0.44,2023-01-01,2019,N,VIIRS,n,2,293.4,1.84,N,2
15.11769,76.81088,305.08,0.43,0.38,2023-01-01,2019,N,VIIRS,n,2,291.94,0.57,N,2
15.17415,76.37833,306.51,0.44,0.39,2023-01-01,2019,N,VIIRS,n,2,292.93,1.19,N,2
15.17,76.3819,303.77,0.44,0.39,2023-01-01,2019,N,VIIRS,n,2,293.17,1.19,N,2
14.87249,78.05,305.06,0.39,0.36,2023-01-01,2019,N,VIIRS,n,2,292.16,1.36,N,0
15.19582,75.01281,300.74,0.52,0.41,2023-01-01,2019,N,VIIRS,n,2,289.0,0.35,N,0
14.27079,80.13203,313.26,0.39,0.36,2023-01-01,2019,N,VIIRS,n,2,295.07,1.21,N,0
14.42318,75.89438,303.31,0.46,0.39,2023-01-01,2019,N,VIIRS,n,2,289.91,0.37,N,0
13.89862,76.56372,307.99,0.42,0.38,2023-01-01,2019,N,VIIRS,n,2,290.63,1.04,N,0
13.73047,77.4982,298.92,0.4,0.37,2023-01-01,2019,N,VIIRS,n,2,288.76,0.47,N,0
13.16141,80.28488,314.81,0.4,0.37,2023-01-01,2019,N,VIIRS,n,2,294.67,1.41,N,2
13.15803,80.2843,315.75,0.4,0.37,2023-01-01,2019,N,VIIRS,n,2,294.54,1.41,N,0
11.81409,79.12399,303.91,0.39,0.36,2023-01-01,2019,N,VIIRS,n,2,291.39,0.52,N,0
11.81494,77.91899,306.51,0.39,0.36,2023-01-01,2020,N,VIIRS,n,2,293.62,1.42,N,2
11.30517,79.80504,303.96,0.4,0.37,2023-01-01,2020,N,VIIRS,n,2,293.5,0.12,N,0
11.18098,79.10089,303.6,0.39,0.36,2023-01-01,2020,N,VIIRS,n,2,293.27,0.74,N,0
10.92826,77.0653,306.08,0.39,0.36,2023-01-01,2020,N,VIIRS,n,2,290.13,0.66,N,2
10.9221,77.06064,301.77,0.39,0.36,2023-01-01,2020,N,VIIRS,n,2,290.66,0.59,N,0
10.81594,76.72459,308.39,0.4,0.37,2023-01-01,2020,N,VIIRS,n,2,289.82,1.04,N,0
9.97645,76.3745,301.95,0.4,0.37,2023-01-01,2020,N,VIIRS,n,2,283.39,1.13,N,2
9.43424,77.08241,303.07,0.39,0.36,2023-01-01,2020,N,VIIRS,n,2,289.31,0.46,N,0
23.26173,70.24983,300.1,0.68,0.74,2023-01-01,2157,N,VIIRS,n,2,283.41,1.45,N,2
23.26045,70.25018,298.87,0.68,0.74,2023-01-01,2157,N,VIIRS,n,2,283.28,1.13,N,2
23.1217,70.08751,297.24,0.67,0.74,2023-01-01,2157,N,VIIRS,n,2,283.31,0.97,N,0
23.12004,70.08768,297.7,0.67,0.74,2023-01-01,2157,N,VIIRS,n,2,283.69,1.11,N,0
23.015,70.1036,297.32,0.68,0.74,2023-01-01,2157,N,VIIRS,n,2,283.81,1.01,N,2
22.93707,69.69683,307.84,0.65,0.73,2023-01-01,2157,N,VIIRS,n,2,283.53,2.0,N,2
26.82037,95.32504,357.54,0.65,0.73,2023-01-02,550,N,VIIRS,l,2,289.74,16.43,D,0
26.82857,95.32928,367.0,0.65,0.73,2023-01-02,550,N,VIIRS,h,2,290.02,30.69,D,0
26.82715,95.32385,348.92,0.65,0.73,2023-01-02,550,N,VIIRS,n,2,288.3,16.43,D,0
26.82312,95.32541,367.0,0.65,0.73,2023-01-02,550,N,VIIRS,h,2,290.62,15.91,D,0
26.82443,95.33027,340.11,0.65,0.73,2023-01-02,550,N,VIIRS,n,2,288.78,15.91,D,0
26.8218,95.32049,333.19,0.65,0.73,2023-01-02,550,N,VIIRS,n,2,286.94,13.6,D,0
26.83151,95.33022,336.57,0.65,0.73,2023-01-02,550,N,VIIRS,n,2,287.0,5.52,D,0
26.8299,95.3242,328.82,0.65,0.73,2023-01-02,550,N,VIIRS,n,2,286.77,5.52,D,0
9.43274,78.3676,335.54,0.43,0.62,2023-01-02,726,N,VIIRS,n,2,295.32,5.15,D,0
9.43459,78.36711,338.82,0.43,0.62,2023-01-02,726,N,VIIRS,n,2,295.68,5.19,D,0
10.63838,78.01648,329.32,0.44,0.62,2023-01-02,726,N,VIIRS,n,2,293.93,2.02,D,0
11.57892,79.10039,336.31,0.35,0.57,2023-01-02,726,N,VIIRS,n,2,298.1,3.68,D,0
11.91604,79.02698,334.82,0.35,0.57,2023-01-02,726,N,VIIRS,n,2,288.15,4.55,D,0
11.79992,78.04964,329.04,0.41,0.61,2023-01-02,726,N,VIIRS,n,2,295.7,1.38,D,0
12.1177,76.53953,329.63,0.51,0.66,2023-01-02,727,N,VIIRS,n,2,299.91,4.34,D,0
12.17638,76.35909,346.06,0.53,0.67,2023-01-02,727,N,VIIRS,n,2,300.74,5.17,D,0
12.47967,76.70065,329.04,0.49,0.65,2023-01-02,727,N,VIIRS,n,2,298.25,1.63,D,0
12.90689,77.34383,339.54,0.44,0.62,2023-01-02,727,N,VIIRS,n,2,298.48,3.02,D,0
12.90784,77.34373,339.18,0.44,0.62,2023-01-02,727,N,VIIRS,n,2,298.38,3.03,D,0
13.29353,79.24751,330.17,0.32,0.55,2023-01-02,727,N,VIIRS,n,2,298.18,2.8,D,0
13.3385,77.38069,335.15,0.43,0.62,2023-01-02,727,N,VIIRS,n,2,299.13,7.53,D,0
13.3377,77.37658,333.5,0.43,0.62,2023-01-02,727,N,VIIRS,n,2,297.72,5.13,D,0
13.33513,77.38131,339.43,0.43,0.62,2023-01-02,727,N,VIIRS,n,2,299.11,7.8,D,0
13.3343,77.37721,341.58,0.43,0.62,2023-01-02,727,N,VIIRS,n,2,298.12,5.49,D,0
13.003,75.02781,339.39,0.62,0.71,2023-01-02,727,N,VIIRS,n,2,297.52,6.04,D,0
13.0077,75.02989,336.54,0.62,0.71,2023-01-02,727,N,VIIRS,n,2,297.05,5.87,D,0
13.7709,77.90851,335.89,0.39,0.59,2023-01-02,727,N,VIIRS,n,2,297.42,2.58,D,0
13.74739,76.52592,343.77,0.48,0.65,2023-01-02,727,N,VIIRS,n,2,297.67,7.2,D,0
14.85228,77.89005,343.39,0.37,0.58,2023-01-02,727,N,VIIRS,n,2,300.05,3.04,D,0
15.26928,79.30679,334.77,0.59,0.53,2023-01-02,727,N,VIIRS,n,2,299.32,5.84,D,0
14.92665,76.95288,330.12,0.43,0.62,2023-01-02,727,N,VIIRS,n,2,299.42,1.96,D,0
14.79898,75.93688,337.49,0.5,0.66,2023-01-02,727,N,VIIRS,n,2,298.61,2.42,D,0
14.92065,75.72668,336.28,0.51,0.66,2023-01-02,727,N,VIIRS,n,2,301.38,5.09,D,0
14.94206,75.67652,337.35,0.52,0.67,2023-01-02,727,N,VIIRS,n,2,299.51,4.1,D,0
14.94265,75.6778,341.8,0.52,0.66,2023-01-02,727,N,VIIRS,n,2,299.25,5.4,D,0
15.33359,77.44128,335.75,0.39,0.59,2023-01-02,727,N,VIIRS,n,2,300.65,3.25,D,0
15.17753,76.67905,336.93,0.44,0.62,2023-01-02,727,N,VIIRS,n,2,300.78,3.61,D,2
16.01332,80.80397,336.82,0.46,0.47,2023-01-02,727,N,VIIRS,n,2,295.65,5.76,D,0
15.92324,79.37229,339.98,0.57,0.52,2023-01-02,728,N,VIIRS,n,2,297.68,9.84,D,0
15.40842,76.74686,343.54,0.43,0.62,2023-01-02,728,N,VIIRS,n,2,299.63,5.03,D,0
15.41407,76.7456,344.57,0.43,0.62,2023-01-02,728,N,VIIRS,n,2,297.48,5.3,D,0
16.13477,80.10992,334.09,0.5,0.49,2023-01-02,728,N,VIIRS,n,2,299.26,2.15,D,0
16.26478,80.66922,333.38,0.46,0.47,2023-01-02,728,N,VIIRS,n,2,298.35,2.79,D,0
15.89388,78.59061,337.53,0.32,0.55,2023-01-02,728,N,VIIRS,n,2,301.85,2.49,D,0
16.33127,80.81068,339.09,0.45,0.47,2023-01-02,728,N,VIIRS,n,2,295.71,9.1,D,0
16.31564,80.72591,337.04,0.46,0.47,2023-01-02,728,N,VIIRS,n,2,298.74,5.18,D,0
16.27467,80.50467,340.69,0.47,0.48,2023-01-02,728,N,VIIRS,n,2,298.09,7.89,D,0
16.33171,80.69173,330.08,0.46,0.47,2023-01-02,728,N,VIIRS,n,2,297.92,3.41,D,0
16.2466,80.07281,332.79,0.5,0.49,2023-01-02,728,N,VIIRS,n,2,298.62,2.25,D,0
16.36667,80.56036,343.21,0.47,0.48,2023-01-02,728,N,VIIRS,n,2,297.35,6.31,D,0
16.09714,78.33747,332.99,0.33,0.55,2023-01-02,728,N,VIIRS,n,2,297.21,2.26,D,0
16.03264,76.43265,337.55,0.44,0.62,2023-01-02,728,N,VIIRS,n,2,301.37,3.03,D,0
17.11812,81.12385,333.28,0.42,0.45,2023-01-02,728,N,VIIRS,n,2,297.44,4.38,D,0
15.99252,75.36253,339.0,0.52,0.67,2023-01-02,728,N,VIIRS,n,2,300.16,8.69,D,0
16.02242,75.06239,367.0,0.54,0.68,2023-01-02,728,N,VIIRS,h,2,301.63,11.11,D,0
17.11326,79.7231,338.46,0.51,0.5,2023-01-02,728,N,VIIRS,n,2,297.02,12.52,D,0
16.28451,75.21548,367.0,0.52,0.67,2023-01-02,728,N,VIIRS,h,2,302.55,12.97,D,0
16.47297,76.09809,330.8,0.45,0.63,2023-01-02,728,N,VIIRS,n,2,299.24,2.43,D,0
16.47209,76.09391,333.66,0.45,0.63,2023-01-02,728,N,VIIRS,n,2,300.53,2.43,D,0
16.73392,76.93658,333.53,0.39,0.6,2023-01-02,728,N,VIIRS,n,2,299.73,1.7,D,0
17.89946,82.75113,335.83,0.5,0.41,2023-01-02,728,N,VIIRS,n,2,296.88,7.79,D,0
17.90318,82.7504,346.44,0.5,0.41,2023-01-02,728,N,VIIRS,n,2,297.19,7.79,D,0
17.55101,80.69061,354.51,0.44,0.46,2023-01-02,728,N,VIIRS,n,2,299.43,18.28,D,0
17.55387,80.69037,342.36,0.44,0.46,2023-01-02,728,N,VIIRS,n,2,296.64,9.61,D,0
17.66492,80.7233,334.78,0.43,0.46,2023-01-02,728,N,VIIRS,n,2,297.66,4.0,D,0
17.66828,80.72004,333.42,0.43,0.46,2023-01-02,728,N,VIIRS,n,2,297.86,2.99,D,0
17.71907,80.56946,349.23,0.44,0.46,2023-01-02,728,N,VIIRS,n,2,300.04,8.28,D,0
17.78796,80.85034,340.92,0.42,0.46,2023-01-02,728,N,VIIRS,n,2,300.65,4.22,D,0
17.78435,80.83044,332.68,0.43,0.46,2023-01-02,728,N,VIIRS,n,2,300.38,3.54,D,0
17.01772,76.63544,339.01,0.41,0.6,2023-01-02,728,N,VIIRS,n,2,300.31,3.39,D,0
18.45742,83.72017,332.55,0.44,0.38,2023-01-02,728,N,VIIRS,n,2,297.28,2.59,D,0
18.14527,81.85855,335.33,0.55,0.43,2023-01-02,728,N,VIIRS,n,2,300.03,4.17,D,0
17.01979,75.81381,335.45,0.46,0.64,2023-01-02,728,N,VIIRS,n,2,303.32,3.89,D,0
16.57716,73.72064,367.0,0.64,0.72,2023-01-02,728,N,VIIRS,h,2,299.75,16.05,D,0
17.01829,75.81442,338.16,0.46,0.64,2023-01-02,728,N,VIIRS,n,2,303.74,4.01,D,0
18.01254,80.65614,342.48,0.43,0.46,2023-01-02,728,N,VIIRS,n,2,300.44,9.59,D,0
17.02168,75.74543,336.33,0.47,0.64,2023-01-02,728,N,VIIRS,n,2,300.27,3.78,D,0
16.57422,73.7244,349.96,0.64,0.72,2023-01-02,728,N,VIIRS,n,2,300.23,13.65,D,0
18.01976,80.67146,332.64,0.43,0.46,2023-01-02,728,N,VIIRS,n,2,295.99,3.87,D,0
17.87554,79.90967,340.58,0.48,0.48,2023-01-02,728,N,VIIRS,n,2,300.54,3.77,D,0
16.58089,73.72315,339.02,0.64,0.72,2023-01-02,728,N,VIIRS,n,2,297.38,7.86,D,0
16.5569,73.52449,335.03,0.66,0.73,2023-01-02,728,N,VIIRS,n,2,299.09,4.79,D,0
16.89348,74.95069,330.6,0.53,0.67,2023-01-02,728,N,VIIRS,n,2,297.91,2.32,D,0
17.94752,79.95142,335.34,0.48,0.48,2023-01-02,728,N,VIIRS,n,2,298.63,4.88,D,0
18.71227,83.96598,337.97,0.43,0.38,2023-01-02,728,N,VIIRS,n,2,299.06,5.62,D,0
17.66802,78.0901,336.87,0.32,0.55,2023-01-02,728,N,VIIRS,n,2,298.04,2.99,D,0
17.67301,78.08906,330.39,0.32,0.55,2023-01-02,728,N,VIIRS,n,2,298.41,2.99,D,0
18.76805,83.54501,338.11,0.45,0.39,2023-01-02,728,N,VIIRS,n,2,301.81,3.81,D,0
18.22202,80.18606,331.4,0.46,0.47,2023-01-02,728,N,VIIRS,n,2,299.26,3.8,D,0
18.22375,80.18655,335.13,0.46,0.47,2023-01-02,728,N,VIIRS,n,2,298.73,7.91,D,0
17.48149,76.11973,340.1,0.43,0.62,2023-01-02,728,N,VIIRS,n,2,301.05,1.92,D,0
17.41791,75.76172,337.24,0.46,0.63,2023-01-02,728,N,VIIRS,n,2,300.13,3.21,D,0
18.37478,79.62785,333.75,0.49,0.49,2023-01-02,728,N,VIIRS,n,2,299.91,3.37,D,0
18.95712,82.58944,335.73,0.49,0.4,2023-01-02,728,N,VIIRS,n,2,301.17,4.4,D,0
17.87075,76.42736,355.74,0.41,0.6,2023-01-02,728,N,VIIRS,n,2,299.4,7.26,D,0
19.04571,82.38648,333.07,0.5,0.41,2023-01-02,728,N,VIIRS,n,2,298.8,6.46,D,0
17.50328,74.03698,348.33,0.59,0.7,2023-01-02,728,N,VIIRS,n,2,298.94,8.23,D,0
17.50254,74.03384,345.78,0.58,0.7,2023-01-02,728,N,VIIRS,n,2,298.59,5.94,D,0
18.07225,76.46436,343.92,0.4,0.6,2023-01-02,728,N,VIIRS,n,2,300.99,4.62,D,0
19.33591,82.90027,333.07,0.47,0.4,2023-01-02,728,N,VIIRS,n,2,304.71,3.73,D,0
17.83562,75.12868,335.83,0.49,0.65,2023-01-02,728,N,VIIRS,n,2,298.49,3.64,D,0
17.838,75.1293,330.31,0.49,0.65,2023-01-02,728,N,VIIRS,n,2,298.4,3.26,D,0
17.90012,74.86581,331.46,0.51,0.66,2023-01-02,728,N,VIIRS,n,2,298.53,2.68,D,0
19.51672,82.77518,329.91,0.47,0.4,2023-01-02,728,N,VIIRS,n,2,301.5,2.15,D,0
19.36989,81.71013,332.79,0.54,0.42,2023-01-02,728,N,VIIRS,n,2,305.12,6.0,D,0
19.70794,82.88263,333.44,0.46,0.39,2023-01-02,728,N,VIIRS,n,2,301.8,5.31,D,0
19.68487,82.75003,334.24,0.47,0.4,2023-01-02,728,N,VIIRS,n,2,301.65,4.91,D,0
19.73107,82.88728,331.49,0.46,0.39,2023-01-02,728,N,VIIRS,n,2,301.21,3.32,D,0
20.26186,86.14002,332.93,0.38,0.36,2023-01-02,728,N,VIIRS,n,2,298.11,3.56,D,0
19.7579,82.8048,332.7,0.47,0.39,2023-01-02,728,N,VIIRS,n,2,300.14,2.3,D,0
19.8547,82.97304,343.22,0.46,0.39,2023-01-02,728,N,VIIRS,n,2,301.1,7.74,D,0
18.39827,75.30836,332.56,0.47,0.64,2023-01-02,728,N,VIIRS,n,2,298.13,1.3,D,0
19.82114,82.28906,348.09,0.49,0.4,2023-01-02,728,N,VIIRS,n,2,300.98,8.56,D,0
18.25934,74.30248,354.46,0.54,0.68,2023-01-02,728,N,VIIRS,n,2,301.88,7.58,D,0
19.12288,77.66067,345.34,0.32,0.55,2023-01-02,728,N,VIIRS,n,2,299.33,5.1,D,0
21.22129,81.95811,333.41,0.49,0.4,2023-01-02,729,N,VIIRS,n,2,301.51,5.71,D,0
18.93714,76.4487,367.0,0.38,0.59,2023-01-02,729,N,VIIRS,h,2,303.78,11.03,D,0
20.83439,86.96336,346.39,0.39,0.36,2023-01-02,729,N,VIIRS,n,2,302.04,5.01,D,0
20.83773,86.9628,337.25,0.39,0.36,2023-01-02,729,N,VIIRS,n,2,296.38,5.01,D,3
20.74067,86.15157,330.14,0.38,0.36,2023-01-02,729,N,VIIRS,n,2,296.7,2.37,D,0
20.77279,86.25173,333.57,0.38,0.36,2023-01-02,729,N,VIIRS,n,2,294.65,3.55,D,0
19.04976,76.41383,339.74,0.38,0.59,2023-01-02,729,N,VIIRS,n,2,300.24,2.88,D,0
18.59577,73.96716,336.91,0.56,0.69,2023-01-02,729,N,VIIRS,n,2,300.62,5.24,D,0
20.95202,86.05046,339.34,0.38,0.36,2023-01-02,729,N,VIIRS,n,2,299.57,6.92,D,2
20.9623,86.00753,333.16,0.38,0.36,2023-01-02,729,N,VIIRS,n,2,297.79,2.87,D,2
19.87589,79.56651,337.32,0.47,0.48,2023-01-02,729,N,VIIRS,n,2,296.96,4.81,D,0
20.33851,82.01207,332.13,0.5,0.41,2023-01-02,729,N,VIIRS,n,2,298.82,3.81,D,0
19.56455,77.69983,333.48,0.62,0.54,2023-01-02,729,N,VIIRS,n,2,298.35,3.91,D,0
20.783,83.89028,348.52,0.41,0.37,2023-01-02,729,N,VIIRS,n,2,298.11,5.13,D,0
21.25134,86.37766,327.85,0.39,0.36,2023-01-02,729,N,VIIRS,n,2,297.16,1.28,D,0
20.92867,83.81426,328.14,0.42,0.37,2023-01-02,729,N,VIIRS,n,2,297.42,2.1,D,0
20.99866,83.98853,328.14,0.41,0.37,2023-01-02,729,N,VIIRS,n,2,296.28,2.08,D,0
19.43038,75.71289,335.64,0.42,0.61,2023-01-02,729,N,VIIRS,n,2,299.42,4.34,D,0
20.99349,83.57102,329.36,0.42,0.38,2023-01-02,729,N,VIIRS,n,2,297.37,1.58,D,0
21.02901,83.66445,328.56,0.42,0.38,2023-01-02,729,N,VIIRS,n,2,296.92,2.34,D,0
21.0573,83.77028,330.72,0.42,0.37,2023-01-02,729,N,VIIRS,n,2,296.8,2.33,D,0
21.39478,85.80274,332.64,0.38,0.36,2023-01-02,729,N,VIIRS,n,2,297.42,4.43,D,0
21.51037,86.50468,331.46,0.39,0.36,2023-01-02,729,N,VIIRS,n,2,297.21,2.44,D,0
21.09128,83.59058,331.14,0.42,0.38,2023-01-02,729,N,VIIRS,n,2,295.11,4.87,D,0
20.92418,82.55267,339.69,0.46,0.39,2023-01-02,729,N,VIIRS,n,2,302.44,5.54,D,0
21.11616,83.67699,332.93,0.42,0.38,2023-01-02,729,N,VIIRS,n,2,297.13,2.93,D,0
21.10291,83.50183,329.22,0.42,0.38,2023-01-02,729,N,VIIRS,n,2,294.89,0.85,D,0
21.13443,83.58341,334.74,0.42,0.38,2023-01-02,729,N,VIIRS,n,2,296.18,2.4,D,0
21.02857,82.83159,334.75,0.45,0.39,2023-01-02,729,N,VIIRS,n,2,300.67,4.01,D,0
21.02843,82.80937,331.07,0.45,0.39,2023-01-02,729,N,VIIRS,n,2,300.72,3.03,D,0
21.23623,83.92101,329.15,0.41,0.37,2023-01-02,729,N,VIIRS,n,2,296.37,2.12,D,0
21.17128,83.50567,331.58,0.42,0.38,2023-01-02,729,N,VIIRS,n,2,297.29,1.57,D,0
19.14018,73.06446,341.14,0.62,0.72,2023-01-02,729,N,VIIRS,n,2,301.68,4.38,D,0
21.21948,83.6254,335.47,0.42,0.38,2023-01-02,729,N,VIIRS,n,2,297.43,4.79,D,0
21.82846,87.49834,328.74,0.41,0.37,2023-01-02,729,N,VIIRS,n,2,295.1,3.19,D,0
21.21805,83.4974,328.62,0.42,0.38,2023-01-02,729,N,VIIRS,n,2,298.59,2.64,D,0
21.22151,83.49674,340.33,0.42,0.38,2023-01-02,729,N,VIIRS,n,2,298.47,2.64,D,0
21.27338,83.74335,328.6,0.41,0.37,2023-01-02,729,N,VIIRS,n,2,296.6,2.11,D,0
21.26041,83.60165,336.71,0.42,0.38,2023-01-02,729,N,VIIRS,n,2,297.38,3.98,D,0
19.14539,73.06728,330.18,0.62,0.71,2023-01-02,729,N,VIIRS,l,2,303.1,7.02,D,0
21.27328,83.63641,331.75,0.42,0.38,2023-01-02,729,N,VIIRS,n,2,297.22,1.79,D,0
21.23502,83.30058,342.8,0.43,0.38,2023-01-02,729,N,VIIRS,n,2,298.44,5.68,D,0
21.31497,83.76016,336.03,0.41,0.37,2023-01-02,729,N,VIIRS,n,2,296.62,2.56,D,0
19.27515,73.39088,367.0,0.59,0.7,2023-01-02,729,N,VIIRS,h,2,305.14,18.41,D,0
21.31838,83.75952,339.9,0.41,0.37,2023-01-02,729,N,VIIRS,n,2,297.09,7.98,D,0
22.06382,88.7209,327.2,0.45,0.39,2023-01-02,729,N,VIIRS,n,2,294.86,2.38,D,0
21.29769,83.56976,331.53,0.42,0.38,2023-01-02,729,N,VIIRS,n,2,297.59,3.16,D,0
21.33272,83.76092,339.65,0.41,0.37,2023-01-02,729,N,VIIRS,n,2,297.84,3.43,D,0
21.30644,83.60121,329.75,0.42,0.38,2023-01-02,729,N,VIIRS,n,2,296.9,2.63,D,0
21.06196,82.13603,344.52,0.48,0.4,2023-01-02,729,N,VIIRS,n,2,307.55,14.45,D,0
20.93978,81.39646,337.03,0.53,0.42,2023-01-02,729,N,VIIRS,n,2,302.67,5.48,D,0
20.94361,81.39568,330.41,0.53,0.42,2023-01-02,729,N,VIIRS,l,2,300.66,4.62,D,0
21.34786,83.7458,334.2,0.41,0.37,2023-01-02,729,N,VIIRS,n,2,297.71,4.42,D,0
20.94059,81.39343,346.4,0.53,0.42,2023-01-02,729,N,VIIRS,n,2,303.89,8.88,D,0
21.37357,83.8431,328.32,0.41,0.37,2023-01-02,729,N,VIIRS,n,2,294.15,3.16,D,0
19.27366,73.38815,367.0,0.59,0.7,2023-01-02,729,N,VIIRS,h,2,305.2,9.39,D,0
21.05346,81.90701,329.99,0.5,0.41,2023-01-02,729,N,VIIRS,l,2,304.07,3.16,D,0
19.28008,73.38666,335.32,0.59,0.7,2023-01-02,729,N,VIIRS,n,2,303.05,9.39,D,0
21.05207,81.87783,340.0,0.5,0.41,2023-01-02,729,N,VIIRS,n,2,303.83,4.82,D,0
22.05429,88.12304,330.34,0.43,0.38,2023-01-02,729,N,VIIRS,n,2,299.68,2.46,D,2
21.46481,84.16397,328.1,0.4,0.37,2023-01-02,729,N,VIIRS,n,2,299.44,2.76,D,0
21.42648,83.86569,332.23,0.41,0.37,2023-01-02,729,N,VIIRS,n,2,297.94,2.17,D,0
21.05735,81.71287,332.05,0.51,0.41,2023-01-02,729,N,VIIRS,n,2,302.58,7.49,D,0
21.05648,81.70801,355.15,0.51,0.41,2023-01-02,729,N,VIIRS,n,2,305.74,7.49,D,0
21.42405,83.82961,340.85,0.41,0.37,2023-01-02,729,N,VIIRS,n,2,298.88,4.52,D,0
21.06023,81.70725,353.89,0.51,0.41,2023-01-02,729,N,VIIRS,n,2,304.34,15.96,D,0
20.73819,79.9568,331.18,0.43,0.46,2023-01-02,729,N,VIIRS,n,2,298.05,3.22,D,0
21.28801,82.99451,340.64,0.44,0.38,2023-01-02,729,N,VIIRS,n,2,301.4,7.18,D,0
21.20211,82.49334,330.99,0.46,0.39,2023-01-02,729,N,VIIRS,n,2,301.02,2.93,D,0
21.44498,83.85007,332.13,0.41,0.37,2023-01-02,729,N,VIIRS,n,2,297.18,4.49,D,0
21.4455,83.78891,346.16,0.41,0.37,2023-01-02,729,N,VIIRS,n,2,298.83,6.57,D,0
21.33029,83.09463,333.44,0.44,0.38,2023-01-02,729,N,VIIRS,n,2,301.87,3.72,D,0
21.16156,82.1081,334.25,0.48,0.4,2023-01-02,729,N,VIIRS,n,2,304.47,4.67,D,0
21.43686,83.67178,338.29,0.42,0.37,2023-01-02,729,N,VIIRS,n,2,297.59,2.61,D,0
21.0374,81.33679,337.69,0.53,0.42,2023-01-02,729,N,VIIRS,n,2,302.29,2.9,D,0
21.99714,87.26736,331.22,0.4,0.37,2023-01-02,729,N,VIIRS,n,2,295.46,2.29,D,0
21.44845,83.67783,334.32,0.42,0.37,2023-01-02,729,N,VIIRS,n,2,299.18,4.26,D,0
21.46292,83.74479,330.69,0.41,0.37,2023-01-02,729,N,VIIRS,n,2,299.35,2.69,D,0
21.23269,82.36752,339.77,0.47,0.4,2023-01-02,729,N,VIIRS,n,2,302.85,3.58,D,0
21.46252,83.74522,333.07,0.41,0.37,2023-01-02,729,N,VIIRS,n,2,299.44,2.91,D,0
21.03957,81.33894,335.75,0.53,0.42,2023-01-02,729,N,VIIRS,n,2,301.58,4.73,D,0
21.23325,82.36884,330.01,0.47,0.4,2023-01-02,729,N,VIIRS,n,2,302.11,2.89,D,0
21.23246,82.36436,335.19,0.47,0.4,2023-01-02,729,N,VIIRS,n,2,301.98,3.42,D,0
21.26907,82.50892,332.0,0.46,0.39,2023-01-02,729,N,VIIRS,n,2,300.08,3.06,D,0
21.07071,81.40065,330.14,0.53,0.42,2023-01-02,729,N,VIIRS,n,2,300.29,2.34,D,0
21.08087,81.30418,336.45,0.53,0.42,2023-01-02,729,N,VIIRS,n,2,302.9,5.12,D,0
21.14137,81.61726,331.96,0.51,0.41,2023-01-02,729,N,VIIRS,n,2,301.02,3.1,D,0
21.37358,82.92204,334.23,0.44,0.39,2023-01-02,729,N,VIIRS,n,2,300.36,2.91,D,0
21.22498,81.95737,347.64,0.49,0.4,2023-01-02,729,N,VIIRS,n,2,302.79,5.71,D,0
21.25115,82.0631,337.56,0.48,0.4,2023-01-02,729,N,VIIRS,n,2,302.15,5.42,D,0
21.1272,81.07372,343.91,0.55,0.42,2023-01-02,729,N,VIIRS,n,2,302.57,6.98,D,0
21.28454,81.91875,346.39,0.49,0.4,2023-01-02,729,N,VIIRS,n,2,303.47,5.7,D,0
21.13107,81.07294,333.7,0.55,0.42,2023-01-02,729,N,VIIRS,n,2,300.35,4.67,D,0
21.49555,83.10796,335.76,0.43,0.38,2023-01-02,729,N,VIIRS,n,2,300.97,7.36,D,0
21.28823,81.91801,341.48,0.49,0.4,2023-01-02,729,N,VIIRS,n,2,301.78,5.7,D,0
22.14702,87.19192,332.82,0.4,0.37,2023-01-02,729,N,VIIRS,n,2,296.36,3.83,D,0
21.73514,84.30103,331.86,0.4,0.37,2023-01-02,729,N,VIIRS,n,2,298.45,2.09,D,0
21.7385,84.30042,336.27,0.4,0.37,2023-01-02,729,N,VIIRS,n,2,299.04,5.35,D,0
21.36908,81.9649,332.42,0.49,0.4,2023-01-02,729,N,VIIRS,n,2,303.33,2.73,D,0
19.4713,72.79241,332.28,0.64,0.72,2023-01-02,729,N,VIIRS,n,2,302.1,4.64,D,0
22.27016,87.39562,337.56,0.41,0.37,2023-01-02,729,N,VIIRS,n,2,296.56,4.05,D,0
22.27925,87.38609,333.84,0.41,0.37,2023-01-02,729,N,VIIRS,n,2,296.61,3.04,D,0
21.43828,81.97689,331.64,0.49,0.4,2023-01-02,729,N,VIIRS,n,2,303.87,2.47,D,0
21.74212,83.71828,333.93,0.41,0.37,2023-01-02,729,N,VIIRS,n,2,297.22,2.54,D,0
21.4414,81.82063,333.23,0.49,0.41,2023-01-02,729,N,VIIRS,n,2,302.77,4.25,D,0
20.11742,75.05212,332.97,0.45,0.63,2023-01-02,729,N,VIIRS,n,2,300.75,2.79,D,0
21.76242,83.64889,331.2,0.41,0.37,2023-01-02,729,N,VIIRS,n,2,298.06,5.62,D,0
21.76584,83.64825,351.52,0.41,0.37,2023-01-02,729,N,VIIRS,n,2,298.65,5.62,D,0
21.69736,83.16418,339.61,0.43,0.38,2023-01-02,729,N,VIIRS,n,2,300.65,4.39,D,0
21.82155,83.86188,329.75,0.41,0.37,2023-01-02,729,N,VIIRS,n,2,297.32,1.52,D,0
21.42703,81.58635,346.64,0.51,0.41,2023-01-02,729,N,VIIRS,n,2,302.51,8.28,D,0
21.36905,81.26894,333.74,0.53,0.42,2023-01-02,729,N,VIIRS,n,2,300.77,3.76,D,0
22.34884,87.21442,332.35,0.4,0.37,2023-01-02,729,N,VIIRS,n,2,297.47,2.91,D,0
21.63738,82.68819,331.15,0.45,0.39,2023-01-02,729,N,VIIRS,n,2,301.57,2.94,D,0
21.63663,82.68388,330.71,0.45,0.39,2023-01-02,729,N,VIIRS,l,2,303.04,2.94,D,0
20.11734,75.05211,332.7,0.45,0.63,2023-01-02,729,N,VIIRS,n,2,300.64,2.58,D,0
21.64093,82.6875,339.76,0.45,0.39,2023-01-02,729,N,VIIRS,n,2,301.99,2.94,D,0
21.64018,82.68318,334.35,0.45,0.39,2023-01-02,729,N,VIIRS,n,2,303.31,2.94,D,0
23.08969,93.03797,329.02,0.53,0.5,2023-01-02,729,N,VIIRS,n,2,292.42,3.95,D,0
21.73838,83.13067,332.69,0.43,0.38,2023-01-02,729,N,VIIRS,n,2,297.92,3.15,D,0
21.71513,82.99329,333.51,0.44,0.38,2023-01-02,729,N,VIIRS,n,2,299.81,4.14,D,0
21.70674,82.79417,335.0,0.44,0.39,2023-01-02,729,N,VIIRS,n,2,301.88,3.67,D,0
21.70602,82.7899,350.59,0.44,0.39,2023-01-02,729,N,VIIRS,n,2,307.12,15.23,D,0
21.71027,82.79348,334.87,0.44,0.39,2023-01-02,729,N,VIIRS,n,2,300.51,3.67,D,0
21.70955,82.78922,345.45,0.44,0.39,2023-01-02,729,N,VIIRS,n,2,300.47,15.23,D,0
21.53524,81.75897,341.98,0.5,0.41,2023-01-02,729,N,VIIRS,n,2,302.25,5.34,D,0
21.9292,83.98653,346.02,0.4,0.37,2023-01-02,729,N,VIIRS,n,2,297.28,5.51,D,0
21.74923,82.85174,336.98,0.44,0.38,2023-01-02,729,N,VIIRS,n,2,300.14,3.15,D,0
22.46156,87.44542,326.67,0.41,0.37,2023-01-02,729,N,VIIRS,n,2,295.2,2.12,D,0
21.74924,82.85256,329.2,0.44,0.38,2023-01-02,729,N,VIIRS,l,2,299.51,3.27,D,0
22.4844,87.55969,330.89,0.41,0.37,2023-01-02,729,N,VIIRS,n,2,295.11,2.05,D,0
21.67356,82.39751,331.15,0.46,0.39,2023-01-02,729,N,VIIRS,l,2,301.63,4.3,D,0
21.70411,82.48721,335.85,0.46,0.39,2023-01-02,729,N,VIIRS,n,2,301.48,3.42,D,0
21.70335,82.48283,336.86,0.46,0.39,2023-01-02,729,N,VIIRS,n,2,301.83,3.42,D,0
21.76278,82.76204,336.59,0.44,0.39,2023-01-02,729,N,VIIRS,n,2,300.91,16.66,D,0
21.76204,82.75777,340.64,0.44,0.39,2023-01-02,729,N,VIIRS,n,2,307.92,16.66,D,0
21.76557,82.75708,345.45,0.44,0.39,2023-01-02,729,N,VIIRS,n,2,299.46,8.83,D,0
21.68296,82.23859,330.22,0.47,0.4,2023-01-02,729,N,VIIRS,l,2,301.22,4.13,D,0
21.76513,82.69074,330.12,0.45,0.39,2023-01-02,729,N,VIIRS,n,2,300.01,3.88,D,0
21.68658,82.23787,329.7,0.47,0.4,2023-01-02,729,N,VIIRS,l,2,300.44,4.13,D,0
21.56293,81.54058,346.26,0.51,0.41,2023-01-02,729,N,VIIRS,n,2,300.63,5.32,D,0
22.5772,87.90051,326.78,0.42,0.38,2023-01-02,729,N,VIIRS,n,2,295.7,0.95,D,0
21.3776,80.48389,340.07,0.39,0.44,2023-01-02,729,N,VIIRS,n,2,301.06,4.15,D,0
21.80347,82.8508,334.49,0.44,0.38,2023-01-02,729,N,VIIRS,n,2,299.9,4.69,D,0
21.80699,82.85012,338.28,0.44,0.38,2023-01-02,729,N,VIIRS,n,2,300.32,4.69,D,0
22.59566,87.90596,331.99,0.42,0.38,2023-01-02,729,N,VIIRS,n,2,295.68,2.77,D,0
21.83325,82.94081,344.3,0.44,0.38,2023-01-02,729,N,VIIRS,n,2,300.91,6.5,D,0
22.55348,87.52811,327.61,0.41,0.37,2023-01-02,729,N,VIIRS,n,2,294.44,1.78,D,0
21.79824,82.64867,343.57,0.45,0.39,2023-01-02,729,N,VIIRS,n,2,302.03,6.75,D,0
21.7975,82.64435,346.65,0.45,0.39,2023-01-02,729,N,VIIRS,n,2,302.51,6.75,D,0
21.79677,82.64003,349.71,0.45,0.39,2023-01-02,729,N,VIIRS,n,2,302.97,7.33,D,0
21.9204,83.35423,338.37,0.42,0.38,2023-01-02,729,N,VIIRS,n,2,301.41,4.23,D,2
21.8046,82.64295,335.26,0.45,0.39,2023-01-02,729,N,VIIRS,n,2,300.7,4.01,D,0
21.80815,82.64225,337.35,0.45,0.39,2023-01-02,729,N,VIIRS,n,2,300.5,4.01,D,0
21.91318,83.24624,342.35,0.43,0.38,2023-01-02,729,N,VIIRS,n,2,299.78,5.14,D,0
21.91664,83.24557,334.15,0.43,0.38,2023-01-02,729,N,VIIRS,n,2,299.4,5.14,D,0
21.82958,82.6478,330.98,0.45,0.39,2023-01-02,729,N,VIIRS,n,2,304.68,3.23,D,0
21.82056,82.59599,331.58,0.45,0.39,2023-01-02,729,N,VIIRS,n,2,300.37,3.28,D,0
21.84954,82.65725,333.23,0.45,0.39,2023-01-02,729,N,VIIRS,n,2,299.94,1.91,D,0
21.83036,82.5041,341.12,0.45,0.39,2023-01-02,729,N,VIIRS,n,2,304.16,16.46,D,0
21.83393,82.50339,346.15,0.45,0.39,2023-01-02,729,N,VIIRS,n,2,305.15,16.46,D,0
22.63732,87.63361,327.79,0.41,0.37,2023-01-02,729,N,VIIRS,n,2,295.3,2.1,D,0
21.94072,83.10561,343.96,0.43,0.38,2023-01-02,729,N,VIIRS,n,2,299.9,6.47,D,0
21.82841,82.38625,334.98,0.46,0.39,2023-01-02,729,N,VIIRS,n,2,300.41,3.58,D,0
21.84345,82.4517,348.61,0.46,0.39,2023-01-02,729,N,VIIRS,n,2,305.47,10.96,D,0
21.84778,82.45538,339.49,0.46,0.39,2023-01-02,729,N,VIIRS,n,2,300.52,4.77,D,0
21.89013,82.68037,332.49,0.45,0.39,2023-01-02,729,N,VIIRS,n,2,301.36,2.51,D,0
21.87128,82.52757,331.92,0.45,0.39,2023-01-02,729,N,VIIRS,n,2,300.68,3.17,D,0
21.87484,82.52686,335.27,0.45,0.39,2023-01-02,729,N,VIIRS,n,2,299.96,3.17,D,0
21.8741,82.5225,337.01,0.45,0.39,2023-01-02,729,N,VIIRS,n,2,299.68,3.17,D,0
21.90501,82.68189,332.72,0.45,0.39,2023-01-02,729,N,VIIRS,n,2,300.78,4.24,D,0
21.96852,83.0145,328.71,0.43,0.38,2023-01-02,729,N,VIIRS,n,2,299.38,2.02,D,0
21.90917,82.66334,329.5,0.45,0.39,2023-01-02,729,N,VIIRS,n,2,299.47,2.15,D,0
21.89593,82.58561,332.87,0.45,0.39,2023-01-02,729,N,VIIRS,n,2,300.2,5.02,D,0
21.87732,82.47674,341.16,0.46,0.39,2023-01-02,729,N,VIIRS,n,2,303.54,4.58,D,0
21.85108,82.21558,335.08,0.47,0.4,2023-01-02,729,N,VIIRS,n,2,301.16,3.23,D,0
22.00123,83.08109,335.36,0.43,0.38,2023-01-02,729,N,VIIRS,n,2,298.17,4.39,D,0
21.91871,82.59009,333.62,0.45,0.39,2023-01-02,729,N,VIIRS,n,2,301.97,5.09,D,0
21.88674,82.4021,345.13,0.46,0.39,2023-01-02,729,N,VIIRS,n,2,303.77,28.88,D,0
21.88599,82.39769,336.84,0.46,0.39,2023-01-02,729,N,VIIRS,l,2,311.28,37.91,D,0
21.89033,82.40139,353.47,0.46,0.39,2023-01-02,729,N,VIIRS,n,2,308.96,28.88,D,0
22.0026,83.08226,330.78,0.43,0.38,2023-01-02,729,N,VIIRS,n,2,297.45,2.93,D,0
21.88423,82.40006,350.05,0.46,0.39,2023-01-02,729,N,VIIRS,n,2,303.66,36.74,D,0
21.85118,82.21314,332.44,0.47,0.4,2023-01-02,729,N,VIIRS,n,2,301.06,2.12,D,0
22.00536,83.07744,337.13,0.43,0.38,2023-01-02,729,N,VIIRS,n,2,298.29,2.93,D,0
21.92069,82.58707,335.0,0.45,0.39,2023-01-02,729,N,VIIRS,n,2,299.68,5.37,D,0
21.88858,82.40376,332.18,0.46,0.39,2023-01-02,729,N,VIIRS,n,2,300.57,7.41,D,0
21.88781,82.39936,341.51,0.46,0.39,2023-01-02,729,N,VIIRS,n,2,312.21,36.74,D,0
21.89216,82.40305,343.72,0.46,0.39,2023-01-02,729,N,VIIRS,n,2,303.87,22.48,D,0
21.89139,82.39866,330.61,0.46,0.39,2023-01-02,729,N,VIIRS,n,2,298.4,4.74,D,0
21.98306,82.90518,330.69,0.44,0.38,2023-01-02,729,N,VIIRS,n,2,300.3,2.21,D,0
21.9238,82.54163,336.28,0.45,0.39,2023-01-02,729,N,VIIRS,n,2,301.05,6.98,D,0
21.91772,82.50679,352.48,0.45,0.39,2023-01-02,729,N,VIIRS,n,2,304.73,10.94,D,0
21.95415,82.58949,330.13,0.45,0.39,2023-01-02,729,N,VIIRS,l,2,300.99,3.04,D,0
21.45769,79.86655,335.18,0.42,0.45,2023-01-02,729,N,VIIRS,n,2,300.44,2.15,D,0
22.00092,82.81902,328.78,0.44,0.38,2023-01-02,729,N,VIIRS,l,2,300.49,3.98,D,0
21.95075,82.52732,330.89,0.45,0.39,2023-01-02,729,N,VIIRS,n,2,299.95,2.3,D,0
21.95,82.52296,329.74,0.45,0.39,2023-01-02,729,N,VIIRS,n,2,298.96,2.66,D,0
21.89526,82.10142,333.43,0.47,0.4,2023-01-02,729,N,VIIRS,n,2,301.57,3.47,D,0
21.97567,82.52239,332.53,0.45,0.39,2023-01-02,729,N,VIIRS,n,2,301.4,2.85,D,0
22.05462,82.96481,344.43,0.43,0.38,2023-01-02,729,N,VIIRS,n,2,301.06,5.62,D,0
22.05812,82.96413,333.57,0.43,0.38,2023-01-02,729,N,VIIRS,n,2,299.65,5.62,D,0
22.05741,82.95995,332.86,0.43,0.38,2023-01-02,729,N,VIIRS,n,2,298.37,6.21,D,0
22.06984,82.84045,333.3,0.44,0.38,2023-01-02,729,N,VIIRS,n,2,298.77,2.79,D,0
22.06964,82.84118,331.63,0.44,0.38,2023-01-02,729,N,VIIRS,n,2,299.1,2.22,D,0
22.05768,82.64564,339.14,0.45,0.39,2023-01-02,729,N,VIIRS,n,2,301.13,4.9,D,0
22.00086,82.27719,330.68,0.46,0.39,2023-01-02,729,N,VIIRS,n,2,300.82,3.59,D,0
20.51894,74.73992,337.2,0.46,0.63,2023-01-02,729,N,VIIRS,n,2,301.16,2.25,D,0
22.01373,82.15871,333.66,0.47,0.4,2023-01-02,729,N,VIIRS,n,2,301.13,6.43,D,0
22.01295,82.15421,333.99,0.47,0.4,2023-01-02,729,N,VIIRS,n,2,301.4,5.52,D,0
21.36272,78.61271,340.41,0.5,0.49,2023-01-02,729,N,VIIRS,n,2,300.34,4.59,D,0
22.07726,82.35368,335.09,0.46,0.39,2023-01-02,729,N,VIIRS,n,2,300.41,4.06,D,0
22.83883,86.95929,334.28,0.4,0.37,2023-01-02,729,N,VIIRS,n,2,295.59,3.0,D,0
22.16389,82.24596,334.83,0.46,0.39,2023-01-02,729,N,VIIRS,n,2,300.77,3.08,D,0
22.16748,82.24525,331.04,0.46,0.39,2023-01-02,729,N,VIIRS,n,2,301.22,3.08,D,0
22.1408,82.06915,331.32,0.47,0.4,2023-01-02,729,N,VIIRS,n,2,299.72,2.28,D,0
22.20028,82.21677,332.07,0.46,0.39,2023-01-02,729,N,VIIRS,n,2,299.91,2.86,D,0
22.16605,81.98053,332.15,0.48,0.4,2023-01-02,729,N,VIIRS,n,2,299.79,5.38,D,0
23.09927,87.93483,329.2,0.43,0.38,2023-01-02,729,N,VIIRS,n,2,295.99,2.27,D,0
21.04077,76.12276,354.49,0.37,0.58,2023-01-02,729,N,VIIRS,n,2,300.23,4.84,D,0
22.23567,82.16343,329.12,0.47,0.39,2023-01-02,729,N,VIIRS,l,2,301.03,2.16,D,0
23.11836,87.73727,334.05,0.42,0.38,2023-01-02,729,N,VIIRS,n,2,297.18,3.24,D,0
22.23618,82.03722,331.9,0.47,0.4,2023-01-02,729,N,VIIRS,n,2,300.88,1.36,D,0
23.13102,87.75205,327.81,0.42,0.38,2023-01-02,729,N,VIIRS,n,2,296.46,1.91,D,0
23.19632,87.80196,331.15,0.42,0.38,2023-01-02,729,N,VIIRS,n,2,298.22,2.46,D,0
23.23392,88.02637,334.85,0.43,0.38,2023-01-02,729,N,VIIRS,n,2,298.2,2.98,D,0
23.25647,88.11363,337.58,0.43,0.38,2023-01-02,729,N,VIIRS,n,2,297.91,4.49,D,0
23.70628,91.41682,331.99,0.43,0.46,2023-01-02,729,N,VIIRS,n,2,296.92,3.13,D,0
23.17815,87.14445,338.88,0.4,0.37,2023-01-02,729,N,VIIRS,n,2,296.33,6.04,D,0
23.28202,87.61626,325.92,0.42,0.38,2023-01-02,729,N,VIIRS,l,2,296.91,4.5,D,0
23.30869,87.75902,327.96,0.42,0.38,2023-01-02,729,N,VIIRS,n,2,297.04,2.29,D,0
23.36025,87.57904,326.5,0.42,0.37,2023-01-02,729,N,VIIRS,n,2,297.81,1.4,D,0
23.43037,88.01825,328.52,0.43,0.38,2023-01-02,729,N,VIIRS,n,2,297.79,2.33,D,0
23.37685,87.59726,339.1,0.42,0.38,2023-01-02,729,N,VIIRS,n,2,298.12,5.67,D,0
23.41528,87.64556,337.56,0.42,0.38,2023-01-02,729,N,VIIRS,n,2,298.16,2.59,D,0
23.47766,88.0498,343.24,0.43,0.38,2023-01-02,729,N,VIIRS,n,2,298.99,4.77,D,0
23.38889,87.3795,332.07,0.41,0.37,2023-01-02,729,N,VIIRS,n,2,297.78,1.95,D,0
23.66089,87.97081,327.71,0.43,0.38,2023-01-02,729,N,VIIRS,n,2,297.55,2.49,D,0
23.56089,87.24149,327.46,0.41,0.37,2023-01-02,729,N,VIIRS,n,2,296.28,2.85,D,2
21.33677,74.88098,342.0,0.43,0.62,2023-01-02,729,N,VIIRS,n,2,299.79,3.39,D,0
23.73778,87.4361,331.8,0.42,0.37,2023-01-02,729,N,VIIRS,n,2,297.42,2.84,D,0
23.79913,87.85429,326.49,0.43,0.38,2023-01-02,729,N,VIIRS,l,2,297.28,1.56,D,0
23.74635,87.47229,334.24,0.42,0.37,2023-01-02,729,N,VIIRS,n,2,297.07,2.47,D,0
23.91337,88.08562,330.24,0.44,0.38,2023-01-02,729,N,VIIRS,n,2,294.16,2.38,D,0
23.68397,86.39506,336.15,0.39,0.36,2023-01-02,729,N,VIIRS,n,2,296.15,3.94,D,2
23.68676,86.39066,330.24,0.39,0.36,2023-01-02,729,N,VIIRS,n,2,296.87,3.94,D,2
23.69011,86.39008,325.71,0.39,0.36,2023-01-02,729,N,VIIRS,l,2,298.87,2.49,D,2
23.8017,87.04694,327.63,0.41,0.37,2023-01-02,729,N,VIIRS,l,2,298.86,2.48,D,2
23.68518,86.08538,327.06,0.39,0.36,2023-01-02,729,N,VIIRS,n,2,292.42,2.48,D,2
23.70404,86.07433,333.46,0.39,0.36,2023-01-02,729,N,VIIRS,n,2,295.62,3.02,D,2
23.75854,86.40186,336.19,0.39,0.36,2023-01-02,729,N,VIIRS,n,2,298.76,4.82,D,2
21.10651,72.64777,330.85,0.6,0.71,2023-01-02,729,N,VIIRS,n,2,298.9,6.53,D,2
23.78141,86.394,328.41,0.39,0.36,2023-01-02,729,N,VIIRS,l,2,299.62,5.43,D,2
23.78141,86.34676,331.5,0.39,0.36,2023-01-02,729,N,VIIRS,n,2,298.25,3.45,D,2
23.78642,86.33411,333.9,0.39,0.36,2023-01-02,729,N,VIIRS,n,2,300.82,4.26,D,2
23.79255,86.35272,345.28,0.39,0.36,2023-01-02,729,N,VIIRS,n,2,298.92,3.94,D,2
23.7959,86.35215,335.14,0.39,0.36,2023-01-02,729,N,VIIRS,n,2,297.94,3.94,D,2
23.77521,86.21045,328.03,0.39,0.36,2023-01-02,729,N,VIIRS,n,2,296.02,2.39,D,2
23.78188,86.20929,340.98,0.39,0.36,2023-01-02,729,N,VIIRS,n,2,299.46,4.79,D,2
23.80313,86.33121,333.02,0.39,0.36,2023-01-02,729,N,VIIRS,n,2,298.38,2.63,D,2
23.80647,86.33065,333.61,0.39,0.36,2023-01-02,729,N,VIIRS,n,2,298.55,2.63,D,2
21.66175,74.65929,332.78,0.44,0.62,2023-01-02,729,N,VIIRS,n,2,301.37,2.55,D,0
23.82485,85.49934,327.15,0.38,0.36,2023-01-02,729,N,VIIRS,n,2,300.23,3.68,D,2
22.71921,78.56707,340.46,0.48,0.48,2023-01-02,729,N,VIIRS,n,2,295.89,9.27,D,0
24.99969,94.05753,329.15,0.33,0.55,2023-01-02,729,N,VIIRS,n,2,292.52,2.74,D,0
22.86497,78.50063,325.79,0.48,0.48,2023-01-02,730,N,VIIRS,n,2,294.7,2.51,D,0
22.94692,78.66051,327.85,0.47,0.48,2023-01-02,730,N,VIIRS,n,2,294.14,2.42,D,0
22.78378,77.55458,341.3,0.55,0.51,2023-01-02,730,N,VIIRS,n,2,298.89,10.74,D,0
23.08382,78.8456,330.4,0.45,0.47,2023-01-02,730,N,VIIRS,n,2,295.56,3.38,D,0
25.28441,92.52349,328.04,0.53,0.5,2023-01-02,730,N,VIIRS,n,2,294.52,4.23,D,0
25.19942,91.13595,330.06,0.43,0.46,2023-01-02,730,N,VIIRS,n,2,295.39,3.06,D,0
22.09387,73.11505,339.46,0.53,0.67,2023-01-02,730,N,VIIRS,n,2,297.93,4.48,D,0
25.33898,91.89828,346.11,0.48,0.48,2023-01-02,730,N,VIIRS,n,2,294.23,7.51,D,0
25.3867,92.17442,328.71,0.5,0.49,2023-01-02,730,N,VIIRS,n,2,295.2,4.0,D,0
25.39124,92.17376,328.21,0.5,0.49,2023-01-02,730,N,VIIRS,n,2,291.75,4.0,D,0
25.60036,92.58714,326.29,0.54,0.51,2023-01-02,730,N,VIIRS,n,2,292.04,3.39,D,0
25.66714,92.14789,338.29,0.5,0.49,2023-01-02,730,N,VIIRS,n,2,291.51,5.17,D,0
26.07466,94.4249,367.0,0.35,0.57,2023-01-02,730,N,VIIRS,h,2,294.37,6.84,D,0
26.07437,94.42155,352.36,0.35,0.57,2023-01-02,730,N,VIIRS,n,2,293.21,6.84,D,0
24.54988,79.80367,326.49,0.57,0.43,2023-01-02,730,N,VIIRS,n,2,293.42,4.56,D,0
26.82468,95.32684,345.02,0.41,0.61,2023-01-02,730,N,VIIRS,n,2,292.26,10.51,D,0
26.82425,95.32145,339.26,0.41,0.61,2023-01-02,730,N,VIIRS,n,2,289.77,6.74,D,0
26.8587,95.32602,331.81,0.41,0.61,2023-01-02,730,N,VIIRS,n,2,287.41,6.29,D,0
26.861,95.32202,340.38,0.41,0.61,2023-01-02,730,N,VIIRS,n,2,286.98,5.53,D,0
26.87257,95.32475,367.0,0.41,0.61,2023-01-02,730,N,VIIRS,h,2,292.34,7.93,D,0
26.87296,95.32988,353.78,0.41,0.61,2023-01-02,730,N,VIIRS,n,2,289.91,7.93,D,0
26.8782,95.32404,337.56,0.41,0.61,2023-01-02,730,N,VIIRS,n,2,289.78,7.93,D,0
27.07357,95.52545,334.18,0.42,0.61,2023-01-02,730,N,VIIRS,n,2,289.87,5.05,D,0
27.07465,95.52514,333.21,0.42,0.61,2023-01-02,730,N,VIIRS,n,2,289.1,4.35,D,0
26.57939,89.45911,332.76,0.54,0.42,2023-01-02,730,N,VIIRS,n,2,294.69,2.95,D,0
26.88385,92.15141,327.15,0.52,0.5,2023-01-02,730,N,VIIRS,n,2,294.47,2.36,D,0
26.88247,92.149,325.51,0.52,0.5,2023-01-02,730,N,VIIRS,l,2,297.1,6.3,D,0
26.83679,89.35355,331.77,0.54,0.42,2023-01-02,730,N,VIIRS,n,2,296.9,6.43,D,0
25.69609,78.27786,326.37,0.44,0.46,2023-01-02,730,N,VIIRS,n,2,292.11,2.52,D,0
25.84365,75.04484,336.11,0.34,0.56,2023-01-02,731,N,VIIRS,n,2,295.72,3.0,D,0
27.3267,81.50049,329.25,0.43,0.38,2023-01-02,731,N,VIIRS,n,2,290.31,3.25,D,0
27.52143,81.74915,328.71,0.42,0.38,2023-01-02,731,N,VIIRS,n,2,293.24,2.1,D,0
27.47679,80.50323,330.09,0.47,0.4,2023-01-02,731,N,VIIRS,n,2,287.09,4.0,D,0
27.50506,80.38765,329.84,0.48,0.4,2023-01-02,731,N,VIIRS,n,2,288.51,3.55,D,0
27.76162,80.60352,329.44,0.46,0.39,2023-01-02,731,N,VIIRS,n,2,289.55,3.72,D,0
27.66045,79.99274,329.93,0.49,0.41,2023-01-02,731,N,VIIRS,n,2,290.02,2.68,D,0
27.81465,80.58416,326.95,0.46,0.39,2023-01-02,731,N,VIIRS,n,2,290.36,2.0,D,0
28.03092,81.41399,330.95,0.43,0.38,2023-01-02,731,N,VIIRS,n,2,289.86,3.28,D,0
27.86371,80.16837,326.32,0.48,0.4,2023-01-02,731,N,VIIRS,n,2,291.01,2.38,D,0
27.93979,79.96863,329.71,0.49,0.4,2023-01-02,731,N,VIIRS,n,2,291.1,6.55,D,0
28.1019,80.84751,327.52,0.45,0.39,2023-01-02,731,N,VIIRS,n,2,290.25,2.71,D,0
28.1235,80.16784,325.41,0.48,0.4,2023-01-02,731,N,VIIRS,n,2,290.83,2.66,D,0
28.12537,80.16428,326.92,0.48,0.4,2023-01-02,731,N,VIIRS,n,2,289.09,2.56,D,0
28.15841,80.28172,327.11,0.47,0.4,2023-01-02,731,N,VIIRS,n,2,289.66,2.49,D,0
28.12393,79.97131,329.39,0.49,0.4,2023-01-02,731,N,VIIRS,n,2,290.52,5.5,D,0
28.08051,79.57147,330.18,0.51,0.41,2023-01-02,731,N,VIIRS,n,2,288.86,3.68,D,0
28.08618,79.58088,332.69,0.51,0.41,2023-01-02,731,N,VIIRS,n,2,288.5,3.88,D,0
28.3103,80.68956,327.26,0.45,0.39,2023-01-02,731,N,VIIRS,n,2,291.32,3.01,D,0
28.18092,79.9477,325.59,0.49,0.4,2023-01-02,731,N,VIIRS,n,2,290.2,2.35,D,0
28.18455,79.66796,326.2,0.5,0.41,2023-01-02,731,N,VIIRS,n,2,289.58,2.48,D,0
28.32699,80.02425,330.7,0.48,0.4,2023-01-02,731,N,VIIRS,n,2,291.85,3.63,D,0
28.32574,80.0266,330.1,0.48,0.4,2023-01-02,731,N,VIIRS,n,2,291.32,3.01,D,0
28.39276,80.26698,329.71,0.47,0.4,2023-01-02,731,N,VIIRS,n,2,292.06,2.69,D,0
28.50961,80.54273,325.48,0.46,0.39,2023-01-02,731,N,VIIRS,n,2,291.51,1.77,D,0
28.69242,80.26046,331.51,0.47,0.39,2023-01-02,731,N,VIIRS,n,2,292.5,4.45,D,0
28.6927,80.25817,334.07,0.47,0.39,2023-01-02,731,N,VIIRS,n,2,291.37,5.07,D,0
28.80922,79.52496,327.85,0.5,0.41,2023-01-02,731,N,VIIRS,n,2,291.89,3.84,D,0
28.84504,79.40412,325.11,0.51,0.41,2023-01-02,731,N,VIIRS,n,2,290.82,3.37,D,0
28.95413,79.75963,329.74,0.49,0.4,2023-01-02,731,N,VIIRS,n,2,293.31,3.37,D,0
28.91693,79.39481,329.49,0.51,0.41,2023-01-02,731,N,VIIRS,n,2,291.64,1.9,D,0
28.87122,78.00524,328.15,0.4,0.44,2023-01-02,731,N,VIIRS,n,2,288.94,1.74,D,0
28.91333,78.11218,337.1,0.39,0.44,2023-01-02,731,N,VIIRS,n,2,290.3,3.2,D,0
28.86556,77.86989,325.1,0.4,0.45,2023-01-02,731,N,VIIRS,n,2,288.97,2.06,D,0
29.16875,79.09808,329.08,0.52,0.41,2023-01-02,731,N,VIIRS,n,2,291.75,4.12,D,0
29.07363,78.05087,337.29,0.39,0.44,2023-01-02,731,N,VIIRS,n,2,290.35,3.71,D,0
29.93845,80.53337,339.87,0.44,0.38,2023-01-02,731,N,VIIRS,n,2,297.83,5.48,D,0
29.93838,80.53476,330.97,0.44,0.38,2023-01-02,731,N,VIIRS,n,2,294.74,3.52,D,0
29.95598,80.16198,350.01,0.45,0.39,2023-01-02,731,N,VIIRS,n,2,290.73,6.86,D,0
29.95398,79.77354,329.47,0.47,0.4,2023-01-02,731,N,VIIRS,n,2,291.3,3.71,D,0
29.91194,74.95032,344.16,0.56,0.52,2023-01-02,732,N,VIIRS,n,2,296.48,25.56,D,2
29.91162,74.94792,347.83,0.56,0.52,2023-01-02,732,N,VIIRS,n,2,295.57,31.83,D,2
30.78283,78.37504,337.26,0.53,0.42,2023-01-02,732,N,VIIRS,n,2,288.7,5.63,D,0
31.09455,78.16772,326.48,0.54,0.42,2023-01-02,732,N,VIIRS,n,2,292.42,4.26,D,0
31.08196,77.81364,326.28,0.56,0.43,2023-01-02,732,N,VIIRS,n,2,293.85,5.35,D,0
9.96987,76.3728,333.21,0.68,0.74,2023-01-02,907,N,VIIRS,n,2,294.87,6.89,D,0
12.77137,74.98814,329.5,0.6,0.7,2023-01-02,907,N,VIIRS,n,2,297.48,6.21,D,0
13.75911,76.54794,347.56,0.78,0.78,2023-01-02,908,N,VIIRS,n,2,300.29,12.42,D,0
13.75947,76.54432,350.68,0.78,0.78,2023-01-02,908,N,VIIRS,n,2,301.23,11.71,D,0
14.36625,75.70715,335.45,0.7,0.75,2023-01-02,908,N,VIIRS,n,2,300.39,4.18,D,0
14.35779,75.33216,333.07,0.66,0.73,2023-01-02,908,N,VIIRS,n,2,298.33,5.56,D,0
15.05718,75.2849,354.48,0.67,0.73,2023-01-02,908,N,VIIRS,n,2,302.25,11.61,D,0
15.05731,75.28174,351.61,0.67,0.73,2023-01-02,908,N,VIIRS,n,2,300.97,15.17,D,0
15.80697,74.90347,331.48,0.64,0.72,2023-01-02,908,N,VIIRS,n,2,299.72,3.64,D,0
16.39929,76.01416,339.99,0.77,0.77,2023-01-02,908,N,VIIRS,n,2,297.76,5.29,D,0
16.63672,75.15755,336.41,0.68,0.74,2023-01-02,908,N,VIIRS,n,2,299.45,9.12,D,0
16.57512,73.72453,330.39,0.55,0.68,2023-01-02,908,N,VIIRS,n,2,302.03,5.49,D,0
16.65908,74.44173,343.65,0.61,0.71,2023-01-02,908,N,VIIRS,n,2,301.23,6.83,D,0
16.66247,74.43787,342.58,0.61,0.71,2023-01-02,908,N,VIIRS,n,2,300.78,12.69,D,0
17.2257,76.04574,333.71,0.79,0.78,2023-01-02,909,N,VIIRS,n,2,296.05,3.01,D,0
17.73143,75.26714,332.04,0.71,0.75,2023-01-02,909,N,VIIRS,n,2,298.52,6.71,D,0
18.01167,74.57243,367.0,0.65,0.73,2023-01-02,909,N,VIIRS,h,2,301.02,24.81,D,0
18.01398,74.57382,367.0,0.65,0.73,2023-01-02,909,N,VIIRS,h,2,300.99,22.04,D,0
18.26077,72.9488,331.41,0.51,0.66,2023-01-02,909,N,VIIRS,n,2,299.23,3.71,D,0
18.35358,73.39053,346.73,0.55,0.68,2023-01-02,909,N,VIIRS,n,2,301.81,6.1,D,0
18.35571,73.38989,339.79,0.55,0.68,2023-01-02,909,N,VIIRS,n,2,300.62,8.83,D,0
18.54517,74.55247,367.0,0.65,0.73,2023-01-02,909,N,VIIRS,h,2,301.84,19.02,D,0
18.53923,74.55617,339.49,0.65,0.73,2023-01-02,909,N,VIIRS,n,2,302.15,9.01,D,0
18.54605,74.55555,352.54,0.65,0.73,2023-01-02,909,N,VIIRS,n,2,299.77,9.01,D,0
18.62469,73.06995,333.48,0.52,0.67,2023-01-02,909,N,VIIRS,n,2,299.86,3.77,D,0
18.62421,73.06484,337.28,0.52,0.67,2023-01-02,909,N,VIIRS,n,2,300.09,3.77,D,0
18.62165,73.06618,341.14,0.53,0.67,2023-01-02,909,N,VIIRS,n,2,300.78,8.38,D,0
18.9224,73.37235,355.12,0.55,0.68,2023-01-02,909,N,VIIRS,n,2,303.66,8.02,D,0
18.96932,73.18573,343.68,0.54,0.68,2023-01-02,909,N,VIIRS,n,2,304.96,5.68,D,0
18.9663,73.18834,332.84,0.54,0.68,2023-01-02,909,N,VIIRS,n,2,302.65,4.36,D,0
19.41018,73.18928,335.95,0.55,0.68,2023-01-02,909,N,VIIRS,l,2,306.09,6.08,D,0
21.11712,72.85734,347.13,0.54,0.68,2023-01-02,910,N,VIIRS,n,2,301.43,4.42,D,0
21.10516,72.64558,342.1,0.52,0.67,2023-01-02,910,N,VIIRS,n,2,299.49,5.96,D,2
21.31216,74.85342,337.66,0.73,0.76,2023-01-02,910,N,VIIRS,n,2,299.03,8.15,D,0
21.11901,72.8559,341.63,0.54,0.68,2023-01-02,910,N,VIIRS,n,2,301.54,6.93,D,0
21.10882,72.64901,333.54,0.53,0.67,2023-01-02,910,N,VIIRS,n,2,299.4,10.38,D,2
21.31527,74.85397,331.9,0.73,0.76,2023-01-02,910,N,VIIRS,n,2,298.22,6.57,D,0
21.20132,73.0799,339.81,0.56,0.69,2023-01-02,910,N,VIIRS,n,2,299.18,7.56,D,0
21.20086,73.07433,336.18,0.56,0.69,2023-01-02,910,N,VIIRS,n,2,298.91,3.47,D,0
21.75424,72.67329,332.83,0.54,0.67,2023-01-02,910,N,VIIRS,n,2,300.21,2.77,D,0
21.70329,69.94389,332.44,0.36,0.57,2023-01-02,910,N,VIIRS,n,2,302.4,2.23,D,0
22.2618,72.87457,343.75,0.56,0.69,2023-01-02,910,N,VIIRS,n,2,294.65,5.5,D,0
22.1098,69.75851,332.46,0.35,0.57,2023-01-02,910,N,VIIRS,n,2,306.83,1.39,D,0
22.54918,73.46269,349.8,0.61,0.71,2023-01-02,910,N,VIIRS,n,2,295.77,4.04,D,0
22.54646,73.4638,337.86,0.61,0.71,2023-01-02,910,N,VIIRS,n,2,294.92,3.24,D,0
27.21697,71.59117,348.09,0.52,0.67,2023-01-02,912,N,VIIRS,n,2,299.92,6.3,D,0
27.2147,71.58856,349.68,0.52,0.67,2023-01-02,912,N,VIIRS,n,2,299.77,8.36,D,0
31.30635,77.08141,299.49,0.39,0.59,2023-01-02,1955,N,VIIRS,n,2,275.15,0.76,N,0
27.60577,95.40034,299.26,0.56,0.51,2023-01-02,1956,N,VIIRS,n,2,282.44,0.62,N,2
27.45921,95.47773,296.78,0.57,0.52,2023-01-02,1956,N,VIIRS,n,2,282.11,0.86,N,2
27.31665,95.26313,319.33,0.55,0.51,2023-01-02,1956,N,VIIRS,n,2,282.79,2.43,N,0
29.916,74.94374,299.57,0.5,0.66,2023-01-02,1956,N,VIIRS,n,2,279.0,18.39,N,0
29.91569,74.9491,307.74,0.5,0.66,2023-01-02,1956,N,VIIRS,n,2,279.2,6.68,N,0
29.91538,74.95447,295.37,0.5,0.66,2023-01-02,1956,N,VIIRS,n,2,279.57,6.68,N,0
29.90984,74.94319,367.0,0.5,0.66,2023-01-02,1956,N,VIIRS,h,2,285.63,18.39,N,2
29.90953,74.94855,367.0,0.5,0.66,2023-01-02,1956,N,VIIRS,h,2,279.13,6.68,N,2
29.91015,74.93782,299.95,0.5,0.66,2023-01-02,1956,N,VIIRS,n,2,278.59,18.39,N,0
29.90922,74.95392,314.28,0.5,0.66,2023-01-02,1956,N,VIIRS,n,2,278.64,6.68,N,2
29.90337,74.94799,299.24,0.5,0.66,2023-01-02,1956,N,VIIRS,n,2,278.69,1.32,N,0
29.91627,74.94556,298.92,0.5,0.66,2023-01-02,1956,N,VIIRS,n,2,279.12,1.93,N,0
29.91593,74.95092,302.27,0.5,0.66,2023-01-02,1956,N,VIIRS,n,2,279.65,2.22,N,0
29.91012,74.94505,350.36,0.5,0.66,2023-01-02,1956,N,VIIRS,n,2,285.37,17.48,N,2
29.90978,74.95039,347.5,0.5,0.66,2023-01-02,1956,N,VIIRS,n,2,278.89,5.69,N,2
29.91046,74.93967,313.41,0.5,0.66,2023-01-02,1956,N,VIIRS,n,2,279.01,17.48,N,0
29.90943,74.95575,303.89,0.5,0.66,2023-01-02,1956,N,VIIRS,n,2,278.41,5.69,N,2
29.90396,74.9445,296.29,0.5,0.66,2023-01-02,1956,N,VIIRS,n,2,278.47,17.48,N,0
29.90362,74.94987,299.2,0.5,0.66,2023-01-02,1956,N,VIIRS,n,2,278.26,5.69,N,0
28.9396,76.82053,299.56,0.38,0.59,2023-01-02,1956,N,VIIRS,n,2,280.67,0.65,N,0
26.08552,93.95277,295.92,0.49,0.49,2023-01-02,1956,N,VIIRS,n,2,284.45,0.4,N,0
26.52158,90.53484,297.66,0.47,0.4,2023-01-02,1956,N,VIIRS,n,2,283.66,0.96,N,2
23.77799,86.38985,296.86,0.38,0.36,2023-01-02,1957,N,VIIRS,n,2,286.41,0.48,N,2
23.72931,86.43871,301.42,0.39,0.36,2023-01-02,1957,N,VIIRS,n,2,291.24,0.81,N,2
23.72089,86.44874,309.83,0.39,0.36,2023-01-02,1957,N,VIIRS,n,2,293.47,1.33,N,2
23.71878,86.44059,303.86,0.39,0.36,2023-01-02,1957,N,VIIRS,n,2,287.73,1.23,N,2
23.71487,86.44373,300.28,0.39,0.36,2023-01-02,1957,N,VIIRS,n,2,286.78,1.88,N,2
23.68978,86.38943,316.99,0.38,0.36,2023-01-02,1957,N,VIIRS,n,2,292.83,2.3,N,2
23.68588,86.39256,336.85,0.38,0.36,2023-01-02,1957,N,VIIRS,n,2,291.48,2.28,N,2
23.68648,86.38881,304.06,0.38,0.36,2023-01-02,1957,N,VIIRS,n,2,288.59,2.17,N,2
23.68257,86.39194,311.0,0.38,0.36,2023-01-02,1957,N,VIIRS,n,2,289.13,2.28,N,2
23.68197,86.39569,318.83,0.38,0.36,2023-01-02,1957,N,VIIRS,n,2,287.5,2.28,N,2
23.67927,86.39132,300.07,0.38,0.36,2023-01-02,1957,N,VIIRS,n,2,287.37,1.37,N,0
23.67806,86.39883,313.68,0.38,0.36,2023-01-02,1957,N,VIIRS,n,2,290.65,2.06,N,2
23.75739,85.85401,304.32,0.38,0.36,2023-01-02,1957,N,VIIRS,n,2,288.09,1.18,N,2
23.66725,86.42386,299.85,0.39,0.36,2023-01-02,1957,N,VIIRS,n,2,287.26,0.86,N,0
23.48548,87.36807,301.79,0.4,0.37,2023-01-02,1957,N,VIIRS,n,2,287.07,1.26,N,0
23.68396,86.08339,296.58,0.38,0.36,2023-01-02,1957,N,VIIRS,n,2,286.03,0.58,N,2
23.68278,86.09088,299.55,0.38,0.36,2023-01-02,1957,N,VIIRS,n,2,286.91,0.92,N,2
23.68218,86.09462,314.22,0.38,0.36,2023-01-02,1957,N,VIIRS,n,2,287.12,0.92,N,2
23.67676,86.08591,297.49,0.38,0.36,2023-01-02,1957,N,VIIRS,n,2,287.29,1.25,N,2
23.67262,86.11212,295.86,0.38,0.36,2023-01-02,1957,N,VIIRS,n,2,285.17,0.5,N,2
23.66897,86.09216,301.24,0.38,0.36,2023-01-02,1957,N,VIIRS,n,2,287.15,0.78,N,2
23.63025,86.29323,297.55,0.38,0.36,2023-01-02,1957,N,VIIRS,n,2,287.32,1.03,N,2
23.67008,84.98983,295.99,0.39,0.36,2023-01-02,1957,N,VIIRS,n,2,285.94,0.96,N,2
23.66893,84.99746,298.63,0.39,0.36,2023-01-02,1957,N,VIIRS,n,2,286.92,0.52,N,2
23.66559,84.99687,296.87,0.39,0.36,2023-01-02,1957,N,VIIRS,n,2,284.06,1.3,N,2
24.65993,74.63103,301.38,0.47,0.64,2023-01-02,1957,N,VIIRS,n,2,285.2,1.59,N,2
24.64382,74.68183,295.63,0.47,0.64,2023-01-02,1957,N,VIIRS,n,2,283.94,0.71,N,0
23.98919,79.39095,298.13,0.46,0.47,2023-01-02,1957,N,VIIRS,n,2,284.04,0.86,N,2
22.85786,86.05744,301.01,0.38,0.36,2023-01-02,1957,N,VIIRS,n,2,288.22,0.91,N,2
22.79769,86.1998,299.64,0.39,0.36,2023-01-02,1957,N,VIIRS,n,2,289.29,0.57,N,2
22.79709,86.20353,300.06,0.39,0.36,2023-01-02,1957,N,VIIRS,n,2,288.42,0.57,N,2
22.7965,86.20727,306.65,0.39,0.36,2023-01-02,1957,N,VIIRS,n,2,289.53,0.86,N,2
22.79439,86.19919,313.85,0.39,0.36,2023-01-02,1957,N,VIIRS,n,2,289.14,1.41,N,3
22.79259,86.21038,305.24,0.39,0.36,2023-01-02,1957,N,VIIRS,n,2,288.44,0.84,N,2
22.79108,86.19857,310.41,0.39,0.36,2023-01-02,1957,N,VIIRS,n,2,291.18,1.41,N,2
22.78988,86.20602,303.53,0.39,0.36,2023-01-02,1957,N,VIIRS,n,2,290.07,0.84,N,2
22.78929,86.20975,307.72,0.39,0.36,2023-01-02,1957,N,VIIRS,n,2,289.15,0.84,N,2
22.78777,86.19796,320.89,0.39,0.36,2023-01-02,1957,N,VIIRS,n,2,290.6,2.96,N,2
22.78494,86.00642,297.25,0.38,0.36,2023-01-02,1957,N,VIIRS,n,2,286.06,0.36,N,0
23.16955,82.34446,298.01,0.47,0.4,2023-01-02,1957,N,VIIRS,n,2,285.27,0.56,N,2
23.16653,82.33927,314.53,0.47,0.4,2023-01-02,1957,N,VIIRS,n,2,285.7,1.81,N,2
22.37852,87.28082,311.48,0.4,0.37,2023-01-02,1957,N,VIIRS,n,2,290.53,1.02,N,2
22.37516,87.28017,299.72,0.4,0.37,2023-01-02,1957,N,VIIRS,n,2,288.84,1.02,N,2
22.36775,87.2998,309.01,0.4,0.37,2023-01-02,1957,N,VIIRS,n,2,289.1,0.86,N,0
22.59122,85.90314,306.06,0.38,0.36,2023-01-02,1957,N,VIIRS,n,2,288.25,1.13,N,2
22.36438,87.29914,319.96,0.4,0.37,2023-01-02,1957,N,VIIRS,n,2,291.7,1.45,N,2
22.36374,87.30302,301.62,0.4,0.37,2023-01-02,1957,N,VIIRS,n,2,289.56,1.45,N,2
22.58732,85.90626,308.53,0.38,0.36,2023-01-02,1957,N,VIIRS,n,2,288.64,1.13,N,2
22.35893,87.29008,301.73,0.4,0.37,2023-01-02,1957,N,VIIRS,n,2,289.43,1.11,N,2
22.36615,87.01749,315.06,0.4,0.37,2023-01-02,1957,N,VIIRS,n,2,290.77,1.48,N,2
22.3628,87.01685,300.81,0.4,0.37,2023-01-02,1957,N,VIIRS,n,2,288.9,1.03,N,2
22.06314,88.12048,298.25,0.43,0.38,2023-01-02,1957,N,VIIRS,n,2,287.15,0.2,N,2
22.05478,88.12731,329.03,0.43,0.38,2023-01-02,1957,N,VIIRS,n,2,291.46,1.99,N,2
22.0555,88.1232,305.31,0.43,0.38,2023-01-02,1957,N,VIIRS,n,2,293.14,1.6,N,2
22.05203,88.12251,318.98,0.43,0.38,2023-01-02,1957,N,VIIRS,n,2,292.31,2.06,N,2
22.05132,88.12663,309.27,0.43,0.38,2023-01-02,1957,N,VIIRS,n,2,290.53,1.28,N,2
22.31407,84.76669,300.25,0.39,0.36,2023-01-02,1958,N,VIIRS,n,2,288.58,0.91,N,2
22.21869,84.87727,303.66,0.39,0.36,2023-01-02,1958,N,VIIRS,n,2,287.35,0.65,N,2
22.13241,85.4169,298.78,0.38,0.36,2023-01-02,1958,N,VIIRS,n,2,286.42,0.93,N,2
22.21392,84.86866,315.45,0.39,0.36,2023-01-02,1958,N,VIIRS,n,2,288.81,1.82,N,2
22.13432,85.38293,299.26,0.38,0.36,2023-01-02,1958,N,VIIRS,n,2,286.64,0.56,N,2
22.21117,84.86433,304.87,0.39,0.36,2023-01-02,1958,N,VIIRS,n,2,290.77,1.16,N,2
22.2113,84.84122,307.01,0.39,0.36,2023-01-02,1958,N,VIIRS,n,2,288.32,0.92,N,2
22.21015,84.84873,307.08,0.39,0.36,2023-01-02,1958,N,VIIRS,n,2,288.78,0.87,N,2
22.20842,84.85999,301.51,0.39,0.36,2023-01-02,1958,N,VIIRS,n,2,288.79,1.13,N,2
22.20727,84.86749,312.4,0.39,0.36,2023-01-02,1958,N,VIIRS,n,2,288.53,1.16,N,2
22.20357,84.57679,301.07,0.39,0.36,2023-01-02,1958,N,VIIRS,n,2,288.14,0.51,N,2
22.05373,85.46366,309.18,0.38,0.36,2023-01-02,1958,N,VIIRS,n,2,287.64,1.56,N,2
22.09818,84.3763,297.08,0.39,0.37,2023-01-02,1958,N,VIIRS,n,2,286.84,0.58,N,2
22.33776,82.64816,299.17,0.45,0.39,2023-01-02,1958,N,VIIRS,n,2,287.75,0.49,N,2
22.31413,82.74143,309.96,0.44,0.39,2023-01-02,1958,N,VIIRS,n,2,288.13,1.48,N,0
22.32175,82.65882,298.79,0.45,0.39,2023-01-02,1958,N,VIIRS,n,2,287.52,1.58,N,2
22.32432,82.67435,298.52,0.45,0.39,2023-01-02,1958,N,VIIRS,n,2,287.73,0.56,N,2
22.31458,82.74328,308.04,0.44,0.39,2023-01-02,1958,N,VIIRS,n,2,287.04,1.61,N,0
22.33053,82.6044,301.9,0.45,0.39,2023-01-02,1958,N,VIIRS,n,2,289.68,0.69,N,2
22.3232,82.6565,298.1,0.45,0.39,2023-01-02,1958,N,VIIRS,n,2,287.38,0.74,N,0
22.32259,82.66081,305.77,0.45,0.39,2023-01-02,1958,N,VIIRS,n,2,288.14,1.4,N,2
22.32461,82.59457,317.39,0.45,0.39,2023-01-02,1958,N,VIIRS,n,2,289.1,2.04,N,2
22.32959,82.53284,301.4,0.45,0.39,2023-01-02,1958,N,VIIRS,n,2,288.83,0.74,N,2
22.32165,82.58967,301.32,0.45,0.39,2023-01-02,1958,N,VIIRS,n,2,288.42,0.82,N,0
21.92971,85.21809,305.21,0.38,0.36,2023-01-02,1958,N,VIIRS,n,2,286.47,0.97,N,2
21.92913,85.22179,312.54,0.38,0.36,2023-01-02,1958,N,VIIRS,n,2,288.65,1.63,N,2
22.31292,82.52122,300.22,0.45,0.39,2023-01-02,1958,N,VIIRS,n,2,287.87,1.22,N,0
22.1092,83.56035,302.87,0.41,0.37,2023-01-02,1958,N,VIIRS,n,2,287.94,0.79,N,0
22.10407,83.52258,301.81,0.41,0.37,2023-01-02,1958,N,VIIRS,n,2,287.71,0.79,N,0
22.05813,83.72392,310.83,0.41,0.37,2023-01-02,1958,N,VIIRS,n,2,289.95,1.03,N,2
22.05414,83.72729,300.59,0.41,0.37,2023-01-02,1958,N,VIIRS,n,2,287.72,1.03,N,2
22.04218,83.73741,303.76,0.41,0.37,2023-01-02,1958,N,VIIRS,n,2,288.81,1.93,N,2
22.03595,83.73234,299.04,0.41,0.37,2023-01-02,1958,N,VIIRS,n,2,288.9,0.61,N,0
22.02394,83.7666,307.72,0.41,0.37,2023-01-02,1958,N,VIIRS,n,2,289.66,1.28,N,0
22.03825,83.35216,305.42,0.42,0.38,2023-01-02,1958,N,VIIRS,n,2,289.07,1.05,N,2
22.03365,83.35964,298.55,0.42,0.38,2023-01-02,1958,N,VIIRS,n,2,288.2,1.66,N,2
22.02387,83.37871,299.37,0.42,0.38,2023-01-02,1958,N,VIIRS,n,2,288.05,0.71,N,2
22.02043,83.37814,303.61,0.42,0.38,2023-01-02,1958,N,VIIRS,n,2,287.94,0.71,N,2
22.00778,83.32758,298.33,0.42,0.38,2023-01-02,1958,N,VIIRS,n,2,288.27,0.29,N,2
21.98613,83.23223,307.17,0.42,0.38,2023-01-02,1958,N,VIIRS,n,2,290.72,1.83,N,2
21.97803,83.23927,302.92,0.42,0.38,2023-01-02,1958,N,VIIRS,n,2,289.14,0.7,N,2
21.8583,83.96744,304.1,0.4,0.37,2023-01-02,1958,N,VIIRS,n,2,289.36,1.08,N,0
21.92494,83.33862,323.66,0.42,0.38,2023-01-02,1958,N,VIIRS,n,2,293.0,3.67,N,2
21.92321,83.35075,318.65,0.42,0.38,2023-01-02,1958,N,VIIRS,n,2,292.43,1.98,N,2
21.91976,83.35018,327.38,0.42,0.38,2023-01-02,1958,N,VIIRS,n,2,296.76,2.13,N,2
21.91574,83.35364,304.99,0.42,0.38,2023-01-02,1958,N,VIIRS,n,2,289.49,2.13,N,2
22.00395,82.67049,322.34,0.44,0.39,2023-01-02,1958,N,VIIRS,n,2,291.91,1.75,N,2
22.00454,82.66617,303.07,0.44,0.39,2023-01-02,1958,N,VIIRS,n,2,289.34,1.75,N,2
21.82341,83.89793,301.12,0.4,0.37,2023-01-02,1958,N,VIIRS,n,2,290.87,0.66,N,0
22.00191,82.66706,298.83,0.44,0.39,2023-01-02,1958,N,VIIRS,n,2,288.3,0.98,N,2
21.82302,83.89835,302.23,0.4,0.37,2023-01-02,1958,N,VIIRS,n,2,290.7,0.97,N,0
21.87544,83.49571,305.18,0.41,0.37,2023-01-02,1958,N,VIIRS,n,2,289.3,1.12,N,2
21.79566,83.989,307.2,0.4,0.37,2023-01-02,1958,N,VIIRS,n,2,289.63,1.1,N,0
21.80386,83.88711,306.74,0.4,0.37,2023-01-02,1958,N,VIIRS,n,2,290.93,1.35,N,2
21.79767,83.88206,307.55,0.4,0.37,2023-01-02,1958,N,VIIRS,n,2,289.38,1.24,N,2
21.77024,84.0203,304.96,0.4,0.37,2023-01-02,1958,N,VIIRS,n,2,290.47,0.91,N,2
21.76686,84.01973,316.4,0.4,0.37,2023-01-02,1958,N,VIIRS,n,2,291.82,0.91,N,2
21.76629,84.02358,304.43,0.4,0.37,2023-01-02,1958,N,VIIRS,n,2,289.81,0.91,N,2
21.76349,84.01916,312.23,0.4,0.37,2023-01-02,1958,N,VIIRS,n,2,291.64,2.71,N,2
21.75617,84.02185,305.11,0.4,0.37,2023-01-02,1958,N,VIIRS,n,2,291.34,1.7,N,2
21.7556,84.02572,300.5,0.4,0.37,2023-01-02,1958,N,VIIRS,n,2,290.1,0.84,N,2
21.78026,83.83522,302.06,0.4,0.37,2023-01-02,1958,N,VIIRS,n,2,290.2,1.11,N,0
21.77462,83.82632,300.44,0.4,0.37,2023-01-02,1958,N,VIIRS,n,2,289.5,0.8,N,2
21.76159,83.84404,309.39,0.4,0.37,2023-01-02,1958,N,VIIRS,n,2,289.72,1.14,N,2
21.7582,83.84348,313.05,0.4,0.37,2023-01-02,1958,N,VIIRS,n,2,290.86,1.14,N,2
21.75538,83.83901,303.01,0.4,0.37,2023-01-02,1958,N,VIIRS,n,2,288.98,0.61,N,2
21.75481,83.8429,300.12,0.4,0.37,2023-01-02,1958,N,VIIRS,n,2,290.08,0.69,N,2
21.69937,84.03191,299.91,0.4,0.37,2023-01-02,1958,N,VIIRS,n,2,289.16,0.87,N,0
21.68287,84.04179,301.36,0.4,0.37,2023-01-02,1958,N,VIIRS,n,2,289.81,0.89,N,2
21.68007,84.03736,300.3,0.4,0.37,2023-01-02,1958,N,VIIRS,n,2,289.91,0.74,N,2
21.6795,84.04121,301.12,0.4,0.37,2023-01-02,1958,N,VIIRS,n,2,290.11,0.74,N,2
21.6767,84.0368,302.12,0.4,0.37,2023-01-02,1958,N,VIIRS,n,2,288.38,0.74,N,2
21.67276,84.04008,300.4,0.4,0.37,2023-01-02,1958,N,VIIRS,n,2,290.04,0.56,N,0
21.73059,82.21482,304.0,0.46,0.39,2023-01-02,1958,N,VIIRS,n,2,290.77,0.97,N,2
21.67109,82.08211,304.99,0.47,0.39,2023-01-02,1958,N,VIIRS,n,2,290.27,0.81,N,2
20.83453,86.96098,329.53,0.4,0.37,2023-01-02,1958,N,VIIRS,n,2,293.25,3.02,N,0
20.83388,86.96484,325.39,0.4,0.37,2023-01-02,1958,N,VIIRS,n,2,293.37,3.02,N,0
20.82778,86.95971,304.5,0.4,0.37,2023-01-02,1958,N,VIIRS,n,2,290.62,0.73,N,0
20.81973,86.96613,305.94,0.4,0.37,2023-01-02,1958,N,VIIRS,n,2,291.18,0.72,N,0
20.97476,86.00578,310.44,0.39,0.36,2023-01-02,1958,N,VIIRS,n,2,290.2,1.78,N,2
20.96693,86.01198,306.88,0.39,0.36,2023-01-02,1958,N,VIIRS,n,2,290.73,1.65,N,2
20.95097,86.0472,311.04,0.39,0.36,2023-01-02,1958,N,VIIRS,n,2,291.11,1.26,N,2
20.94244,86.06144,314.43,0.39,0.36,2023-01-02,1958,N,VIIRS,n,2,290.82,1.21,N,2
20.93912,86.06084,311.33,0.39,0.36,2023-01-02,1958,N,VIIRS,n,2,289.83,1.17,N,2
20.92492,86.04297,301.99,0.39,0.36,2023-01-02,1958,N,VIIRS,n,2,290.65,0.5,N,0
22.26684,75.13116,299.21,0.41,0.61,2023-01-02,1958,N,VIIRS,n,2,287.41,0.78,N,2
22.37688,73.14737,318.52,0.55,0.68,2023-01-02,1958,N,VIIRS,n,2,287.58,3.4,N,0
21.48654,81.7683,303.93,0.48,0.4,2023-01-02,1958,N,VIIRS,n,2,289.74,0.99,N,2
20.96536,85.17192,296.92,0.38,0.36,2023-01-02,1958,N,VIIRS,n,2,284.21,0.86,N,2
20.96206,85.17133,309.83,0.38,0.36,2023-01-02,1958,N,VIIRS,n,2,287.25,0.86,N,2
20.96148,85.175,306.27,0.38,0.36,2023-01-02,1958,N,VIIRS,n,2,288.0,1.34,N,2
22.38199,73.14837,309.37,0.55,0.68,2023-01-02,1958,N,VIIRS,n,2,287.23,1.08,N,0
22.37562,73.14774,303.08,0.55,0.68,2023-01-02,1958,N,VIIRS,n,2,287.06,1.08,N,0
21.38779,81.64648,303.02,0.48,0.4,2023-01-02,1958,N,VIIRS,n,2,289.45,1.65,N,2
21.38286,81.65528,299.94,0.48,0.4,2023-01-02,1958,N,VIIRS,n,2,289.3,1.01,N,2
21.37979,81.67868,299.24,0.48,0.4,2023-01-02,1958,N,VIIRS,n,2,289.13,0.95,N,2
21.37609,81.67812,304.96,0.48,0.4,2023-01-02,1958,N,VIIRS,n,2,290.2,0.95,N,2
21.37547,81.68279,301.28,0.48,0.4,2023-01-02,1958,N,VIIRS,n,2,289.31,0.95,N,2
21.38984,81.64461,304.39,0.48,0.4,2023-01-02,1958,N,VIIRS,n,2,290.17,1.34,N,2
21.37732,81.68086,314.16,0.48,0.4,2023-01-02,1958,N,VIIRS,n,2,291.23,1.57,N,2
21.37362,81.6803,300.45,0.48,0.4,2023-01-02,1958,N,VIIRS,n,2,290.34,1.57,N,2
21.37504,81.64233,302.49,0.48,0.4,2023-01-02,1958,N,VIIRS,n,2,290.25,1.24,N,2
21.36623,81.67917,302.85,0.48,0.4,2023-01-02,1958,N,VIIRS,n,2,290.39,1.61,N,2
21.3633,81.64532,300.18,0.48,0.4,2023-01-02,1958,N,VIIRS,n,2,289.72,1.51,N,0
21.34534,81.66639,302.72,0.48,0.4,2023-01-02,1958,N,VIIRS,n,2,289.65,1.26,N,2
20.80598,85.25742,305.52,0.38,0.36,2023-01-02,1958,N,VIIRS,n,2,290.82,1.87,N,2
21.31033,81.58929,303.67,0.49,0.4,2023-01-02,1958,N,VIIRS,n,2,289.28,0.64,N,2
21.29548,81.61579,303.64,0.49,0.4,2023-01-02,1958,N,VIIRS,n,2,289.56,0.98,N,0
20.57541,85.74882,303.16,0.39,0.36,2023-01-02,1958,N,VIIRS,n,2,289.47,0.76,N,0
21.19384,81.39263,301.46,0.5,0.41,2023-01-02,1958,N,VIIRS,n,2,290.6,1.72,N,2
21.18636,81.3915,306.7,0.5,0.41,2023-01-02,1958,N,VIIRS,n,2,292.08,1.49,N,3
21.18326,81.38615,303.66,0.5,0.41,2023-01-02,1958,N,VIIRS,n,2,291.95,1.49,N,3
21.26756,79.18536,303.66,0.44,0.46,2023-01-02,1958,N,VIIRS,n,2,288.85,1.57,N,0
21.26952,79.18314,299.24,0.44,0.46,2023-01-02,1958,N,VIIRS,n,2,288.24,0.53,N,0
21.24717,79.22344,307.04,0.44,0.46,2023-01-02,1958,N,VIIRS,n,2,289.62,0.88,N,2
21.11264,72.63164,301.43,0.58,0.69,2023-01-02,1958,N,VIIRS,n,2,291.02,0.7,N,2
21.10523,72.64243,328.3,0.57,0.69,2023-01-02,1958,N,VIIRS,n,2,290.88,4.53,N,2
21.10662,72.62517,299.77,0.58,0.69,2023-01-02,1958,N,VIIRS,n,2,287.58,1.27,N,0
21.10615,72.63097,307.84,0.58,0.69,2023-01-02,1958,N,VIIRS,n,2,289.39,1.27,N,2
21.10513,72.64167,320.22,0.57,0.69,2023-01-02,1958,N,VIIRS,n,2,289.68,1.96,N,2
21.10612,72.63021,313.82,0.58,0.69,2023-01-02,1958,N,VIIRS,n,2,289.35,2.05,N,2
21.10463,72.64735,304.43,0.57,0.69,2023-01-02,1958,N,VIIRS,n,2,290.12,1.96,N,2
20.83537,70.69157,300.58,0.76,0.77,2023-01-02,1958,N,VIIRS,n,2,288.66,1.53,N,2
19.96214,79.33524,311.88,0.42,0.45,2023-01-02,1958,N,VIIRS,n,2,290.19,1.77,N,2
19.96529,79.33276,302.02,0.42,0.45,2023-01-02,1958,N,VIIRS,n,2,290.08,0.62,N,2
20.83282,70.69238,297.71,0.76,0.77,2023-01-02,1958,N,VIIRS,n,2,287.11,1.51,N,2
19.92032,79.11136,307.55,0.43,0.46,2023-01-02,1958,N,VIIRS,n,2,291.43,1.39,N,0
20.29442,74.80628,295.75,0.41,0.61,2023-01-02,1958,N,VIIRS,n,2,285.44,0.22,N,0
19.78743,79.14903,304.99,0.43,0.46,2023-01-02,1958,N,VIIRS,n,2,291.86,1.56,N,2
19.10212,82.16548,316.58,0.44,0.38,2023-01-02,1959,N,VIIRS,n,2,290.07,1.71,N,0
19.78331,73.65528,297.78,0.48,0.65,2023-01-02,1959,N,VIIRS,n,2,286.48,0.81,N,0
19.78288,73.6599,297.36,0.48,0.65,2023-01-02,1959,N,VIIRS,n,2,286.06,0.59,N,0
18.7386,79.52944,319.66,0.39,0.44,2023-01-02,1959,N,VIIRS,n,2,293.71,1.27,N,0
18.73454,79.52889,308.51,0.39,0.44,2023-01-02,1959,N,VIIRS,n,2,291.89,1.27,N,0
18.73406,79.53261,310.46,0.39,0.44,2023-01-02,1959,N,VIIRS,n,2,292.75,1.27,N,0
18.72548,79.53518,313.23,0.39,0.44,2023-01-02,1959,N,VIIRS,n,2,294.05,1.6,N,2
18.72143,79.53455,308.21,0.39,0.44,2023-01-02,1959,N,VIIRS,n,2,293.38,1.22,N,2
18.72095,79.53831,311.36,0.39,0.44,2023-01-02,1959,N,VIIRS,n,2,293.48,1.22,N,2
19.07818,76.27505,304.44,0.64,0.54,2023-01-02,1959,N,VIIRS,n,2,287.76,1.27,N,0
19.14575,72.79878,306.57,0.54,0.67,2023-01-02,1959,N,VIIRS,n,2,290.68,0.58,N,0
19.10358,73.04961,304.6,0.52,0.66,2023-01-02,1959,N,VIIRS,n,2,291.27,0.77,N,0
19.10316,73.05412,301.16,0.51,0.66,2023-01-02,1959,N,VIIRS,n,2,289.28,0.77,N,2
18.76711,73.74986,298.4,0.46,0.64,2023-01-02,1959,N,VIIRS,n,2,286.62,0.5,N,0
17.61215,83.20374,304.86,0.4,0.37,2023-01-02,1959,N,VIIRS,n,2,292.18,1.3,N,2
17.60878,83.2032,322.58,0.4,0.37,2023-01-02,1959,N,VIIRS,n,2,294.03,1.3,N,2
17.60542,83.20264,315.53,0.4,0.37,2023-01-02,1959,N,VIIRS,n,2,294.37,1.83,N,2
17.60262,83.19836,309.64,0.4,0.37,2023-01-02,1959,N,VIIRS,n,2,292.88,1.61,N,2
17.60141,83.19889,310.04,0.4,0.37,2023-01-02,1959,N,VIIRS,n,2,292.53,0.91,N,2
18.76393,73.74803,298.11,0.46,0.64,2023-01-02,1959,N,VIIRS,n,2,286.22,0.9,N,0
18.26666,76.87748,308.16,0.57,0.52,2023-01-02,1959,N,VIIRS,n,2,287.98,1.57,N,0
17.70467,76.47147,301.43,0.59,0.53,2023-01-02,1959,N,VIIRS,n,2,288.25,0.56,N,0
17.14431,78.22466,306.66,0.45,0.47,2023-01-02,1959,N,VIIRS,n,2,289.66,1.15,N,2
17.38627,75.88712,313.51,0.32,0.55,2023-01-02,1959,N,VIIRS,n,2,289.36,0.63,N,0
16.8711,80.0236,303.97,0.52,0.42,2023-01-02,1959,N,VIIRS,n,2,292.74,0.44,N,2
17.38752,75.88657,305.57,0.32,0.55,2023-01-02,1959,N,VIIRS,n,2,289.08,0.72,N,0
17.06356,76.97836,307.1,0.54,0.51,2023-01-02,1959,N,VIIRS,n,2,292.17,1.53,N,2
17.18464,74.33074,301.92,0.4,0.6,2023-01-02,1959,N,VIIRS,n,2,287.78,0.51,N,0
16.2716,80.85658,310.11,0.47,0.39,2023-01-02,1959,N,VIIRS,n,2,287.43,1.06,N,0
16.7559,76.54726,302.73,0.57,0.52,2023-01-02,1959,N,VIIRS,n,2,286.38,0.79,N,0
16.63701,76.80192,299.5,0.55,0.51,2023-01-02,1959,N,VIIRS,n,2,289.3,0.78,N,0
16.57592,75.62059,299.2,0.33,0.55,2023-01-02,1959,N,VIIRS,n,2,284.9,0.72,N,0
16.57082,75.61988,304.63,0.33,0.55,2023-01-02,1959,N,VIIRS,n,2,286.14,0.72,N,0
16.57048,75.62296,297.1,0.33,0.55,2023-01-02,1959,N,VIIRS,n,2,286.37,0.85,N,0
16.57253,75.62262,324.6,0.33,0.55,2023-01-02,2000,N,VIIRS,n,2,287.59,1.54,N,0
16.5729,75.61954,299.9,0.33,0.55,2023-01-02,2000,N,VIIRS,n,2,286.69,1.6,N,0
16.65422,74.64285,299.04,0.38,0.59,2023-01-02,2000,N,VIIRS,n,2,288.92,0.44,N,0
16.6498,74.58356,306.51,0.38,0.59,2023-01-02,2000,N,VIIRS,n,2,288.72,0.81,N,0
16.36929,76.96932,300.27,0.53,0.5,2023-01-02,2000,N,VIIRS,n,2,290.06,0.96,N,0
16.48565,75.79259,309.09,0.63,0.54,2023-01-02,2000,N,VIIRS,n,2,288.45,1.85,N,0
16.64614,74.31139,305.02,0.4,0.6,2023-01-02,2000,N,VIIRS,n,2,289.02,0.53,N,0
16.44553,75.30803,318.69,0.34,0.56,2023-01-02,2000,N,VIIRS,n,2,289.14,1.08,N,0
16.34026,75.34103,318.79,0.34,0.56,2023-01-02,2000,N,VIIRS,n,2,288.79,1.7,N,0
16.38334,74.32029,300.96,0.4,0.6,2023-01-02,2000,N,VIIRS,n,2,289.06,0.62,N,0
16.42247,73.48517,310.56,0.45,0.63,2023-01-02,2000,N,VIIRS,n,2,290.93,0.75,N,0
15.915,77.36176,303.1,0.49,0.49,2023-01-02,2000,N,VIIRS,n,2,291.23,1.0,N,0
15.98127,75.04958,300.6,0.35,0.57,2023-01-02,2000,N,VIIRS,n,2,288.17,0.38,N,0
15.60872,74.82617,299.44,0.36,0.57,2023-01-02,2000,N,VIIRS,n,2,288.55,0.35,N,0
15.60474,74.8256,301.33,0.36,0.57,2023-01-02,2000,N,VIIRS,n,2,287.88,0.52,N,0
15.65779,73.98645,305.46,0.41,0.6,2023-01-02,2000,N,VIIRS,n,2,290.72,0.96,N,2
15.3325,76.24689,302.32,0.57,0.52,2023-01-02,2000,N,VIIRS,n,2,290.99,0.82,N,0
15.3338,76.24471,301.56,0.57,0.52,2023-01-02,2000,N,VIIRS,n,2,291.12,1.03,N,0
15.22484,76.76372,302.38,0.53,0.5,2023-01-02,2000,N,VIIRS,n,2,291.69,1.36,N,2
15.17697,77.1039,304.75,0.5,0.49,2023-01-02,2000,N,VIIRS,n,2,291.15,0.91,N,2
15.52264,73.99604,302.64,0.4,0.6,2023-01-02,2000,N,VIIRS,n,2,292.14,0.46,N,2
15.02434,78.01295,309.3,0.43,0.46,2023-01-02,2000,N,VIIRS,n,2,293.64,1.65,N,2
15.18323,76.64164,306.71,0.54,0.5,2023-01-02,2000,N,VIIRS,n,2,294.05,3.26,N,2
15.18201,76.6517,303.55,0.53,0.5,2023-01-02,2000,N,VIIRS,n,2,292.96,2.99,N,2
15.17672,76.65612,333.83,0.53,0.5,2023-01-02,2000,N,VIIRS,n,2,295.56,3.91,N,2
15.17733,76.65112,306.16,0.53,0.5,2023-01-02,2000,N,VIIRS,n,2,293.06,3.91,N,2
15.17611,76.66112,311.07,0.53,0.5,2023-01-02,2000,N,VIIRS,n,2,292.46,2.49,N,2
15.17428,76.67616,308.27,0.53,0.5,2023-01-02,2000,N,VIIRS,n,2,291.56,1.8,N,0
15.17083,76.66557,318.94,0.53,0.5,2023-01-02,2000,N,VIIRS,n,2,293.31,2.49,N,2
15.17362,76.65891,329.25,0.53,0.5,2023-01-02,2000,N,VIIRS,n,2,293.34,2.99,N,2
15.17427,76.6539,315.91,0.53,0.5,2023-01-02,2000,N,VIIRS,n,2,293.5,2.99,N,2
15.17024,76.64836,301.38,0.53,0.5,2023-01-02,2000,N,VIIRS,n,2,291.05,1.05,N,0
15.16765,76.6684,312.76,0.53,0.5,2023-01-02,2000,N,VIIRS,n,2,292.03,3.83,N,2
15.17109,76.37766,313.34,0.56,0.51,2023-01-02,2000,N,VIIRS,n,2,293.48,2.99,N,2
15.01358,75.38136,313.57,0.32,0.55,2023-01-02,2000,N,VIIRS,n,2,289.36,0.57,N,0
14.60627,78.52168,307.66,0.4,0.44,2023-01-02,2000,N,VIIRS,n,2,294.62,0.87,N,2
14.58691,78.58039,306.62,0.4,0.44,2023-01-02,2000,N,VIIRS,n,2,294.28,0.96,N,2
14.27001,77.56202,304.3,0.45,0.47,2023-01-02,2000,N,VIIRS,n,2,289.17,0.54,N,0
13.71376,79.62164,304.52,0.5,0.41,2023-01-02,2000,N,VIIRS,n,2,292.69,0.44,N,0
13.15879,80.28504,325.3,0.46,0.39,2023-01-02,2000,N,VIIRS,n,2,294.47,2.98,N,2
12.84993,79.90316,303.71,0.48,0.4,2023-01-02,2000,N,VIIRS,n,2,292.49,1.01,N,0
12.42844,79.16088,302.5,0.52,0.41,2023-01-02,2001,N,VIIRS,n,2,290.77,0.94,N,0
11.83391,79.0372,299.41,0.52,0.41,2023-01-02,2001,N,VIIRS,n,2,286.12,1.04,N,0
11.83458,79.03998,306.23,0.52,0.41,2023-01-02,2001,N,VIIRS,n,2,286.39,1.0,N,0
11.80859,77.92224,303.72,0.4,0.44,2023-01-02,2001,N,VIIRS,n,2,292.8,1.38,N,2
11.30571,79.80527,305.08,0.47,0.39,2023-01-02,2001,N,VIIRS,n,2,292.38,0.54,N,0
11.50523,77.18816,302.66,0.44,0.46,2023-01-02,2001,N,VIIRS,n,2,290.15,0.44,N,0
10.81386,79.30645,302.23,0.49,0.4,2023-01-02,2001,N,VIIRS,n,2,290.29,0.26,N,2
10.70311,79.08996,308.03,0.5,0.41,2023-01-02,2001,N,VIIRS,n,2,292.19,0.73,N,0
10.92878,77.06344,306.42,0.44,0.46,2023-01-02,2001,N,VIIRS,n,2,290.58,0.91,N,2
10.93038,77.06435,306.99,0.44,0.46,2023-01-02,2001,N,VIIRS,n,2,290.34,0.97,N,2
10.92184,77.06312,301.78,0.44,0.46,2023-01-02,2001,N,VIIRS,n,2,290.55,0.64,N,0
8.73338,78.11819,317.78,0.53,0.42,2023-01-02,2002,N,VIIRS,n,2,294.31,1.84,N,0
8.73254,78.11591,322.79,0.53,0.42,2023-01-02,2002,N,VIIRS,n,2,294.5,1.86,N,0
29.91779,74.94434,300.91,0.48,0.64,2023-01-02,2136,N,VIIRS,n,2,279.49,4.33,N,0
29.91651,74.94922,311.59,0.48,0.64,2023-01-02,2136,N,VIIRS,n,2,279.37,22.08,N,0
29.91523,74.95411,304.11,0.48,0.64,2023-01-02,2136,N,VIIRS,n,2,278.98,22.08,N,0
29.91201,74.94235,323.06,0.48,0.64,2023-01-02,2136,N,VIIRS,n,2,277.74,4.33,N,0
29.91073,74.94723,367.0,0.48,0.64,2023-01-02,2136,N,VIIRS,h,2,279.32,22.08,N,2
29.90945,74.9521,353.13,0.48,0.64,2023-01-02,2136,N,VIIRS,n,2,290.95,22.08,N,2
29.90817,74.95699,319.36,0.48,0.65,2023-01-02,2136,N,VIIRS,n,2,279.47,22.1,N,2
29.90623,74.94036,297.17,0.48,0.64,2023-01-02,2136,N,VIIRS,n,2,277.41,1.65,N,0
29.90494,74.94525,311.35,0.48,0.64,2023-01-02,2136,N,VIIRS,n,2,277.77,1.43,N,0
29.90366,74.95012,305.03,0.48,0.64,2023-01-02,2136,N,VIIRS,n,2,277.58,1.43,N,0
29.9076,74.9448,334.83,0.48,0.64,2023-01-02,2136,N,VIIRS,n,2,277.58,6.48,N,2
29.90635,74.94968,367.0,0.48,0.65,2023-01-02,2136,N,VIIRS,h,2,278.55,12.57,N,0
29.9051,74.95457,324.46,0.48,0.65,2023-01-02,2136,N,VIIRS,n,2,277.93,12.57,N,2
29.90885,74.93991,304.35,0.48,0.64,2023-01-02,2136,N,VIIRS,n,2,277.73,6.48,N,0
24.66165,74.635,297.2,0.61,0.71,2023-01-02,2138,N,VIIRS,n,2,284.55,1.88,N,2
24.82059,73.09363,301.46,0.49,0.65,2023-01-02,2138,N,VIIRS,n,2,284.39,1.31,N,2
24.69027,73.00082,296.18,0.48,0.65,2023-01-02,2138,N,VIIRS,n,2,285.01,1.09,N,2
23.31258,70.19971,299.49,0.35,0.57,2023-01-02,2138,N,VIIRS,n,2,285.85,0.45,N,0
23.267,70.28194,296.71,0.35,0.57,2023-01-02,2138,N,VIIRS,n,2,286.15,0.46,N,2
23.26645,70.25993,296.08,0.35,0.57,2023-01-02,2138,N,VIIRS,n,2,285.01,0.39,N,0
23.2628,70.2518,311.95,0.35,0.57,2023-01-02,2138,N,VIIRS,n,2,286.84,1.54,N,2
23.17226,70.21825,297.18,0.35,0.57,2023-01-02,2138,N,VIIRS,n,2,286.24,0.61,N,2
23.11421,70.08463,306.77,0.35,0.56,2023-01-02,2138,N,VIIRS,n,2,285.41,0.87,N,2
22.37838,73.15223,320.28,0.55,0.68,2023-01-02,2138,N,VIIRS,n,2,287.26,2.78,N,0
22.3649,73.11649,297.82,0.55,0.68,2023-01-02,2138,N,VIIRS,n,2,287.45,2.27,N,2
23.01239,70.10342,302.83,0.35,0.57,2023-01-02,2138,N,VIIRS,n,2,286.41,0.65,N,2
22.92671,69.82468,297.6,0.34,0.56,2023-01-02,2138,N,VIIRS,n,2,286.24,0.43,N,2
22.93871,69.69773,300.45,0.33,0.55,2023-01-02,2138,N,VIIRS,n,2,284.32,0.81,N,2
22.93297,69.69968,298.67,0.33,0.55,2023-01-02,2138,N,VIIRS,n,2,284.3,0.64,N,2
22.33449,69.86754,306.14,0.35,0.57,2023-01-02,2138,N,VIIRS,n,2,294.18,2.5,N,0
22.33371,69.86753,304.49,0.35,0.57,2023-01-02,2139,N,VIIRS,n,2,293.67,1.82,N,0
22.33186,69.75098,302.85,0.34,0.56,2023-01-02,2139,N,VIIRS,n,2,291.18,1.27,N,2
21.68359,72.53301,306.2,0.53,0.67,2023-01-02,2139,N,VIIRS,n,2,288.31,1.76,N,0
22.41731,69.04065,299.95,0.62,0.54,2023-01-02,2139,N,VIIRS,n,2,288.65,0.84,N,2
22.41674,69.04021,300.72,0.62,0.54,2023-01-02,2139,N,VIIRS,n,2,288.43,0.84,N,2
21.25846,73.03858,299.13,0.58,0.69,2023-01-02,2139,N,VIIRS,n,2,285.84,0.42,N,0
21.2583,73.03815,297.19,0.58,0.69,2023-01-02,2139,N,VIIRS,n,2,285.86,0.48,N,0
21.11139,72.63297,307.12,0.55,0.68,2023-01-02,2139,N,VIIRS,n,2,290.17,1.56,N,2
21.11014,72.63823,305.23,0.55,0.68,2023-01-02,2139,N,VIIRS,n,2,290.96,1.56,N,2
21.10889,72.64353,308.22,0.55,0.68,2023-01-02,2139,N,VIIRS,n,2,288.88,1.86,N,2
21.10763,72.64882,312.33,0.55,0.68,2023-01-02,2139,N,VIIRS,n,2,291.01,1.86,N,2
21.1052,72.63129,310.79,0.55,0.68,2023-01-02,2139,N,VIIRS,n,2,289.02,1.42,N,2
21.1027,72.64182,299.72,0.55,0.68,2023-01-02,2139,N,VIIRS,n,2,288.47,0.98,N,2
21.10145,72.64712,305.33,0.55,0.68,2023-01-02,2139,N,VIIRS,n,2,288.46,0.98,N,2
20.91173,71.46051,305.25,0.47,0.64,2023-01-02,2139,N,VIIRS,n,2,288.62,1.52,N,2
20.9078,71.45778,300.56,0.47,0.64,2023-01-02,2139,N,VIIRS,n,2,287.31,0.85,N,2
20.83624,70.69339,305.17,0.42,0.61,2023-01-02,2139,N,VIIRS,n,2,289.75,1.15,N,2
18.68145,73.03606,303.59,0.65,0.73,2023-01-02,2139,N,VIIRS,n,2,290.68,3.13,N,2
16.28716,80.50935,337.35,0.48,0.65,2023-01-03,709,N,VIIRS,n,2,292.76,3.48,D,0
16.29995,80.51123,347.81,0.48,0.65,2023-01-03,709,N,VIIRS,n,2,296.36,7.85,D,0
16.34149,80.67863,333.93,0.47,0.64,2023-01-03,709,N,VIIRS,n,2,295.15,1.85,D,0
16.36855,80.69096,330.85,0.47,0.64,2023-01-03,709,N,VIIRS,n,2,296.69,5.23,D,0
16.76916,81.17313,328.11,0.43,0.62,2023-01-03,709,N,VIIRS,n,2,294.3,2.77,D,0
16.62085,79.72132,330.1,0.53,0.67,2023-01-03,709,N,VIIRS,n,2,296.79,2.13,D,0
16.61932,79.72298,331.51,0.53,0.67,2023-01-03,709,N,VIIRS,n,2,296.71,2.95,D,0
17.38052,81.94994,351.38,0.37,0.58,2023-01-03,709,N,VIIRS,n,2,295.85,5.97,D,0
17.69067,82.76812,337.15,0.32,0.55,2023-01-03,709,N,VIIRS,n,2,297.26,3.94,D,0
17.68861,82.76628,346.72,0.32,0.55,2023-01-03,709,N,VIIRS,n,2,296.93,4.53,D,0
17.11666,79.72358,351.34,0.52,0.67,2023-01-03,709,N,VIIRS,n,2,296.53,8.54,D,0
17.99629,82.93477,329.55,0.62,0.54,2023-01-03,709,N,VIIRS,n,2,297.43,5.81,D,0
18.26117,83.72575,333.85,0.55,0.51,2023-01-03,709,N,VIIRS,n,2,295.42,3.2,D,0
17.90213,81.60126,328.17,0.38,0.59,2023-01-03,709,N,VIIRS,n,2,295.24,2.97,D,0
18.34983,83.65082,331.92,0.55,0.51,2023-01-03,709,N,VIIRS,n,2,297.09,4.5,D,0
18.699,83.44389,329.7,0.56,0.51,2023-01-03,709,N,VIIRS,n,2,296.37,5.35,D,0
18.7,83.44629,331.41,0.56,0.51,2023-01-03,709,N,VIIRS,n,2,297.72,4.98,D,0
18.07252,79.79025,337.82,0.49,0.65,2023-01-03,709,N,VIIRS,n,2,296.2,6.27,D,0
17.78706,76.65273,339.2,0.79,0.78,2023-01-03,709,N,VIIRS,n,2,292.49,9.23,D,0
17.78903,76.65137,336.0,0.78,0.78,2023-01-03,709,N,VIIRS,n,2,290.47,11.12,D,0
19.46928,82.80252,333.09,0.59,0.53,2023-01-03,710,N,VIIRS,n,2,298.86,4.2,D,0
19.3257,81.68281,340.45,0.35,0.57,2023-01-03,710,N,VIIRS,n,2,292.32,7.27,D,0
19.63418,82.72826,328.27,0.6,0.53,2023-01-03,710,N,VIIRS,n,2,298.62,1.55,D,0
19.66499,82.5437,338.64,0.61,0.54,2023-01-03,710,N,VIIRS,n,2,297.84,8.08,D,0
20.83734,86.96532,334.46,0.48,0.4,2023-01-03,710,N,VIIRS,n,2,299.61,6.12,D,0
20.83654,86.96072,336.72,0.48,0.4,2023-01-03,710,N,VIIRS,n,2,300.43,6.12,D,0
20.95913,86.26694,330.57,0.52,0.42,2023-01-03,710,N,VIIRS,n,2,298.45,3.91,D,0
21.09057,86.74744,331.56,0.49,0.4,2023-01-03,710,N,VIIRS,n,2,297.47,2.09,D,0
18.98948,76.58215,328.62,0.75,0.77,2023-01-03,710,N,VIIRS,n,2,292.95,6.0,D,0
21.24127,86.41474,340.64,0.51,0.41,2023-01-03,710,N,VIIRS,n,2,299.39,4.38,D,0
21.26174,86.48563,341.98,0.5,0.41,2023-01-03,710,N,VIIRS,n,2,298.2,5.4,D,0
20.85936,84.27639,328.26,0.45,0.47,2023-01-03,710,N,VIIRS,n,2,297.56,2.75,D,0
21.25743,86.39642,331.64,0.51,0.41,2023-01-03,710,N,VIIRS,n,2,299.04,3.02,D,0
21.3371,86.80274,335.41,0.48,0.4,2023-01-03,710,N,VIIRS,n,2,298.12,3.9,D,0
21.11964,83.74516,332.36,0.48,0.48,2023-01-03,710,N,VIIRS,n,2,295.11,2.74,D,0
21.16343,83.7895,330.87,0.48,0.48,2023-01-03,710,N,VIIRS,n,2,295.63,3.7,D,0
21.22139,83.80543,333.44,0.48,0.48,2023-01-03,710,N,VIIRS,n,2,294.8,4.3,D,0
21.22213,83.76227,329.8,0.48,0.48,2023-01-03,710,N,VIIRS,n,2,294.38,4.14,D,0
21.2503,83.88407,338.07,0.47,0.48,2023-01-03,710,N,VIIRS,n,2,297.08,7.33,D,0
21.89407,87.22914,326.91,0.46,0.39,2023-01-03,710,N,VIIRS,l,2,298.12,1.34,D,0
21.89164,87.22626,335.93,0.46,0.39,2023-01-03,710,N,VIIRS,n,2,298.77,3.06,D,0
20.94044,82.04052,340.58,0.62,0.54,2023-01-03,710,N,VIIRS,n,2,295.6,7.62,D,0
21.91803,86.80006,328.49,0.48,0.4,2023-01-03,710,N,VIIRS,n,2,298.95,3.58,D,0
20.49366,79.64778,329.76,0.45,0.63,2023-01-03,710,N,VIIRS,n,2,290.75,2.84,D,0
22.03917,87.30251,337.04,0.45,0.39,2023-01-03,710,N,VIIRS,n,2,297.51,4.52,D,0
21.40129,83.68378,338.43,0.48,0.48,2023-01-03,710,N,VIIRS,n,2,295.95,4.78,D,0
20.99729,81.59425,327.43,0.33,0.55,2023-01-03,710,N,VIIRS,n,2,293.97,2.1,D,0
21.47252,83.79192,340.85,0.47,0.48,2023-01-03,710,N,VIIRS,n,2,295.98,5.06,D,0
21.47275,83.79324,339.67,0.47,0.48,2023-01-03,710,N,VIIRS,n,2,295.77,4.58,D,0
22.18259,87.41767,331.37,0.44,0.39,2023-01-03,710,N,VIIRS,n,2,296.07,3.15,D,0
21.24956,82.11343,327.94,0.61,0.53,2023-01-03,710,N,VIIRS,n,2,295.24,3.3,D,0
21.25049,82.11081,330.62,0.61,0.53,2023-01-03,710,N,VIIRS,n,2,294.67,3.83,D,0
21.05575,81.07377,332.86,0.36,0.57,2023-01-03,710,N,VIIRS,n,2,292.83,3.4,D,0
22.32443,87.57037,331.75,0.44,0.38,2023-01-03,710,N,VIIRS,n,2,298.27,3.11,D,0
21.67956,84.03999,332.32,0.45,0.47,2023-01-03,710,N,VIIRS,n,2,300.56,5.02,D,2
22.29672,87.38714,335.53,0.44,0.39,2023-01-03,710,N,VIIRS,n,2,297.48,2.92,D,0
22.38008,87.53413,332.57,0.44,0.38,2023-01-03,710,N,VIIRS,n,2,296.68,1.7,D,0
21.35916,82.1076,333.18,0.6,0.53,2023-01-03,710,N,VIIRS,n,2,291.13,4.81,D,0
21.32355,81.76743,331.17,0.64,0.54,2023-01-03,710,N,VIIRS,n,2,294.21,4.54,D,0
21.75963,83.84464,327.82,0.46,0.47,2023-01-03,710,N,VIIRS,n,2,296.25,3.76,D,2
21.4486,81.6471,326.84,0.32,0.55,2023-01-03,710,N,VIIRS,n,2,294.32,1.99,D,0
22.4858,86.74767,333.19,0.47,0.4,2023-01-03,710,N,VIIRS,n,2,297.24,4.54,D,0
22.48942,86.74691,334.67,0.47,0.4,2023-01-03,710,N,VIIRS,n,2,297.91,4.04,D,0
21.52796,81.70371,338.81,0.64,0.54,2023-01-03,710,N,VIIRS,n,2,294.05,6.65,D,0
21.92213,83.35211,327.0,0.49,0.49,2023-01-03,710,N,VIIRS,n,2,297.87,3.36,D,2
22.89498,88.23403,336.54,0.41,0.37,2023-01-03,710,N,VIIRS,n,2,297.43,3.73,D,0
21.82435,82.34157,334.89,0.57,0.52,2023-01-03,710,N,VIIRS,n,2,293.52,5.93,D,0
21.3766,80.20882,333.41,0.4,0.6,2023-01-03,710,N,VIIRS,n,2,292.52,1.5,D,0
21.28804,79.77631,333.6,0.42,0.61,2023-01-03,710,N,VIIRS,n,2,293.95,3.84,D,0
22.85114,87.70361,332.11,0.43,0.38,2023-01-03,710,N,VIIRS,n,2,295.05,3.41,D,0
21.37651,80.2084,333.32,0.4,0.6,2023-01-03,710,N,VIIRS,n,2,292.59,1.7,D,0
21.28502,79.77713,326.74,0.42,0.61,2023-01-03,710,N,VIIRS,n,2,292.32,3.57,D,0
21.28409,79.77304,326.84,0.42,0.61,2023-01-03,710,N,VIIRS,n,2,292.76,2.64,D,0
22.13246,83.47906,327.76,0.48,0.48,2023-01-03,710,N,VIIRS,n,2,295.39,3.43,D,0
22.1146,83.34197,331.07,0.49,0.49,2023-01-03,710,N,VIIRS,n,2,294.78,3.8,D,0
21.72252,81.29392,367.0,0.33,0.56,2023-01-03,710,N,VIIRS,h,2,295.94,4.71,D,0
21.72185,81.2907,328.57,0.33,0.56,2023-01-03,710,N,VIIRS,n,2,293.63,4.71,D,0
21.72386,81.29192,336.7,0.33,0.56,2023-01-03,710,N,VIIRS,n,2,293.84,2.65,D,0
22.69545,85.99168,337.35,0.51,0.41,2023-01-03,710,N,VIIRS,n,2,298.58,4.5,D,0
23.6212,91.69499,332.8,0.4,0.37,2023-01-03,710,N,VIIRS,l,2,303.5,25.61,D,0
22.79574,86.20687,344.69,0.49,0.41,2023-01-03,710,N,VIIRS,n,2,297.12,4.81,D,2
22.79944,86.20606,331.36,0.49,0.41,2023-01-03,710,N,VIIRS,n,2,294.55,4.81,D,2
22.79757,86.20931,333.56,0.49,0.41,2023-01-03,710,N,VIIRS,n,2,295.44,4.94,D,2
22.79671,86.2046,331.89,0.49,0.41,2023-01-03,710,N,VIIRS,n,2,295.6,4.94,D,2
22.79841,86.04426,339.99,0.5,0.41,2023-01-03,710,N,VIIRS,n,2,296.69,5.55,D,0
22.0959,82.24358,328.16,0.57,0.52,2023-01-03,710,N,VIIRS,n,2,294.94,9.04,D,0
22.1178,82.18049,328.43,0.58,0.52,2023-01-03,710,N,VIIRS,n,2,295.09,8.24,D,0
23.15866,87.55581,328.33,0.43,0.38,2023-01-03,710,N,VIIRS,n,2,294.9,2.25,D,0
22.16437,82.2423,342.16,0.57,0.52,2023-01-03,710,N,VIIRS,n,2,296.3,8.54,D,0
22.10783,81.94882,328.53,0.6,0.53,2023-01-03,710,N,VIIRS,n,2,293.93,3.74,D,0
23.2966,87.80992,329.47,0.42,0.38,2023-01-03,710,N,VIIRS,n,2,294.25,1.7,D,0
24.52923,94.15932,336.36,0.51,0.41,2023-01-03,710,N,VIIRS,n,2,298.03,5.42,D,0
23.61638,87.80746,327.02,0.42,0.37,2023-01-03,710,N,VIIRS,n,2,293.53,3.0,D,0
21.52846,77.29313,339.5,0.6,0.7,2023-01-03,710,N,VIIRS,n,2,290.79,6.92,D,0
24.62877,93.60993,334.01,0.48,0.4,2023-01-03,710,N,VIIRS,n,2,297.07,6.66,D,0
24.63242,93.60905,330.36,0.48,0.4,2023-01-03,710,N,VIIRS,n,2,293.34,4.34,D,0
23.78776,87.808,328.91,0.42,0.37,2023-01-03,710,N,VIIRS,n,2,292.49,2.52,D,0
23.84005,88.03848,333.15,0.41,0.37,2023-01-03,710,N,VIIRS,n,2,296.94,4.0,D,0
24.69707,93.76052,334.49,0.49,0.4,2023-01-03,710,N,VIIRS,n,2,296.44,6.48,D,0
24.48149,92.14316,325.68,0.42,0.38,2023-01-03,710,N,VIIRS,n,2,299.07,1.48,D,0
23.79779,87.54029,327.91,0.42,0.38,2023-01-03,711,N,VIIRS,n,2,296.59,2.3,D,0
23.8002,87.048,327.45,0.44,0.38,2023-01-03,711,N,VIIRS,l,2,301.83,4.03,D,2
23.68671,86.39116,327.8,0.47,0.4,2023-01-03,711,N,VIIRS,l,2,298.33,5.8,D,2
24.82277,93.75677,334.42,0.49,0.4,2023-01-03,711,N,VIIRS,n,2,294.76,3.48,D,0
24.82372,93.75347,331.49,0.49,0.4,2023-01-03,711,N,VIIRS,n,2,295.04,5.74,D,0
23.6826,86.09456,328.27,0.49,0.4,2023-01-03,711,N,VIIRS,n,2,295.27,3.44,D,2
23.6809,86.08511,332.86,0.49,0.4,2023-01-03,711,N,VIIRS,n,2,294.35,5.24,D,2
23.75163,86.41743,325.69,0.47,0.4,2023-01-03,711,N,VIIRS,l,2,296.79,2.58,D,2
23.76005,86.40144,330.25,0.47,0.4,2023-01-03,711,N,VIIRS,n,2,299.4,4.86,D,2
23.76648,86.39536,327.0,0.47,0.4,2023-01-03,711,N,VIIRS,l,2,300.6,4.68,D,2
23.77654,86.38858,326.37,0.47,0.4,2023-01-03,711,N,VIIRS,l,2,299.32,2.59,D,2
23.78096,86.39242,329.92,0.47,0.4,2023-01-03,711,N,VIIRS,l,2,301.1,6.63,D,2
23.79263,86.35189,331.75,0.47,0.4,2023-01-03,711,N,VIIRS,n,2,298.45,6.54,D,2
23.80393,86.33051,332.55,0.47,0.4,2023-01-03,711,N,VIIRS,n,2,300.47,4.08,D,2
23.78287,86.20995,332.37,0.48,0.4,2023-01-03,711,N,VIIRS,n,2,299.28,3.07,D,2
23.80296,86.32813,326.29,0.47,0.4,2023-01-03,711,N,VIIRS,l,2,299.94,2.73,D,2
23.78126,86.20779,334.33,0.48,0.4,2023-01-03,711,N,VIIRS,n,2,300.68,4.54,D,2
24.97786,94.04411,331.26,0.51,0.41,2023-01-03,711,N,VIIRS,n,2,294.95,5.87,D,0
25.14098,94.44247,328.73,0.54,0.42,2023-01-03,711,N,VIIRS,n,2,298.51,4.36,D,0
25.23147,94.53546,329.04,0.54,0.42,2023-01-03,711,N,VIIRS,n,2,295.29,3.35,D,0
25.2314,94.53799,328.86,0.55,0.42,2023-01-03,711,N,VIIRS,n,2,296.36,3.79,D,0
22.49894,78.40797,329.99,0.49,0.65,2023-01-03,711,N,VIIRS,n,2,289.15,2.9,D,0
25.19191,92.80234,333.98,0.45,0.39,2023-01-03,711,N,VIIRS,n,2,291.35,4.22,D,0
25.25461,92.73928,332.06,0.45,0.39,2023-01-03,711,N,VIIRS,n,2,292.94,4.63,D,0
25.25817,92.73872,342.22,0.45,0.39,2023-01-03,711,N,VIIRS,n,2,291.54,7.93,D,0
25.26709,92.77926,344.29,0.45,0.39,2023-01-03,711,N,VIIRS,n,2,294.12,8.0,D,0
25.28196,92.78147,331.6,0.45,0.39,2023-01-03,711,N,VIIRS,n,2,295.93,3.31,D,0
22.79015,78.81919,345.64,0.45,0.63,2023-01-03,711,N,VIIRS,n,2,289.9,4.44,D,0
25.32664,92.78847,339.28,0.45,0.39,2023-01-03,711,N,VIIRS,n,2,297.31,11.1,D,0
25.33022,92.78792,330.61,0.45,0.39,2023-01-03,711,N,VIIRS,n,2,293.24,3.91,D,0
25.319,91.79241,325.64,0.42,0.37,2023-01-03,711,N,VIIRS,n,2,294.0,2.54,D,0
25.59574,93.89725,327.1,0.51,0.41,2023-01-03,711,N,VIIRS,n,2,293.98,3.27,D,0
23.345,80.19631,325.37,0.36,0.58,2023-01-03,711,N,VIIRS,n,2,289.58,1.79,D,0
25.38223,91.43964,336.05,0.41,0.37,2023-01-03,711,N,VIIRS,n,2,293.74,4.01,D,0
23.34388,80.19559,326.87,0.36,0.58,2023-01-03,711,N,VIIRS,n,2,289.55,1.46,D,0
25.39027,91.37243,338.81,0.4,0.37,2023-01-03,711,N,VIIRS,n,2,298.18,7.21,D,0
25.39366,91.37188,327.54,0.4,0.37,2023-01-03,711,N,VIIRS,n,2,296.59,7.21,D,0
25.77704,94.25401,325.4,0.53,0.42,2023-01-03,711,N,VIIRS,n,2,292.43,1.85,D,0
25.61574,92.61504,325.35,0.45,0.39,2023-01-03,711,N,VIIRS,n,2,293.29,1.75,D,0
25.65059,92.3941,337.8,0.44,0.38,2023-01-03,711,N,VIIRS,n,2,292.92,4.16,D,0
25.65001,92.38972,337.22,0.44,0.38,2023-01-03,711,N,VIIRS,n,2,294.33,4.16,D,0
25.51416,91.38879,331.64,0.41,0.37,2023-01-03,711,N,VIIRS,n,2,295.44,3.59,D,0
25.65411,92.39352,344.19,0.44,0.38,2023-01-03,711,N,VIIRS,n,2,292.16,4.16,D,0
25.48683,91.14459,329.27,0.4,0.37,2023-01-03,711,N,VIIRS,n,2,292.38,3.75,D,0
25.64179,91.95747,329.54,0.42,0.38,2023-01-03,711,N,VIIRS,n,2,290.49,1.35,D,0
25.64729,91.77471,331.7,0.42,0.37,2023-01-03,711,N,VIIRS,n,2,295.29,3.29,D,0
25.60443,91.1867,331.43,0.4,0.37,2023-01-03,711,N,VIIRS,n,2,289.39,3.03,D,0
25.95914,93.69933,325.18,0.5,0.41,2023-01-03,711,N,VIIRS,n,2,299.32,3.41,D,0
26.03736,94.30625,343.66,0.54,0.42,2023-01-03,711,N,VIIRS,n,2,298.25,18.08,D,0
26.07076,94.41808,335.34,0.55,0.43,2023-01-03,711,N,VIIRS,n,2,296.2,8.24,D,0
26.07533,94.42279,326.47,0.55,0.43,2023-01-03,711,N,VIIRS,n,2,294.47,5.38,D,0
26.07469,94.41749,329.62,0.55,0.43,2023-01-03,711,N,VIIRS,n,2,293.34,5.38,D,0
26.07038,94.42129,332.79,0.55,0.43,2023-01-03,711,N,VIIRS,n,2,296.68,7.91,D,0
26.07429,94.42054,349.12,0.55,0.43,2023-01-03,711,N,VIIRS,n,2,295.98,7.91,D,0
25.91197,92.06053,331.39,0.43,0.38,2023-01-03,711,N,VIIRS,n,2,295.16,6.02,D,0
25.93327,92.14014,328.92,0.43,0.38,2023-01-03,711,N,VIIRS,n,2,294.07,2.89,D,0
25.68691,90.02726,332.32,0.39,0.36,2023-01-03,711,N,VIIRS,n,2,294.07,2.58,D,0
26.47796,95.00576,327.35,0.4,0.44,2023-01-03,711,N,VIIRS,n,2,289.37,2.43,D,0
26.48133,94.99886,331.29,0.4,0.44,2023-01-03,711,N,VIIRS,n,2,298.68,4.17,D,0
26.52073,95.05409,343.01,0.4,0.44,2023-01-03,711,N,VIIRS,n,2,295.28,6.96,D,0
26.53718,95.01566,349.04,0.4,0.44,2023-01-03,711,N,VIIRS,n,2,292.17,5.88,D,0
26.53664,95.01099,335.69,0.4,0.44,2023-01-03,711,N,VIIRS,n,2,289.99,5.88,D,0
26.5448,94.97363,329.67,0.4,0.44,2023-01-03,711,N,VIIRS,n,2,286.18,4.32,D,0
26.54928,94.97656,332.2,0.4,0.44,2023-01-03,711,N,VIIRS,n,2,288.76,4.32,D,0
26.56275,94.84536,341.54,0.39,0.44,2023-01-03,711,N,VIIRS,n,2,295.49,5.96,D,0
26.60058,95.11273,328.05,0.41,0.45,2023-01-03,711,N,VIIRS,n,2,292.15,11.28,D,0
26.60471,95.11232,354.71,0.41,0.45,2023-01-03,711,N,VIIRS,n,2,294.08,11.28,D,0
26.62271,94.93812,328.01,0.4,0.44,2023-01-03,711,N,VIIRS,n,2,296.84,3.45,D,0
26.37163,92.82936,327.24,0.46,0.39,2023-01-03,711,N,VIIRS,n,2,295.73,1.97,D,0
26.61485,94.797,328.06,0.39,0.44,2023-01-03,711,N,VIIRS,n,2,294.19,2.64,D,0
26.64713,94.82723,338.76,0.39,0.44,2023-01-03,711,N,VIIRS,n,2,293.33,8.11,D,0
26.64666,94.82319,338.42,0.39,0.44,2023-01-03,711,N,VIIRS,n,2,292.4,5.15,D,0
26.50153,92.97349,329.85,0.47,0.4,2023-01-03,711,N,VIIRS,n,2,297.74,3.46,D,0
26.80915,95.15701,328.24,0.41,0.45,2023-01-03,711,N,VIIRS,n,2,290.89,2.01,D,0
26.81069,95.15708,325.77,0.41,0.45,2023-01-03,711,N,VIIRS,n,2,290.73,2.0,D,0
26.86776,95.33195,330.32,0.42,0.45,2023-01-03,711,N,VIIRS,n,2,291.89,2.45,D,0
26.86663,95.32169,334.94,0.42,0.45,2023-01-03,711,N,VIIRS,n,2,290.73,3.58,D,0
26.87091,95.32191,367.0,0.42,0.45,2023-01-03,711,N,VIIRS,h,2,294.94,7.69,D,0
26.87195,95.33144,336.96,0.42,0.45,2023-01-03,711,N,VIIRS,n,2,291.68,3.5,D,0
26.87144,95.32674,338.74,0.42,0.45,2023-01-03,711,N,VIIRS,n,2,294.07,7.69,D,0
26.8751,95.32143,325.61,0.42,0.45,2023-01-03,711,N,VIIRS,n,2,291.19,7.69,D,0
26.88161,94.86012,339.28,0.4,0.44,2023-01-03,711,N,VIIRS,n,2,294.56,5.12,D,0
26.88125,94.86047,332.19,0.4,0.44,2023-01-03,711,N,VIIRS,n,2,294.23,4.32,D,0
26.53217,91.04622,328.5,0.4,0.37,2023-01-03,711,N,VIIRS,n,2,294.92,1.62,D,0
26.67497,91.42553,329.08,0.41,0.37,2023-01-03,711,N,VIIRS,n,2,297.56,1.39,D,0
27.06151,94.27091,335.76,0.55,0.43,2023-01-03,711,N,VIIRS,n,2,296.81,5.94,D,0
24.24188,78.16219,337.53,0.46,0.64,2023-01-03,711,N,VIIRS,n,2,289.38,3.0,D,2
26.50363,89.8799,326.39,0.39,0.36,2023-01-03,711,N,VIIRS,n,2,298.11,1.25,D,0
26.97073,93.01546,331.59,0.48,0.4,2023-01-03,711,N,VIIRS,n,2,293.78,2.31,D,0
26.64357,88.47188,336.0,0.39,0.36,2023-01-03,711,N,VIIRS,n,2,294.14,1.93,D,0
28.21581,95.72477,326.2,0.46,0.47,2023-01-03,711,N,VIIRS,n,2,294.96,2.89,D,0
28.09011,79.08397,326.65,0.34,0.56,2023-01-03,712,N,VIIRS,n,2,288.15,1.1,D,0
30.47585,77.04237,338.12,0.39,0.59,2023-01-03,713,N,VIIRS,n,2,287.65,4.53,D,0
31.10309,78.17417,329.94,0.33,0.55,2023-01-03,713,N,VIIRS,n,2,283.12,2.29,D,0
31.10192,78.17558,336.68,0.33,0.55,2023-01-03,713,N,VIIRS,n,2,283.71,3.77,D,0
8.84059,78.1069,348.35,0.41,0.61,2023-01-03,847,N,VIIRS,n,2,297.39,5.26,D,0
8.83755,78.10662,330.7,0.41,0.61,2023-01-03,847,N,VIIRS,n,2,296.76,2.67,D,0
8.8432,78.1059,335.55,0.41,0.61,2023-01-03,847,N,VIIRS,n,2,296.78,2.67,D,0
9.29372,77.90435,341.17,0.41,0.6,2023-01-03,847,N,VIIRS,n,2,294.19,3.31,D,0
10.67339,76.54297,356.34,0.34,0.56,2023-01-03,848,N,VIIRS,n,2,300.62,4.78,D,0
11.58179,76.28396,333.39,0.34,0.56,2023-01-03,848,N,VIIRS,n,2,297.27,2.14,D,0
12.04128,76.81934,338.16,0.37,0.58,2023-01-03,848,N,VIIRS,n,2,300.34,3.44,D,0
12.34948,76.52309,341.96,0.36,0.57,2023-01-03,848,N,VIIRS,n,2,301.04,2.27,D,0
13.68544,76.21446,338.75,0.36,0.57,2023-01-03,849,N,VIIRS,n,2,301.67,1.43,D,0
14.01115,76.60341,342.44,0.38,0.59,2023-01-03,849,N,VIIRS,n,2,301.7,3.23,D,0
14.57946,76.29807,338.88,0.37,0.58,2023-01-03,849,N,VIIRS,n,2,304.17,2.77,D,0
14.66092,76.38525,355.63,0.38,0.59,2023-01-03,849,N,VIIRS,n,2,305.3,4.69,D,0
14.6605,76.38168,339.48,0.38,0.59,2023-01-03,849,N,VIIRS,n,2,302.15,4.69,D,0
14.76701,77.04321,331.49,0.42,0.61,2023-01-03,849,N,VIIRS,n,2,297.62,2.0,D,0
14.70117,76.10384,337.41,0.36,0.58,2023-01-03,849,N,VIIRS,n,2,305.92,3.78,D,0
14.97985,75.66943,339.79,0.34,0.56,2023-01-03,849,N,VIIRS,n,2,304.01,1.75,D,0
15.02482,75.36782,352.94,0.33,0.55,2023-01-03,849,N,VIIRS,n,2,302.2,6.04,D,0
15.17644,76.66118,338.39,0.4,0.6,2023-01-03,849,N,VIIRS,n,2,299.34,5.1,D,2
15.38841,75.61372,335.36,0.34,0.56,2023-01-03,849,N,VIIRS,n,2,302.14,3.84,D,0
15.58011,73.78793,341.19,0.52,0.5,2023-01-03,849,N,VIIRS,n,2,301.4,11.79,D,0
15.68826,73.80175,337.3,0.53,0.5,2023-01-03,849,N,VIIRS,n,2,301.89,6.63,D,0
15.97211,74.96566,338.97,0.63,0.54,2023-01-03,849,N,VIIRS,n,2,304.55,7.34,D,0
16.34004,77.72931,341.26,0.49,0.65,2023-01-03,849,N,VIIRS,n,2,297.13,6.01,D,0
16.44188,75.3452,331.16,0.34,0.56,2023-01-03,849,N,VIIRS,n,2,299.9,2.6,D,0
17.11761,79.72535,349.78,0.67,0.74,2023-01-03,850,N,VIIRS,n,2,295.08,10.17,D,0
16.48577,73.66537,341.95,0.53,0.5,2023-01-03,850,N,VIIRS,n,2,300.17,5.87,D,0
16.4838,73.66718,353.14,0.53,0.5,2023-01-03,850,N,VIIRS,n,2,300.36,10.23,D,0
17.11739,79.72869,338.26,0.67,0.74,2023-01-03,850,N,VIIRS,n,2,294.84,8.62,D,0
16.61372,73.42514,344.33,0.51,0.49,2023-01-03,850,N,VIIRS,n,2,303.19,4.38,D,0
17.09083,76.59489,339.18,0.42,0.61,2023-01-03,850,N,VIIRS,n,2,301.02,6.32,D,0
17.03333,75.4209,367.0,0.35,0.57,2023-01-03,850,N,VIIRS,h,2,297.42,4.78,D,0
17.20537,75.29836,339.67,0.35,0.56,2023-01-03,850,N,VIIRS,n,2,296.76,3.31,D,0
17.20552,75.297,340.55,0.35,0.56,2023-01-03,850,N,VIIRS,n,2,296.97,3.09,D,0
17.45562,76.71912,331.86,0.43,0.62,2023-01-03,850,N,VIIRS,n,2,293.18,2.78,D,0
17.45581,76.71626,350.91,0.43,0.62,2023-01-03,850,N,VIIRS,n,2,295.16,2.89,D,0
17.49154,76.60905,330.31,0.42,0.61,2023-01-03,850,N,VIIRS,n,2,297.54,2.69,D,0
17.52575,75.6051,334.75,0.37,0.58,2023-01-03,850,N,VIIRS,n,2,299.75,3.9,D,0
17.55689,74.9262,334.44,0.33,0.55,2023-01-03,850,N,VIIRS,n,2,298.61,3.13,D,0
17.83089,74.8556,335.89,0.33,0.55,2023-01-03,850,N,VIIRS,n,2,298.93,3.69,D,0
17.83055,74.85243,344.6,0.33,0.55,2023-01-03,850,N,VIIRS,n,2,299.31,3.69,D,0
18.365,79.81168,342.6,0.7,0.75,2023-01-03,850,N,VIIRS,n,2,293.91,7.91,D,0
18.40649,77.67233,352.94,0.51,0.66,2023-01-03,850,N,VIIRS,n,2,296.1,8.18,D,0
18.40549,77.6733,349.59,0.51,0.66,2023-01-03,850,N,VIIRS,n,2,296.78,8.85,D,0
18.12474,73.53836,335.01,0.54,0.51,2023-01-03,850,N,VIIRS,n,2,302.56,4.87,D,0
18.89224,78.57305,338.23,0.59,0.7,2023-01-03,850,N,VIIRS,n,2,292.13,5.69,D,0
18.51003,74.35229,347.91,0.62,0.54,2023-01-03,850,N,VIIRS,n,2,301.78,21.37,D,0
18.64362,73.0903,330.52,0.52,0.5,2023-01-03,850,N,VIIRS,n,2,302.09,3.83,D,0
18.72112,72.95859,338.42,0.51,0.49,2023-01-03,850,N,VIIRS,n,2,303.93,4.49,D,0
18.85667,72.92649,336.66,0.51,0.49,2023-01-03,850,N,VIIRS,n,2,302.33,5.99,D,2
19.03154,73.11755,331.66,0.52,0.5,2023-01-03,850,N,VIIRS,l,2,303.1,2.04,D,0
19.01975,72.89307,342.52,0.51,0.49,2023-01-03,850,N,VIIRS,n,2,303.69,4.45,D,0
19.27114,74.68439,334.43,0.33,0.56,2023-01-03,850,N,VIIRS,n,2,298.01,3.79,D,0
19.26796,74.68327,343.2,0.33,0.56,2023-01-03,850,N,VIIRS,n,2,299.06,2.95,D,0
19.23601,74.1328,333.66,0.61,0.54,2023-01-03,850,N,VIIRS,n,2,300.96,5.84,D,0
19.43569,75.75244,346.67,0.39,0.6,2023-01-03,850,N,VIIRS,n,2,303.05,4.76,D,0
19.18161,73.20408,342.33,0.53,0.5,2023-01-03,850,N,VIIRS,n,2,307.57,14.69,D,0
19.38335,74.72467,340.98,0.34,0.56,2023-01-03,850,N,VIIRS,n,2,302.08,4.81,D,0
19.39757,74.70994,337.1,0.34,0.56,2023-01-03,850,N,VIIRS,n,2,300.93,4.03,D,0
19.42314,74.70385,334.14,0.34,0.56,2023-01-03,850,N,VIIRS,n,2,300.67,0.74,D,0
19.52875,74.90202,337.55,0.35,0.57,2023-01-03,850,N,VIIRS,n,2,302.22,2.89,D,0
19.33772,73.11695,341.62,0.53,0.5,2023-01-03,850,N,VIIRS,n,2,307.09,2.69,D,0
19.34076,73.06023,330.65,0.52,0.5,2023-01-03,850,N,VIIRS,l,2,304.55,4.8,D,0
19.53802,74.73596,343.74,0.34,0.56,2023-01-03,850,N,VIIRS,n,2,300.93,2.86,D,0
19.4623,72.78696,331.89,0.51,0.49,2023-01-03,850,N,VIIRS,n,2,300.81,3.0,D,0
19.4817,72.79444,333.01,0.51,0.49,2023-01-03,850,N,VIIRS,n,2,302.49,4.43,D,0
19.48112,72.78958,342.47,0.51,0.49,2023-01-03,850,N,VIIRS,n,2,303.53,4.43,D,0
19.48627,72.79388,332.56,0.51,0.49,2023-01-03,850,N,VIIRS,n,2,302.95,3.99,D,0
19.48569,72.78901,333.75,0.51,0.49,2023-01-03,850,N,VIIRS,n,2,303.18,3.99,D,0
19.48165,72.79131,350.86,0.51,0.49,2023-01-03,850,N,VIIRS,n,2,304.34,7.48,D,0
19.48622,72.79075,338.47,0.51,0.49,2023-01-03,850,N,VIIRS,n,2,303.04,7.48,D,0
19.6419,73.4614,331.43,0.56,0.52,2023-01-03,850,N,VIIRS,l,2,303.14,3.14,D,0
19.77892,72.79749,338.72,0.51,0.49,2023-01-03,850,N,VIIRS,n,2,303.15,5.65,D,0
20.39989,74.93475,336.79,0.36,0.57,2023-01-03,851,N,VIIRS,n,2,301.89,2.11,D,0
20.52374,74.74572,333.96,0.35,0.57,2023-01-03,851,N,VIIRS,n,2,303.65,1.22,D,0
20.97255,74.37094,355.41,0.33,0.56,2023-01-03,851,N,VIIRS,n,2,301.04,7.89,D,0
20.97222,74.36768,340.43,0.33,0.56,2023-01-03,851,N,VIIRS,n,2,299.49,4.86,D,0
21.28971,76.35616,347.96,0.45,0.63,2023-01-03,851,N,VIIRS,n,2,294.92,4.49,D,0
21.2956,76.35564,329.87,0.45,0.63,2023-01-03,851,N,VIIRS,n,2,293.72,4.49,D,0
21.10536,72.64801,343.75,0.52,0.5,2023-01-03,851,N,VIIRS,n,2,305.96,9.55,D,2
21.10831,72.63227,331.43,0.52,0.5,2023-01-03,851,N,VIIRS,n,2,303.26,5.4,D,2
21.85705,77.94134,326.33,0.58,0.7,2023-01-03,851,N,VIIRS,n,2,293.79,2.98,D,0
21.40928,72.86877,340.28,0.54,0.51,2023-01-03,851,N,VIIRS,n,2,303.0,6.29,D,0
21.40613,72.86658,334.68,0.54,0.51,2023-01-03,851,N,VIIRS,n,2,302.23,6.78,D,0
21.53596,73.4081,333.48,0.59,0.53,2023-01-03,851,N,VIIRS,n,2,301.52,3.09,D,0
21.68216,72.53336,336.34,0.52,0.5,2023-01-03,851,N,VIIRS,n,2,303.72,5.0,D,0
21.68056,72.53157,332.45,0.52,0.5,2023-01-03,851,N,VIIRS,l,2,303.46,3.88,D,0
22.17193,75.74721,344.99,0.42,0.61,2023-01-03,851,N,VIIRS,n,2,299.68,7.68,D,0
21.87784,71.9177,336.38,0.48,0.48,2023-01-03,851,N,VIIRS,n,2,303.11,3.38,D,0
21.82964,70.01734,332.9,0.55,0.43,2023-01-03,851,N,VIIRS,n,2,303.55,4.23,D,0
23.08098,78.87503,330.16,0.68,0.74,2023-01-03,851,N,VIIRS,n,2,288.69,5.58,D,0
22.89573,69.90738,333.59,0.56,0.43,2023-01-03,851,N,VIIRS,l,2,304.64,7.05,D,0
22.89905,69.90131,341.7,0.56,0.43,2023-01-03,851,N,VIIRS,n,2,303.34,5.99,D,0
23.01671,70.10146,335.27,0.38,0.44,2023-01-03,851,N,VIIRS,n,2,302.91,3.09,D,2
23.0177,70.10113,341.62,0.39,0.44,2023-01-03,851,N,VIIRS,n,2,304.63,4.44,D,2
23.01726,70.09733,331.38,0.38,0.44,2023-01-03,851,N,VIIRS,n,2,303.24,4.44,D,0
23.14293,71.17162,333.1,0.45,0.47,2023-01-03,851,N,VIIRS,n,2,299.69,2.02,D,0
23.26879,70.44531,335.98,0.41,0.45,2023-01-03,852,N,VIIRS,n,2,304.92,1.74,D,0
23.26708,70.44576,337.39,0.41,0.45,2023-01-03,852,N,VIIRS,n,2,305.17,2.21,D,0
29.91188,74.9566,367.0,0.45,0.63,2023-01-03,853,N,VIIRS,h,2,294.17,131.09,D,0
29.91156,74.95177,208.0,0.45,0.63,2023-01-03,853,N,VIIRS,l,2,290.07,97.6,D,2
31.08955,77.82214,338.73,0.69,0.74,2023-01-03,854,N,VIIRS,n,2,288.82,8.51,D,0
27.55646,96.0406,309.31,0.5,0.41,2023-01-03,1937,N,VIIRS,n,2,281.26,0.79,N,2
27.5562,96.03874,305.68,0.5,0.41,2023-01-03,1937,N,VIIRS,n,2,281.17,0.97,N,2
27.60549,95.40274,304.42,0.46,0.39,2023-01-03,1937,N,VIIRS,n,2,283.74,0.7,N,2
27.46999,95.42264,302.44,0.47,0.39,2023-01-03,1937,N,VIIRS,n,2,284.54,0.96,N,2
27.4604,95.47421,297.38,0.47,0.4,2023-01-03,1937,N,VIIRS,n,2,283.43,0.4,N,0
27.31799,95.26609,327.94,0.46,0.39,2023-01-03,1937,N,VIIRS,n,2,285.24,4.17,N,0
27.18908,95.37498,299.65,0.47,0.4,2023-01-03,1937,N,VIIRS,n,2,283.87,0.39,N,0
26.79366,94.68985,297.76,0.44,0.39,2023-01-03,1937,N,VIIRS,n,2,282.96,0.33,N,2
26.0635,93.92947,297.53,0.42,0.38,2023-01-03,1937,N,VIIRS,n,2,284.07,0.56,N,2
25.27117,91.65926,303.92,0.39,0.36,2023-01-03,1938,N,VIIRS,n,2,280.56,0.4,N,0
23.80839,86.3139,301.87,0.52,0.42,2023-01-03,1938,N,VIIRS,n,2,289.39,1.41,N,2
23.80774,86.31905,302.63,0.52,0.42,2023-01-03,1938,N,VIIRS,n,2,289.29,1.41,N,2
23.80709,86.3242,302.69,0.52,0.42,2023-01-03,1938,N,VIIRS,n,2,287.25,1.19,N,2
23.80643,86.32935,309.24,0.52,0.42,2023-01-03,1938,N,VIIRS,n,2,288.1,1.19,N,2
23.80261,86.32877,315.41,0.52,0.42,2023-01-03,1938,N,VIIRS,n,2,288.68,3.5,N,2
23.79685,86.34344,296.46,0.52,0.41,2023-01-03,1938,N,VIIRS,n,2,286.14,2.64,N,2
23.79555,86.3537,316.06,0.52,0.41,2023-01-03,1938,N,VIIRS,n,2,287.9,1.91,N,2
23.79173,86.3531,321.96,0.52,0.41,2023-01-03,1938,N,VIIRS,n,2,287.96,3.56,N,2
23.78914,86.37352,299.11,0.52,0.41,2023-01-03,1938,N,VIIRS,n,2,284.86,0.77,N,2
23.78276,86.39329,309.58,0.52,0.41,2023-01-03,1938,N,VIIRS,n,2,288.14,1.81,N,2
23.78667,86.33147,302.68,0.52,0.41,2023-01-03,1938,N,VIIRS,n,2,287.56,1.33,N,2
23.78603,86.33655,299.58,0.52,0.41,2023-01-03,1938,N,VIIRS,n,2,287.56,1.33,N,2
23.78152,86.37231,304.21,0.52,0.41,2023-01-03,1938,N,VIIRS,n,2,286.84,1.7,N,2
23.77958,86.38763,297.87,0.52,0.41,2023-01-03,1938,N,VIIRS,n,2,286.38,1.51,N,2
23.77895,86.39268,313.75,0.52,0.41,2023-01-03,1938,N,VIIRS,n,2,289.7,2.01,N,2
23.73335,86.7497,306.23,0.49,0.41,2023-01-03,1938,N,VIIRS,n,2,286.61,1.78,N,0
23.78607,86.30521,303.06,0.52,0.42,2023-01-03,1938,N,VIIRS,n,2,286.87,1.64,N,2
23.78092,86.34618,307.25,0.52,0.41,2023-01-03,1938,N,VIIRS,n,2,287.6,2.15,N,2
23.77578,86.38702,311.54,0.52,0.41,2023-01-03,1938,N,VIIRS,n,2,288.27,1.51,N,2
23.77514,86.39207,304.78,0.52,0.41,2023-01-03,1938,N,VIIRS,n,2,288.7,2.01,N,2
23.77197,86.3864,299.23,0.52,0.41,2023-01-03,1938,N,VIIRS,n,2,287.01,0.81,N,2
23.77133,86.39146,303.43,0.52,0.41,2023-01-03,1938,N,VIIRS,n,2,289.32,1.55,N,2
23.76816,86.38579,296.84,0.52,0.41,2023-01-03,1938,N,VIIRS,n,2,286.26,0.81,N,2
23.76752,86.39085,307.78,0.52,0.41,2023-01-03,1938,N,VIIRS,n,2,291.52,1.55,N,2
23.76688,86.39592,305.43,0.52,0.41,2023-01-03,1938,N,VIIRS,n,2,288.83,1.55,N,2
23.76562,86.37504,298.82,0.52,0.41,2023-01-03,1938,N,VIIRS,n,2,285.55,0.9,N,0
23.76499,86.3801,300.0,0.52,0.41,2023-01-03,1938,N,VIIRS,n,2,288.39,1.2,N,0
23.76371,86.39024,302.32,0.52,0.41,2023-01-03,1938,N,VIIRS,n,2,287.68,1.26,N,2
23.76308,86.39532,301.51,0.52,0.41,2023-01-03,1938,N,VIIRS,n,2,289.29,1.26,N,2
23.76052,86.41569,296.23,0.51,0.41,2023-01-03,1938,N,VIIRS,n,2,285.86,0.99,N,2
23.78292,86.20496,296.28,0.53,0.42,2023-01-03,1938,N,VIIRS,n,2,284.26,1.03,N,2
23.78227,86.21017,306.52,0.53,0.42,2023-01-03,1938,N,VIIRS,n,2,286.04,1.03,N,2
23.75927,86.39471,303.63,0.52,0.41,2023-01-03,1938,N,VIIRS,n,2,287.72,1.26,N,2
23.75863,86.3998,316.43,0.52,0.41,2023-01-03,1938,N,VIIRS,n,2,288.03,1.99,N,2
23.75799,86.40492,307.03,0.51,0.41,2023-01-03,1938,N,VIIRS,n,2,286.17,1.99,N,2
23.77843,86.20956,296.78,0.53,0.42,2023-01-03,1938,N,VIIRS,n,2,285.67,1.39,N,2
23.75482,86.39921,297.83,0.52,0.41,2023-01-03,1938,N,VIIRS,n,2,286.87,1.04,N,2
23.75291,86.41447,296.56,0.51,0.41,2023-01-03,1938,N,VIIRS,n,2,285.88,1.09,N,2
23.75228,86.41952,309.67,0.51,0.41,2023-01-03,1938,N,VIIRS,n,2,287.23,0.9,N,2
23.77458,86.20892,301.38,0.53,0.42,2023-01-03,1938,N,VIIRS,n,2,286.62,1.39,N,2
23.74848,86.41891,303.47,0.51,0.41,2023-01-03,1938,N,VIIRS,n,2,286.75,0.9,N,2
23.74785,86.42394,298.12,0.51,0.41,2023-01-03,1938,N,VIIRS,n,2,286.6,0.9,N,2
23.76698,86.37341,303.5,0.52,0.41,2023-01-03,1938,N,VIIRS,n,2,286.57,2.38,N,0
23.76431,86.39364,308.02,0.52,0.41,2023-01-03,1938,N,VIIRS,n,2,289.9,1.59,N,2
23.7605,86.39305,303.69,0.52,0.41,2023-01-03,1938,N,VIIRS,n,2,287.92,1.59,N,2
23.75983,86.39812,301.54,0.51,0.41,2023-01-03,1938,N,VIIRS,n,2,288.04,1.59,N,2
23.75916,86.40322,319.71,0.51,0.41,2023-01-03,1938,N,VIIRS,n,2,288.03,2.59,N,2
23.78079,86.20819,314.56,0.53,0.42,2023-01-03,1938,N,VIIRS,n,2,287.18,1.63,N,2
23.75603,86.39751,305.88,0.51,0.41,2023-01-03,1938,N,VIIRS,n,2,287.2,1.73,N,2
23.75336,86.41782,307.26,0.51,0.41,2023-01-03,1938,N,VIIRS,n,2,287.2,1.48,N,2
23.77695,86.20754,296.58,0.53,0.42,2023-01-03,1938,N,VIIRS,n,2,285.84,1.63,N,2
23.74956,86.41722,310.48,0.51,0.41,2023-01-03,1938,N,VIIRS,n,2,286.58,1.48,N,2
23.77311,86.20691,295.76,0.53,0.42,2023-01-03,1938,N,VIIRS,n,2,285.65,1.22,N,2
23.74444,86.42666,297.53,0.51,0.41,2023-01-03,1938,N,VIIRS,n,2,286.46,1.49,N,2
23.73304,86.42489,298.48,0.51,0.41,2023-01-03,1938,N,VIIRS,n,2,285.88,1.12,N,2
23.66778,86.91875,307.21,0.48,0.4,2023-01-03,1938,N,VIIRS,n,2,285.85,1.7,N,2
23.72727,86.43942,301.39,0.51,0.41,2023-01-03,1938,N,VIIRS,n,2,288.45,1.51,N,2
23.66409,86.91816,296.46,0.48,0.4,2023-01-03,1938,N,VIIRS,n,2,285.48,0.7,N,2
23.72347,86.43884,302.29,0.51,0.41,2023-01-03,1938,N,VIIRS,n,2,286.49,1.51,N,2
23.72215,86.44893,301.46,0.51,0.41,2023-01-03,1938,N,VIIRS,n,2,290.73,1.47,N,2
23.71902,86.44329,301.24,0.51,0.41,2023-01-03,1938,N,VIIRS,n,2,286.96,1.08,N,2
23.71836,86.44833,308.21,0.51,0.41,2023-01-03,1938,N,VIIRS,n,2,289.58,1.84,N,2
23.71523,86.44269,298.7,0.51,0.41,2023-01-03,1938,N,VIIRS,n,2,285.48,1.08,N,2
23.82632,85.50047,298.78,0.38,0.44,2023-01-03,1938,N,VIIRS,n,2,286.67,0.95,N,2
23.61068,87.149,296.7,0.47,0.4,2023-01-03,1938,N,VIIRS,n,2,285.6,0.83,N,2
23.68751,86.3868,301.82,0.51,0.41,2023-01-03,1938,N,VIIRS,n,2,287.25,1.77,N,2
23.68686,86.39191,319.69,0.51,0.41,2023-01-03,1938,N,VIIRS,n,2,288.59,1.98,N,2
23.68306,86.3913,316.7,0.51,0.41,2023-01-03,1938,N,VIIRS,n,2,287.58,1.98,N,2
23.68241,86.39641,298.31,0.51,0.41,2023-01-03,1938,N,VIIRS,n,2,284.98,1.98,N,2
23.67861,86.3958,299.09,0.51,0.41,2023-01-03,1938,N,VIIRS,n,2,287.55,1.66,N,2
23.67797,86.40083,305.89,0.51,0.41,2023-01-03,1938,N,VIIRS,n,2,288.35,1.77,N,2
23.61481,86.86182,295.56,0.49,0.4,2023-01-03,1938,N,VIIRS,n,2,284.8,0.65,N,2
23.6167,86.78886,295.83,0.49,0.4,2023-01-03,1938,N,VIIRS,n,2,285.74,0.55,N,2
23.55771,87.23925,303.34,0.47,0.39,2023-01-03,1938,N,VIIRS,n,2,285.52,1.58,N,2
23.61297,86.78828,301.99,0.49,0.4,2023-01-03,1938,N,VIIRS,n,2,287.1,1.06,N,2
23.55407,87.23867,296.05,0.47,0.39,2023-01-03,1938,N,VIIRS,n,2,284.89,0.92,N,2
23.55346,87.24326,318.66,0.47,0.39,2023-01-03,1938,N,VIIRS,n,2,286.97,2.45,N,3
23.54983,87.24265,319.42,0.47,0.39,2023-01-03,1938,N,VIIRS,n,2,286.37,2.45,N,3
23.68136,86.0922,311.37,0.53,0.42,2023-01-03,1938,N,VIIRS,n,2,286.31,2.27,N,2
23.68018,86.09609,313.14,0.53,0.42,2023-01-03,1938,N,VIIRS,n,2,285.19,2.85,N,2
23.66857,86.09438,295.3,0.53,0.42,2023-01-03,1938,N,VIIRS,n,2,284.71,1.06,N,2
23.54809,86.54763,295.95,0.5,0.41,2023-01-03,1938,N,VIIRS,n,2,284.28,0.35,N,2
23.03094,86.16045,295.07,0.52,0.41,2023-01-03,1938,N,VIIRS,n,2,284.78,0.48,N,0
22.9112,86.07239,299.33,0.52,0.42,2023-01-03,1939,N,VIIRS,n,2,285.54,0.83,N,0
22.87346,86.06151,302.8,0.52,0.42,2023-01-03,1939,N,VIIRS,n,2,286.35,1.12,N,2
22.79766,86.2085,328.75,0.51,0.41,2023-01-03,1939,N,VIIRS,n,2,289.11,3.75,N,2
22.79832,86.20352,315.08,0.51,0.41,2023-01-03,1939,N,VIIRS,n,2,287.97,3.75,N,2
22.80973,86.08681,298.77,0.52,0.42,2023-01-03,1939,N,VIIRS,n,2,288.43,1.3,N,2
22.79136,86.1974,309.22,0.51,0.41,2023-01-03,1939,N,VIIRS,n,2,291.08,2.93,N,2
22.7907,86.20242,299.77,0.51,0.41,2023-01-03,1939,N,VIIRS,n,2,288.79,1.28,N,2
22.79004,86.20743,304.55,0.51,0.41,2023-01-03,1939,N,VIIRS,n,2,288.62,1.28,N,2
22.78938,86.21244,302.36,0.51,0.41,2023-01-03,1939,N,VIIRS,n,2,287.16,0.65,N,2
22.80141,86.09069,300.01,0.52,0.42,2023-01-03,1939,N,VIIRS,n,2,288.1,1.0,N,2
22.78689,86.20187,299.59,0.51,0.41,2023-01-03,1939,N,VIIRS,n,2,288.67,1.28,N,2
22.79759,86.09012,299.3,0.52,0.42,2023-01-03,1939,N,VIIRS,n,2,286.54,0.69,N,2
23.17015,82.33926,297.18,0.59,0.53,2023-01-03,1939,N,VIIRS,n,2,285.38,0.99,N,2
23.16529,82.33852,298.13,0.59,0.53,2023-01-03,1939,N,VIIRS,n,2,284.14,0.99,N,2
23.16733,82.33796,304.23,0.59,0.53,2023-01-03,1939,N,VIIRS,n,2,284.9,1.43,N,2
22.59096,85.90434,305.98,0.53,0.42,2023-01-03,1939,N,VIIRS,n,2,287.73,1.97,N,2
22.37856,87.28086,309.24,0.45,0.39,2023-01-03,1939,N,VIIRS,n,2,289.36,1.95,N,2
22.36483,87.30109,317.63,0.45,0.39,2023-01-03,1939,N,VIIRS,n,2,289.69,3.15,N,2
22.35886,87.29118,300.15,0.45,0.39,2023-01-03,1939,N,VIIRS,n,2,288.13,0.76,N,2
22.36579,87.01644,308.7,0.46,0.39,2023-01-03,1939,N,VIIRS,n,2,288.67,1.3,N,2
22.36216,87.01585,299.84,0.46,0.39,2023-01-03,1939,N,VIIRS,n,2,287.62,1.3,N,2
22.24481,87.39,310.45,0.45,0.39,2023-01-03,1939,N,VIIRS,n,2,287.89,1.41,N,2
22.05274,88.12222,311.45,0.42,0.38,2023-01-03,1939,N,VIIRS,n,2,291.06,1.44,N,2
22.05216,88.12627,314.8,0.42,0.38,2023-01-03,1939,N,VIIRS,n,2,291.24,1.75,N,2
22.05218,88.10139,323.71,0.42,0.38,2023-01-03,1939,N,VIIRS,n,2,287.49,2.07,N,2
22.04873,88.10082,311.41,0.42,0.38,2023-01-03,1939,N,VIIRS,n,2,288.29,1.74,N,2
22.31333,84.76609,300.4,0.41,0.45,2023-01-03,1939,N,VIIRS,n,2,287.71,0.61,N,0
22.2143,84.86784,297.8,0.4,0.44,2023-01-03,1939,N,VIIRS,n,2,287.66,0.68,N,2
22.22437,84.7534,299.25,0.41,0.45,2023-01-03,1939,N,VIIRS,n,2,288.04,1.35,N,2
22.22388,84.75739,297.63,0.41,0.45,2023-01-03,1939,N,VIIRS,n,2,287.06,1.38,N,2
22.2107,84.86337,307.68,0.4,0.44,2023-01-03,1939,N,VIIRS,n,2,290.03,1.02,N,2
22.20855,84.84716,301.96,0.4,0.44,2023-01-03,1939,N,VIIRS,n,2,287.72,0.96,N,2
22.20709,84.85889,301.52,0.4,0.44,2023-01-03,1939,N,VIIRS,n,2,287.82,1.02,N,2
22.1332,85.38098,295.86,0.56,0.43,2023-01-03,1939,N,VIIRS,n,2,285.46,0.59,N,2
22.0546,85.46295,305.57,0.55,0.43,2023-01-03,1939,N,VIIRS,n,2,286.63,1.64,N,2
22.05515,85.46732,299.25,0.55,0.43,2023-01-03,1939,N,VIIRS,n,2,285.88,0.73,N,2
22.08313,84.86213,297.75,0.4,0.44,2023-01-03,1939,N,VIIRS,n,2,287.12,0.77,N,2
22.32548,82.6606,300.98,0.55,0.51,2023-01-03,1939,N,VIIRS,n,2,286.9,1.43,N,2
22.32372,82.67675,296.87,0.55,0.51,2023-01-03,1939,N,VIIRS,n,2,286.73,0.78,N,0
21.99267,85.3267,298.94,0.56,0.43,2023-01-03,1939,N,VIIRS,n,2,286.16,0.91,N,3
21.93077,85.2213,312.43,0.57,0.43,2023-01-03,1939,N,VIIRS,n,2,287.84,2.36,N,2
22.10921,83.55987,302.77,0.48,0.48,2023-01-03,1939,N,VIIRS,n,2,286.49,0.89,N,0
22.10459,83.52108,296.41,0.48,0.48,2023-01-03,1939,N,VIIRS,n,2,286.13,0.75,N,0
22.05892,83.72613,300.77,0.47,0.47,2023-01-03,1939,N,VIIRS,n,2,287.84,1.15,N,2
22.03983,83.73738,299.72,0.47,0.47,2023-01-03,1939,N,VIIRS,n,2,287.56,1.29,N,0
22.03979,83.74024,298.84,0.46,0.47,2023-01-03,1939,N,VIIRS,n,2,288.05,0.82,N,2
22.03648,83.73064,298.38,0.47,0.47,2023-01-03,1939,N,VIIRS,n,2,286.26,0.89,N,0
22.02342,83.76555,304.61,0.46,0.47,2023-01-03,1939,N,VIIRS,n,2,287.86,1.16,N,0
21.68475,85.43613,296.13,0.55,0.43,2023-01-03,1939,N,VIIRS,n,2,285.65,0.72,N,2
21.92434,83.34843,299.03,0.49,0.49,2023-01-03,1939,N,VIIRS,n,2,287.47,1.8,N,2
21.91985,83.34782,307.35,0.49,0.49,2023-01-03,1939,N,VIIRS,n,2,289.75,2.01,N,2
21.91931,83.35259,308.63,0.49,0.49,2023-01-03,1939,N,VIIRS,n,2,290.55,2.01,N,2
21.87848,83.55267,298.24,0.48,0.48,2023-01-03,1939,N,VIIRS,n,2,286.77,1.02,N,2
21.79994,83.88318,299.44,0.45,0.47,2023-01-03,1939,N,VIIRS,n,2,288.26,1.36,N,0
21.77022,84.02094,301.37,0.44,0.46,2023-01-03,1939,N,VIIRS,n,2,288.3,0.79,N,2
21.76593,84.02036,302.19,0.44,0.46,2023-01-03,1939,N,VIIRS,n,2,288.65,0.79,N,2
21.76541,84.02467,303.86,0.44,0.46,2023-01-03,1939,N,VIIRS,n,2,288.5,0.79,N,2
21.76164,84.01975,306.04,0.44,0.46,2023-01-03,1939,N,VIIRS,n,2,290.31,1.79,N,2
21.75684,84.02348,310.88,0.44,0.46,2023-01-03,1939,N,VIIRS,n,2,290.2,1.79,N,2
21.75255,84.02287,304.29,0.44,0.46,2023-01-03,1939,N,VIIRS,n,2,288.18,1.22,N,2
21.7608,83.84184,327.11,0.45,0.47,2023-01-03,1939,N,VIIRS,n,2,288.51,3.56,N,2
21.75646,83.84126,319.96,0.45,0.47,2023-01-03,1939,N,VIIRS,n,2,289.15,2.92,N,2
21.6991,84.03285,298.29,0.44,0.46,2023-01-03,1939,N,VIIRS,n,2,287.59,0.72,N,0
21.68244,84.04108,300.47,0.44,0.46,2023-01-03,1939,N,VIIRS,n,2,288.33,1.12,N,2
21.67868,84.03619,309.23,0.44,0.46,2023-01-03,1939,N,VIIRS,n,2,288.41,2.57,N,2
21.43793,84.08012,302.41,0.44,0.46,2023-01-03,1939,N,VIIRS,n,2,287.25,0.8,N,0
20.97334,86.00706,305.77,0.5,0.41,2023-01-03,1939,N,VIIRS,n,2,289.47,1.74,N,2
20.97022,86.00168,300.07,0.5,0.41,2023-01-03,1939,N,VIIRS,n,2,290.01,2.05,N,2
20.83566,86.96064,322.35,0.45,0.39,2023-01-03,1939,N,VIIRS,n,2,292.78,3.04,N,0
20.83506,86.96497,321.23,0.45,0.39,2023-01-03,1939,N,VIIRS,n,2,292.91,2.56,N,0
20.95252,86.04817,303.13,0.5,0.41,2023-01-03,1939,N,VIIRS,n,2,290.26,1.35,N,2
20.8285,86.95951,306.42,0.45,0.39,2023-01-03,1939,N,VIIRS,n,2,290.37,0.81,N,0
21.07977,85.03793,309.9,0.57,0.43,2023-01-03,1939,N,VIIRS,n,2,290.41,3.15,N,2
21.07578,85.03736,296.86,0.57,0.43,2023-01-03,1939,N,VIIRS,n,2,286.43,1.54,N,2
20.94374,86.05653,300.15,0.5,0.41,2023-01-03,1939,N,VIIRS,n,2,289.48,1.35,N,2
20.93936,86.06075,304.58,0.5,0.41,2023-01-03,1939,N,VIIRS,n,2,289.42,1.08,N,2
20.9225,86.04347,299.83,0.5,0.41,2023-01-03,1939,N,VIIRS,n,2,289.06,0.92,N,0
20.97668,85.13262,300.28,0.56,0.43,2023-01-03,1939,N,VIIRS,n,2,288.97,2.08,N,2
20.88456,84.97959,307.52,0.57,0.43,2023-01-03,1939,N,VIIRS,n,2,288.98,1.26,N,2
20.86651,84.9937,302.9,0.57,0.43,2023-01-03,1939,N,VIIRS,n,2,289.48,1.99,N,2
20.80489,85.25794,305.4,0.55,0.43,2023-01-03,1939,N,VIIRS,n,2,289.17,2.05,N,2
20.79378,85.25098,315.87,0.55,0.43,2023-01-03,1939,N,VIIRS,n,2,289.34,3.17,N,2
20.79312,85.25625,306.48,0.55,0.43,2023-01-03,1939,N,VIIRS,n,2,289.06,2.05,N,2
20.78854,85.26089,307.77,0.55,0.42,2023-01-03,1939,N,VIIRS,n,2,290.48,2.05,N,2
20.78788,85.26617,300.68,0.55,0.42,2023-01-03,1939,N,VIIRS,n,2,289.38,1.16,N,2
20.78462,85.2603,306.47,0.55,0.42,2023-01-03,1939,N,VIIRS,n,2,289.49,1.64,N,2
20.79402,85.25426,326.1,0.55,0.42,2023-01-03,1939,N,VIIRS,n,2,289.67,5.12,N,2
20.78941,85.25891,299.87,0.55,0.42,2023-01-03,1939,N,VIIRS,n,2,289.73,0.99,N,2
20.78871,85.26414,300.93,0.55,0.42,2023-01-03,1939,N,VIIRS,n,2,290.01,0.99,N,2
20.78549,85.25832,302.1,0.55,0.42,2023-01-03,1939,N,VIIRS,n,2,288.4,0.99,N,2
20.7848,85.26356,305.22,0.55,0.42,2023-01-03,1939,N,VIIRS,n,2,289.5,0.99,N,2
20.76107,85.29226,304.42,0.54,0.42,2023-01-03,1939,N,VIIRS,n,2,289.04,1.51,N,0
20.5772,85.7496,303.85,0.51,0.41,2023-01-03,1939,N,VIIRS,n,2,288.25,1.0,N,0
20.51453,85.72506,302.82,0.51,0.41,2023-01-03,1939,N,VIIRS,n,2,289.33,1.4,N,2
20.51597,85.72362,303.15,0.51,0.41,2023-01-03,1939,N,VIIRS,n,2,289.41,1.3,N,2
20.26104,86.59988,300.11,0.46,0.39,2023-01-03,1939,N,VIIRS,n,2,289.61,3.25,N,0
20.25742,86.5993,338.93,0.46,0.39,2023-01-03,1939,N,VIIRS,n,2,290.6,3.25,N,2
19.96485,79.33291,304.06,0.42,0.61,2023-01-03,1940,N,VIIRS,n,2,286.95,0.66,N,2
19.96347,79.33322,305.8,0.42,0.61,2023-01-03,1940,N,VIIRS,n,2,287.07,0.66,N,2
19.9213,79.11363,300.74,0.43,0.62,2023-01-03,1940,N,VIIRS,n,2,288.66,0.38,N,2
19.78905,79.14607,302.01,0.43,0.62,2023-01-03,1940,N,VIIRS,n,2,289.33,1.03,N,2
19.35155,74.96391,301.78,0.79,0.78,2023-01-03,1940,N,VIIRS,n,2,284.98,1.21,N,0
19.15919,77.19948,309.84,0.56,0.69,2023-01-03,1940,N,VIIRS,n,2,286.56,1.2,N,0
18.73636,79.53114,311.67,0.39,0.6,2023-01-03,1940,N,VIIRS,n,2,290.34,1.74,N,0
18.72449,79.53748,314.42,0.39,0.6,2023-01-03,1940,N,VIIRS,n,2,291.34,2.15,N,2
18.71896,79.53673,302.27,0.39,0.6,2023-01-03,1940,N,VIIRS,n,2,290.17,0.71,N,2
17.61086,83.20605,302.46,0.44,0.46,2023-01-03,1940,N,VIIRS,n,2,290.98,0.83,N,2
18.21169,77.10358,303.61,0.56,0.69,2023-01-03,1940,N,VIIRS,n,2,285.78,1.12,N,0
18.059,76.98067,297.9,0.57,0.69,2023-01-03,1940,N,VIIRS,n,2,286.15,0.49,N,0
17.46251,80.65279,301.49,0.32,0.55,2023-01-03,1940,N,VIIRS,n,2,291.29,0.81,N,0
17.1444,78.2244,301.15,0.46,0.64,2023-01-03,1940,N,VIIRS,n,2,287.08,1.21,N,2
16.87524,80.11905,304.64,0.34,0.56,2023-01-03,1940,N,VIIRS,n,2,292.51,0.67,N,0
13.16019,80.28104,309.13,0.6,0.53,2023-01-03,1941,N,VIIRS,n,2,291.89,2.52,N,2
15.91478,77.36189,299.64,0.51,0.66,2023-01-03,1941,N,VIIRS,n,2,289.49,0.6,N,0
16.1064,75.31197,309.52,0.69,0.74,2023-01-03,1941,N,VIIRS,n,2,287.62,1.37,N,0
15.17909,77.10143,303.88,0.52,0.67,2023-01-03,1941,N,VIIRS,n,2,290.63,1.38,N,2
15.18069,76.65377,303.92,0.55,0.68,2023-01-03,1941,N,VIIRS,n,2,291.63,2.64,N,2
15.17858,76.67476,303.47,0.55,0.68,2023-01-03,1941,N,VIIRS,n,2,290.72,1.84,N,2
15.17431,76.65314,316.68,0.55,0.68,2023-01-03,1941,N,VIIRS,n,2,291.76,2.64,N,2
15.17378,76.65839,312.4,0.55,0.68,2023-01-03,1941,N,VIIRS,n,2,292.05,3.71,N,2
15.02204,78.01124,304.77,0.45,0.63,2023-01-03,1941,N,VIIRS,n,2,292.31,0.76,N,2
15.18372,76.78889,300.4,0.54,0.68,2023-01-03,1941,N,VIIRS,n,2,289.11,0.53,N,0
15.17938,76.65096,303.45,0.55,0.68,2023-01-03,1941,N,VIIRS,n,2,291.96,1.78,N,0
15.17882,76.6562,314.16,0.55,0.68,2023-01-03,1941,N,VIIRS,n,2,291.91,1.78,N,2
15.17657,76.67719,313.98,0.55,0.68,2023-01-03,1941,N,VIIRS,n,2,290.41,2.35,N,2
15.17244,76.65559,311.87,0.55,0.68,2023-01-03,1941,N,VIIRS,n,2,290.86,1.78,N,2
15.02316,78.01218,304.98,0.45,0.63,2023-01-03,1941,N,VIIRS,n,2,292.1,1.02,N,2
15.16927,76.37723,303.14,0.58,0.69,2023-01-03,1941,N,VIIRS,n,2,292.01,1.15,N,2
15.07367,76.86459,300.32,0.53,0.67,2023-01-03,1941,N,VIIRS,n,2,290.16,0.91,N,2
15.10929,75.04071,297.69,0.7,0.75,2023-01-03,1941,N,VIIRS,n,2,287.09,0.65,N,0
14.60698,78.52199,305.35,0.41,0.61,2023-01-03,1941,N,VIIRS,n,2,292.32,1.08,N,2
14.26281,75.48467,301.76,0.64,0.72,2023-01-03,1941,N,VIIRS,n,2,287.69,1.3,N,0
14.2612,75.48598,304.34,0.64,0.72,2023-01-03,1941,N,VIIRS,n,2,288.05,1.04,N,0
13.80912,75.73163,301.68,0.61,0.71,2023-01-03,1941,N,VIIRS,n,2,287.29,0.88,N,0
13.16218,80.28268,305.08,0.6,0.53,2023-01-03,1941,N,VIIRS,n,2,291.19,1.08,N,2
13.55321,77.01276,301.27,0.5,0.66,2023-01-03,1941,N,VIIRS,n,2,288.73,0.83,N,0
11.08986,79.18683,302.64,0.33,0.55,2023-01-03,1942,N,VIIRS,n,2,290.09,0.36,N,0
10.81233,79.30627,304.68,0.32,0.55,2023-01-03,1942,N,VIIRS,n,2,290.84,0.26,N,2
29.90435,74.95287,308.94,0.51,0.49,2023-01-03,2117,N,VIIRS,n,2,279.55,1.56,N,0
29.90881,74.95417,302.05,0.51,0.49,2023-01-03,2117,N,VIIRS,n,2,287.1,56.7,N,2
29.90994,74.94897,339.16,0.51,0.49,2023-01-03,2117,N,VIIRS,n,2,284.28,69.8,N,2
27.07924,73.81595,296.39,0.5,0.49,2023-01-03,2118,N,VIIRS,n,2,280.83,0.8,N,0
26.8777,73.51459,296.05,0.48,0.48,2023-01-03,2118,N,VIIRS,n,2,278.98,1.69,N,2
24.65941,74.63355,298.42,0.63,0.54,2023-01-03,2119,N,VIIRS,n,2,282.15,2.68,N,2
23.31718,70.48573,298.3,0.56,0.43,2023-01-03,2119,N,VIIRS,n,2,287.31,0.48,N,2
23.40755,72.41822,313.69,0.49,0.48,2023-01-03,2119,N,VIIRS,n,2,283.52,1.17,N,0
24.32341,73.35586,310.42,0.53,0.5,2023-01-03,2119,N,VIIRS,n,2,280.62,1.4,N,0
24.69197,73.0047,295.97,0.5,0.49,2023-01-03,2119,N,VIIRS,n,2,284.37,0.59,N,2
24.58063,74.80465,298.37,0.32,0.55,2023-01-03,2119,N,VIIRS,n,2,283.65,1.04,N,2
23.26151,70.25156,306.7,0.55,0.43,2023-01-03,2119,N,VIIRS,n,2,286.17,1.66,N,2
20.70213,75.32388,304.29,0.42,0.61,2023-01-03,2120,N,VIIRS,n,2,286.73,1.02,N,0
21.6813,72.53439,309.28,0.53,0.5,2023-01-03,2120,N,VIIRS,n,2,287.4,3.31,N,0
21.68574,72.53161,304.79,0.53,0.5,2023-01-03,2120,N,VIIRS,n,2,287.12,1.4,N,0
22.41785,69.0388,301.13,0.49,0.4,2023-01-03,2120,N,VIIRS,n,2,288.86,1.01,N,2
22.33835,69.85612,302.72,0.54,0.42,2023-01-03,2120,N,VIIRS,n,2,292.68,3.07,N,2
21.53624,74.25782,297.5,0.34,0.56,2023-01-03,2120,N,VIIRS,n,2,284.6,0.54,N,0
22.24143,70.98608,295.58,0.42,0.45,2023-01-03,2120,N,VIIRS,n,2,280.89,0.44,N,0
22.90694,69.70107,302.5,0.52,0.42,2023-01-03,2120,N,VIIRS,n,2,286.19,1.21,N,2
22.90933,69.70343,298.29,0.52,0.42,2023-01-03,2120,N,VIIRS,n,2,284.83,1.58,N,2
22.93775,69.69907,303.97,0.52,0.41,2023-01-03,2120,N,VIIRS,n,2,284.94,0.88,N,2
23.11531,70.08422,301.2,0.54,0.42,2023-01-03,2120,N,VIIRS,n,2,285.73,1.05,N,2
22.10691,75.04272,304.06,0.37,0.58,2023-01-03,2120,N,VIIRS,n,2,282.69,0.62,N,0
23.11917,70.08508,304.54,0.54,0.42,2023-01-03,2120,N,VIIRS,n,2,285.54,1.05,N,0
23.10415,70.18633,297.42,0.55,0.43,2023-01-03,2120,N,VIIRS,n,2,286.94,0.86,N,2
23.43129,68.71238,297.71,0.46,0.39,2023-01-03,2120,N,VIIRS,n,2,286.7,0.73,N,2
23.12302,70.08593,322.17,0.54,0.42,2023-01-03,2120,N,VIIRS,n,2,284.82,2.05,N,0
23.17043,70.21899,297.03,0.55,0.43,2023-01-03,2120,N,VIIRS,n,2,286.3,0.87,N,2
19.11021,73.05273,300.49,0.32,0.55,2023-01-03,2120,N,VIIRS,n,2,288.73,0.59,N,0
19.78257,73.65856,300.54,0.34,0.56,2023-01-03,2120,N,VIIRS,n,2,287.14,0.41,N,0
19.11258,77.11463,296.5,0.58,0.7,2023-01-03,2120,N,VIIRS,n,2,286.16,0.9,N,0
19.8501,74.0518,296.51,0.36,0.57,2023-01-03,2120,N,VIIRS,n,2,284.96,0.32,N,0
20.83305,70.69449,297.75,0.43,0.46,2023-01-03,2120,N,VIIRS,n,2,287.63,1.15,N,2
20.91147,71.45904,312.43,0.47,0.48,2023-01-03,2120,N,VIIRS,n,2,289.48,1.9,N,2
21.1038,72.65181,299.01,0.55,0.51,2023-01-03,2120,N,VIIRS,n,2,288.85,1.07,N,2
21.10488,72.64648,340.88,0.55,0.51,2023-01-03,2120,N,VIIRS,n,2,291.68,10.39,N,2
21.10811,72.6306,337.09,0.55,0.51,2023-01-03,2120,N,VIIRS,n,2,289.72,7.74,N,2
21.15524,72.73792,309.26,0.56,0.52,2023-01-03,2120,N,VIIRS,n,2,287.45,0.93,N,2
19.78756,79.14932,297.58,0.75,0.77,2023-01-03,2120,N,VIIRS,n,2,286.04,1.61,N,2
19.78481,79.147,297.48,0.75,0.77,2023-01-03,2120,N,VIIRS,n,2,286.25,0.89,N,2
18.6853,73.02963,315.54,0.33,0.55,2023-01-03,2121,N,VIIRS,n,2,292.74,1.81,N,2
15.17827,76.66161,306.23,0.65,0.73,2023-01-03,2121,N,VIIRS,n,2,291.46,1.45,N,2
15.17965,76.65546,303.22,0.65,0.73,2023-01-03,2121,N,VIIRS,n,2,292.18,1.45,N,2
15.948,75.04118,302.89,0.5,0.66,2023-01-03,2121,N,VIIRS,n,2,286.91,1.08,N,0
16.22018,75.08318,299.5,0.49,0.65,2023-01-03,2121,N,VIIRS,n,2,282.45,0.91,N,0
17.09465,74.15815,305.62,0.41,0.61,2023-01-03,2121,N,VIIRS,n,2,286.26,0.58,N,0
18.03693,73.18847,310.77,0.34,0.56,2023-01-03,2121,N,VIIRS,n,2,290.88,1.3,N,0
18.04196,73.19019,315.8,0.34,0.56,2023-01-03,2121,N,VIIRS,n,2,290.73,1.3,N,0
18.04263,73.18691,314.58,0.34,0.56,2023-01-03,2121,N,VIIRS,n,2,291.45,3.15,N,0
17.69742,75.44513,300.85,0.49,0.65,2023-01-03,2121,N,VIIRS,n,2,285.97,1.49,N,0
18.67899,73.03463,302.32,0.33,0.55,2023-01-03,2121,N,VIIRS,n,2,291.16,1.33,N,3
18.68402,73.03577,310.5,0.33,0.55,2023-01-03,2121,N,VIIRS,n,2,292.54,1.33,N,2
15.17415,76.67995,311.05,0.65,0.73,2023-01-03,2121,N,VIIRS,n,2,290.25,2.06,N,2
18.69342,73.04115,305.96,0.33,0.55,2023-01-03,2121,N,VIIRS,n,2,292.36,1.05,N,2
18.88005,72.9692,301.36,0.32,0.55,2023-01-03,2121,N,VIIRS,n,2,290.48,0.24,N,0
15.17674,76.6548,305.76,0.65,0.73,2023-01-03,2121,N,VIIRS,n,2,291.7,3.57,N,2
15.1754,76.66096,311.5,0.65,0.73,2023-01-03,2121,N,VIIRS,n,2,291.25,3.63,N,2
15.1752,76.37625,302.94,0.63,0.72,2023-01-03,2121,N,VIIRS,n,2,290.44,1.83,N,2
14.90225,75.49943,302.04,0.56,0.69,2023-01-03,2121,N,VIIRS,n,2,286.99,0.69,N,0
14.9001,75.49843,302.96,0.56,0.69,2023-01-03,2121,N,VIIRS,n,2,286.78,0.93,N,0
15.17165,76.65987,300.62,0.65,0.73,2023-01-03,2121,N,VIIRS,n,2,290.52,1.45,N,2
15.17801,76.68115,310.76,0.66,0.73,2023-01-03,2121,N,VIIRS,n,2,290.06,2.57,N,2
13.80949,75.72912,298.77,0.61,0.71,2023-01-03,2122,N,VIIRS,n,2,287.88,1.11,N,0
17.90381,82.74771,330.44,0.64,0.72,2023-01-04,650,N,VIIRS,n,2,289.85,3.59,D,0
20.83875,86.96311,326.51,0.61,0.53,2023-01-04,651,N,VIIRS,n,2,293.73,4.97,D,3
20.83443,86.96178,344.08,0.61,0.53,2023-01-04,651,N,VIIRS,n,2,297.65,11.17,D,0
21.91314,83.99798,335.21,0.44,0.63,2023-01-04,651,N,VIIRS,n,2,291.54,4.51,D,0
20.90833,86.47052,326.21,0.33,0.55,2023-01-04,651,N,VIIRS,n,2,294.69,1.34,D,0
20.79745,85.78608,329.81,0.36,0.58,2023-01-04,651,N,VIIRS,n,2,295.79,1.9,D,0
21.00205,86.24747,343.35,0.34,0.56,2023-01-04,651,N,VIIRS,n,2,296.22,3.61,D,0
22.21069,84.87696,328.35,0.39,0.59,2023-01-04,651,N,VIIRS,n,2,292.69,1.74,D,2
20.79323,85.25601,340.11,0.39,0.59,2023-01-04,651,N,VIIRS,n,2,295.86,6.06,D,2
20.99973,86.24975,328.35,0.34,0.56,2023-01-04,651,N,VIIRS,n,2,296.57,3.48,D,0
20.99904,86.24654,337.38,0.34,0.56,2023-01-04,651,N,VIIRS,n,2,296.59,3.01,D,0
20.79383,85.25532,343.68,0.39,0.59,2023-01-04,651,N,VIIRS,n,2,295.65,5.04,D,2
20.96473,85.17585,335.02,0.39,0.6,2023-01-04,651,N,VIIRS,n,2,297.47,7.4,D,2
20.75244,83.69504,329.06,0.49,0.65,2023-01-04,651,N,VIIRS,n,2,290.31,1.95,D,0
21.65209,87.03246,339.41,0.58,0.52,2023-01-04,651,N,VIIRS,n,2,295.55,3.33,D,0
21.60757,86.71931,335.93,0.61,0.53,2023-01-04,651,N,VIIRS,n,2,296.87,3.86,D,0
21.03759,83.7666,325.13,0.48,0.65,2023-01-04,651,N,VIIRS,n,2,290.56,4.09,D,0
21.05457,83.64966,326.25,0.49,0.65,2023-01-04,651,N,VIIRS,n,2,288.92,2.72,D,0
21.10339,83.67207,329.3,0.48,0.65,2023-01-04,651,N,VIIRS,n,2,288.17,2.48,D,0
22.0491,88.10112,333.66,0.49,0.49,2023-01-04,651,N,VIIRS,n,2,295.06,3.4,D,2
21.10604,83.67281,326.05,0.48,0.65,2023-01-04,651,N,VIIRS,n,2,286.78,2.57,D,0
22.97021,92.94894,331.74,0.41,0.37,2023-01-04,651,N,VIIRS,n,2,297.33,5.07,D,0
21.75887,83.98679,340.97,0.45,0.63,2023-01-04,651,N,VIIRS,n,2,290.8,3.65,D,0
23.64445,93.41625,342.29,0.4,0.37,2023-01-04,651,N,VIIRS,n,2,296.79,8.09,D,0
23.65085,93.42306,329.38,0.4,0.37,2023-01-04,651,N,VIIRS,n,2,295.54,2.53,D,0
23.65022,93.41918,338.28,0.4,0.37,2023-01-04,651,N,VIIRS,n,2,299.51,3.54,D,0
23.6542,93.42239,328.11,0.4,0.37,2023-01-04,651,N,VIIRS,n,2,299.52,2.53,D,0
23.66111,93.40125,333.31,0.4,0.37,2023-01-04,651,N,VIIRS,n,2,298.16,2.03,D,0
23.66446,93.40062,330.44,0.4,0.37,2023-01-04,651,N,VIIRS,n,2,295.69,2.03,D,0
21.9131,83.99784,336.83,0.44,0.63,2023-01-04,651,N,VIIRS,n,2,291.41,4.24,D,0
20.66644,86.30064,329.25,0.34,0.56,2023-01-04,651,N,VIIRS,n,2,296.59,1.85,D,0
19.18457,84.78139,330.53,0.45,0.63,2023-01-04,651,N,VIIRS,n,2,291.51,3.58,D,0
20.83387,86.96423,337.53,0.61,0.53,2023-01-04,651,N,VIIRS,n,2,297.6,8.34,D,0
26.93433,95.28898,338.7,0.4,0.37,2023-01-04,652,N,VIIRS,n,2,300.36,15.55,D,0
24.18289,93.84293,332.09,0.39,0.36,2023-01-04,652,N,VIIRS,n,2,296.73,2.24,D,0
23.17479,87.79247,339.93,0.49,0.48,2023-01-04,652,N,VIIRS,n,2,295.21,5.47,D,0
23.17296,87.79453,336.49,0.49,0.48,2023-01-04,652,N,VIIRS,n,2,294.38,3.79,D,0
23.17752,87.74881,326.19,0.49,0.49,2023-01-04,652,N,VIIRS,n,2,294.21,2.22,D,0
23.27384,87.97597,326.84,0.47,0.48,2023-01-04,652,N,VIIRS,n,2,294.99,2.0,D,0
23.31861,88.01829,328.74,0.47,0.48,2023-01-04,652,N,VIIRS,n,2,294.11,2.17,D,0
24.4217,94.04797,340.44,0.39,0.36,2023-01-04,652,N,VIIRS,n,2,291.54,2.66,D,0
23.3547,87.62417,329.52,0.5,0.49,2023-01-04,652,N,VIIRS,n,2,294.15,4.16,D,0
24.62979,93.81785,330.3,0.39,0.36,2023-01-04,652,N,VIIRS,n,2,295.31,2.25,D,0
24.63776,93.60835,346.12,0.39,0.36,2023-01-04,652,N,VIIRS,n,2,297.8,9.88,D,0
24.77552,94.14574,332.24,0.38,0.36,2023-01-04,652,N,VIIRS,n,2,297.28,5.77,D,0
24.71338,93.70454,341.22,0.39,0.36,2023-01-04,652,N,VIIRS,n,2,305.29,25.47,D,0
24.7836,94.06626,330.33,0.39,0.36,2023-01-04,652,N,VIIRS,n,2,296.82,2.71,D,0
24.73595,93.65285,339.03,0.39,0.36,2023-01-04,652,N,VIIRS,n,2,293.42,3.42,D,0
24.73927,93.65221,339.61,0.39,0.36,2023-01-04,652,N,VIIRS,n,2,294.61,11.9,D,0
23.76601,88.00578,332.27,0.46,0.47,2023-01-04,652,N,VIIRS,n,2,293.9,2.95,D,0
24.83898,94.05198,333.93,0.39,0.36,2023-01-04,652,N,VIIRS,n,2,297.36,4.38,D,0
24.83839,94.04819,329.92,0.39,0.36,2023-01-04,652,N,VIIRS,n,2,297.47,4.38,D,0
23.76656,88.00227,325.41,0.46,0.47,2023-01-04,652,N,VIIRS,n,2,292.57,2.85,D,0
25.06931,94.36034,333.64,0.38,0.36,2023-01-04,652,N,VIIRS,n,2,290.25,2.23,D,0
25.22016,94.52727,338.38,0.38,0.36,2023-01-04,652,N,VIIRS,n,2,295.6,4.78,D,0
25.21958,94.52347,332.72,0.38,0.36,2023-01-04,652,N,VIIRS,n,2,292.96,4.78,D,0
25.22948,94.52166,330.16,0.38,0.36,2023-01-04,652,N,VIIRS,n,2,298.2,3.33,D,0
23.85797,86.90833,337.01,0.54,0.51,2023-01-04,652,N,VIIRS,n,2,290.73,2.14,D,0
25.36712,94.2038,334.05,0.38,0.36,2023-01-04,652,N,VIIRS,n,2,293.19,4.11,D,0
25.27413,92.73422,327.35,0.4,0.37,2023-01-04,652,N,VIIRS,n,2,292.93,2.74,D,0
25.27531,92.73428,331.85,0.4,0.37,2023-01-04,652,N,VIIRS,n,2,295.25,3.51,D,0
25.29186,92.77155,331.58,0.4,0.37,2023-01-04,652,N,VIIRS,n,2,293.47,3.08,D,0
25.47202,92.35783,329.99,0.41,0.37,2023-01-04,652,N,VIIRS,n,2,292.08,2.07,D,0
25.76803,94.12547,329.37,0.38,0.36,2023-01-04,652,N,VIIRS,n,2,291.72,2.01,D,0
25.3336,91.2891,336.83,0.44,0.39,2023-01-04,652,N,VIIRS,n,2,293.87,6.34,D,0
25.61215,92.87354,327.2,0.4,0.37,2023-01-04,652,N,VIIRS,n,2,294.61,1.26,D,0
25.7822,93.7375,327.71,0.39,0.36,2023-01-04,652,N,VIIRS,n,2,296.99,1.23,D,0
25.99509,94.35037,330.65,0.38,0.36,2023-01-04,652,N,VIIRS,n,2,297.08,5.5,D,0
25.99451,94.34654,327.15,0.38,0.36,2023-01-04,652,N,VIIRS,n,2,293.38,3.87,D,0
25.49682,91.24915,333.77,0.44,0.39,2023-01-04,652,N,VIIRS,n,2,295.77,3.4,D,0
26.06609,94.41578,329.07,0.38,0.36,2023-01-04,652,N,VIIRS,n,2,293.24,3.07,D,0
26.07055,94.42281,327.1,0.38,0.36,2023-01-04,652,N,VIIRS,n,2,295.39,5.27,D,0
26.06997,94.41899,347.2,0.38,0.36,2023-01-04,652,N,VIIRS,n,2,303.26,10.3,D,0
26.07327,94.41837,341.88,0.38,0.36,2023-01-04,652,N,VIIRS,n,2,299.25,10.3,D,0
26.20559,94.28771,327.89,0.38,0.36,2023-01-04,652,N,VIIRS,n,2,291.28,3.07,D,0
26.20502,94.28388,328.28,0.38,0.36,2023-01-04,652,N,VIIRS,n,2,291.49,2.35,D,0
26.02824,93.08298,333.23,0.39,0.36,2023-01-04,652,N,VIIRS,n,2,298.54,3.23,D,0
26.03157,93.08233,339.56,0.39,0.36,2023-01-04,652,N,VIIRS,n,2,298.08,4.72,D,0
26.44201,95.03924,327.66,0.39,0.36,2023-01-04,652,N,VIIRS,l,2,298.18,5.26,D,0
26.54811,94.97708,340.34,0.39,0.36,2023-01-04,652,N,VIIRS,n,2,298.02,6.79,D,0
26.60588,95.11555,329.67,0.39,0.36,2023-01-04,652,N,VIIRS,n,2,292.56,7.22,D,0
26.62179,94.95316,333.8,0.39,0.36,2023-01-04,652,N,VIIRS,n,2,296.56,8.99,D,0
26.62373,94.8728,331.45,0.39,0.36,2023-01-04,652,N,VIIRS,n,2,294.93,69.86,D,0
26.62202,94.86112,341.13,0.39,0.36,2023-01-04,652,N,VIIRS,n,2,296.63,5.36,D,0
26.20883,92.21796,326.89,0.41,0.37,2023-01-04,652,N,VIIRS,n,2,296.16,2.14,D,0
26.62591,94.86436,334.35,0.39,0.36,2023-01-04,652,N,VIIRS,n,2,291.83,5.36,D,0
26.62534,94.86046,345.6,0.39,0.36,2023-01-04,652,N,VIIRS,n,2,297.61,5.36,D,0
26.62865,94.85979,334.53,0.39,0.36,2023-01-04,652,N,VIIRS,n,2,291.83,4.33,D,0
26.64389,94.91729,327.4,0.39,0.36,2023-01-04,652,N,VIIRS,n,2,292.49,3.15,D,0
26.64129,94.82962,331.02,0.39,0.36,2023-01-04,652,N,VIIRS,n,2,294.15,2.77,D,0
26.64072,94.82573,329.6,0.39,0.36,2023-01-04,652,N,VIIRS,n,2,296.4,2.77,D,0
26.26552,92.2857,327.08,0.4,0.37,2023-01-04,652,N,VIIRS,n,2,299.81,2.33,D,0
26.78371,95.27802,343.99,0.39,0.37,2023-01-04,652,N,VIIRS,n,2,293.53,18.89,D,0
26.86094,95.31328,328.3,0.4,0.37,2023-01-04,652,N,VIIRS,n,2,294.28,2.93,D,0
26.86212,95.31315,330.2,0.4,0.37,2023-01-04,652,N,VIIRS,n,2,293.89,2.66,D,0
26.87682,95.39303,329.7,0.4,0.37,2023-01-04,652,N,VIIRS,n,2,294.88,3.93,D,0
26.87172,95.33252,328.4,0.4,0.37,2023-01-04,652,N,VIIRS,n,2,293.82,3.79,D,0
26.87115,95.32845,336.6,0.4,0.37,2023-01-04,652,N,VIIRS,n,2,297.11,4.73,D,0
26.8745,95.32783,341.0,0.4,0.37,2023-01-04,652,N,VIIRS,n,2,295.04,4.73,D,0
26.82433,94.9773,339.39,0.39,0.36,2023-01-04,652,N,VIIRS,n,2,293.86,3.6,D,0
26.82767,94.97676,326.18,0.39,0.36,2023-01-04,652,N,VIIRS,n,2,292.82,2.36,D,0
26.90201,95.44935,337.26,0.4,0.37,2023-01-04,652,N,VIIRS,n,2,295.43,4.17,D,0
26.86535,95.14323,337.03,0.39,0.36,2023-01-04,652,N,VIIRS,n,2,296.99,5.2,D,0
26.86868,95.14253,326.4,0.39,0.36,2023-01-04,652,N,VIIRS,n,2,292.89,5.2,D,0
26.94008,95.40168,334.36,0.4,0.37,2023-01-04,652,N,VIIRS,n,2,293.3,6.53,D,0
26.96655,95.51527,329.02,0.4,0.37,2023-01-04,652,N,VIIRS,n,2,290.77,3.51,D,0
26.93489,95.29287,355.11,0.4,0.37,2023-01-04,652,N,VIIRS,n,2,297.76,15.55,D,0
26.93936,95.3001,345.05,0.4,0.37,2023-01-04,652,N,VIIRS,n,2,292.22,19.3,D,0
26.9388,95.29617,349.77,0.4,0.37,2023-01-04,652,N,VIIRS,n,2,301.84,19.3,D,0
26.93824,95.29227,342.12,0.4,0.37,2023-01-04,652,N,VIIRS,n,2,305.22,15.55,D,0
26.93769,95.28838,329.29,0.4,0.37,2023-01-04,652,N,VIIRS,n,2,293.78,15.55,D,0
26.94216,95.29561,345.72,0.4,0.37,2023-01-04,652,N,VIIRS,n,2,304.09,47.15,D,0
27.03012,94.23805,347.92,0.38,0.36,2023-01-04,652,N,VIIRS,n,2,299.75,5.27,D,0
27.31865,95.26794,329.03,0.4,0.37,2023-01-04,652,N,VIIRS,n,2,295.95,1.75,D,0
27.25545,94.77966,335.11,0.39,0.36,2023-01-04,652,N,VIIRS,n,2,299.14,10.89,D,0
24.12031,79.26502,327.17,0.77,0.77,2023-01-04,652,N,VIIRS,n,2,292.56,8.4,D,0
24.11641,79.26503,325.21,0.77,0.77,2023-01-04,652,N,VIIRS,n,2,290.88,3.93,D,0
27.46946,95.42324,325.79,0.4,0.37,2023-01-04,652,N,VIIRS,n,2,296.27,1.22,D,2
26.73741,90.4117,330.86,0.46,0.39,2023-01-04,652,N,VIIRS,n,2,296.86,3.4,D,0
26.56414,89.47337,325.37,0.52,0.41,2023-01-04,652,N,VIIRS,n,2,292.99,2.81,D,0
27.502,94.94221,334.51,0.39,0.36,2023-01-04,652,N,VIIRS,n,2,295.27,4.31,D,0
26.6405,89.56778,329.62,0.51,0.41,2023-01-04,652,N,VIIRS,n,2,294.28,6.08,D,0
27.76912,96.34847,327.69,0.43,0.38,2023-01-04,652,N,VIIRS,n,2,295.64,10.02,D,0
27.76856,96.34422,344.41,0.43,0.38,2023-01-04,652,N,VIIRS,n,2,302.59,10.02,D,0
27.77205,96.34363,350.94,0.43,0.38,2023-01-04,652,N,VIIRS,n,2,300.3,14.45,D,0
27.20138,92.47398,330.8,0.4,0.37,2023-01-04,652,N,VIIRS,n,2,291.51,2.55,D,0
28.19843,95.55934,329.56,0.41,0.37,2023-01-04,653,N,VIIRS,n,2,296.41,2.46,D,0
30.30448,78.54002,327.33,0.6,0.71,2023-01-04,654,N,VIIRS,n,2,289.14,3.11,D,0
8.80814,78.09193,338.06,0.4,0.44,2023-01-04,828,N,VIIRS,n,2,297.58,3.06,D,0
9.25642,77.45818,331.98,0.55,0.43,2023-01-04,829,N,VIIRS,n,2,301.98,2.56,D,0
9.58197,77.13293,339.99,0.53,0.42,2023-01-04,829,N,VIIRS,n,2,297.59,7.2,D,0
9.94552,78.28603,337.11,0.42,0.45,2023-01-04,829,N,VIIRS,n,2,301.06,3.8,D,0
9.94972,78.28547,334.31,0.42,0.45,2023-01-04,829,N,VIIRS,n,2,300.22,2.51,D,0
10.03081,77.18276,344.48,0.55,0.42,2023-01-04,829,N,VIIRS,n,2,296.22,10.92,D,0
10.50459,76.20509,336.86,0.49,0.4,2023-01-04,829,N,VIIRS,n,2,302.8,4.94,D,0
10.5083,76.20457,330.36,0.49,0.4,2023-01-04,829,N,VIIRS,l,2,301.08,3.87,D,0
10.50652,76.20604,330.78,0.49,0.4,2023-01-04,829,N,VIIRS,n,2,302.07,3.6,D,0
10.50591,76.20158,341.11,0.49,0.4,2023-01-04,829,N,VIIRS,n,2,301.02,3.6,D,0
10.71072,76.48883,335.6,0.51,0.41,2023-01-04,829,N,VIIRS,n,2,306.49,5.62,D,0
11.13946,78.30286,333.08,0.44,0.46,2023-01-04,829,N,VIIRS,n,2,300.16,1.0,D,0
11.50831,77.72025,340.78,0.41,0.45,2023-01-04,829,N,VIIRS,n,2,302.66,13.62,D,0
11.30715,76.2448,330.36,0.5,0.41,2023-01-04,829,N,VIIRS,n,2,299.92,10.68,D,0
11.64247,76.62871,333.8,0.53,0.42,2023-01-04,829,N,VIIRS,n,2,297.77,4.94,D,0
11.64178,76.62383,343.72,0.53,0.42,2023-01-04,829,N,VIIRS,n,2,298.55,6.46,D,0
11.63982,76.62606,335.04,0.53,0.42,2023-01-04,829,N,VIIRS,n,2,298.23,4.53,D,0
11.6437,76.62566,345.5,0.53,0.42,2023-01-04,829,N,VIIRS,n,2,297.96,5.6,D,0
11.96819,78.94411,331.73,0.5,0.49,2023-01-04,829,N,VIIRS,n,2,296.87,3.33,D,0
12.55487,79.63427,340.48,0.56,0.52,2023-01-04,829,N,VIIRS,n,2,297.51,4.91,D,0
12.18606,76.77872,338.49,0.55,0.43,2023-01-04,829,N,VIIRS,n,2,301.58,5.46,D,0
12.38763,76.94461,334.13,0.56,0.43,2023-01-04,829,N,VIIRS,n,2,299.63,5.66,D,0
12.51169,77.37854,356.39,0.4,0.44,2023-01-04,830,N,VIIRS,n,2,299.14,7.27,D,0
12.73112,76.77178,338.2,0.56,0.43,2023-01-04,830,N,VIIRS,n,2,304.02,8.36,D,0
12.7304,76.76664,335.09,0.56,0.43,2023-01-04,830,N,VIIRS,n,2,301.33,8.36,D,0
12.72983,76.76939,355.41,0.56,0.43,2023-01-04,830,N,VIIRS,n,2,304.42,16.7,D,0
12.76976,75.94617,332.91,0.5,0.41,2023-01-04,830,N,VIIRS,n,2,301.23,4.96,D,0
12.796,75.72374,332.82,0.49,0.4,2023-01-04,830,N,VIIRS,n,2,306.5,4.06,D,0
12.7705,75.0944,342.86,0.46,0.39,2023-01-04,830,N,VIIRS,n,2,302.36,3.99,D,0
13.00694,76.7841,334.08,0.56,0.43,2023-01-04,830,N,VIIRS,n,2,301.05,4.33,D,0
13.39433,76.77386,332.94,0.57,0.43,2023-01-04,830,N,VIIRS,n,2,301.33,3.67,D,0
13.37969,76.33349,337.14,0.54,0.42,2023-01-04,830,N,VIIRS,n,2,304.79,4.36,D,0
13.38357,76.33299,337.46,0.54,0.42,2023-01-04,830,N,VIIRS,n,2,302.22,4.36,D,0
13.61322,76.83689,343.09,0.38,0.44,2023-01-04,830,N,VIIRS,n,2,304.96,4.72,D,0
13.8029,77.90987,338.67,0.45,0.47,2023-01-04,830,N,VIIRS,n,2,299.27,3.32,D,0
13.91091,77.41734,331.55,0.42,0.45,2023-01-04,830,N,VIIRS,n,2,302.7,2.34,D,0
13.94967,77.55297,335.01,0.43,0.46,2023-01-04,830,N,VIIRS,n,2,304.91,2.83,D,0
14.02538,77.6699,338.12,0.44,0.46,2023-01-04,830,N,VIIRS,n,2,303.73,2.92,D,0
14.23987,77.63904,337.77,0.44,0.46,2023-01-04,830,N,VIIRS,n,2,304.73,3.92,D,0
14.23935,77.63505,336.94,0.44,0.46,2023-01-04,830,N,VIIRS,n,2,304.6,3.92,D,0
14.01415,75.86312,333.33,0.51,0.41,2023-01-04,830,N,VIIRS,n,2,302.38,4.37,D,0
14.2176,76.79267,332.89,0.39,0.44,2023-01-04,830,N,VIIRS,n,2,305.32,1.88,D,0
14.15985,76.36333,331.71,0.55,0.43,2023-01-04,830,N,VIIRS,n,2,303.2,2.23,D,0
14.33104,76.83691,338.67,0.39,0.44,2023-01-04,830,N,VIIRS,n,2,307.32,3.0,D,0
14.27166,76.218,336.74,0.54,0.42,2023-01-04,830,N,VIIRS,n,2,309.01,6.66,D,0
14.27199,76.21999,338.98,0.54,0.42,2023-01-04,830,N,VIIRS,n,2,308.51,5.61,D,0
14.36208,75.64716,350.71,0.5,0.41,2023-01-04,830,N,VIIRS,n,2,310.71,11.08,D,0
14.76562,78.08339,335.86,0.48,0.48,2023-01-04,830,N,VIIRS,n,2,301.87,3.37,D,0
14.67861,75.8611,349.46,0.52,0.42,2023-01-04,830,N,VIIRS,n,2,308.84,10.07,D,0
15.23235,77.74464,330.56,0.46,0.47,2023-01-04,830,N,VIIRS,n,2,301.93,1.65,D,0
14.95114,75.45464,335.98,0.5,0.41,2023-01-04,830,N,VIIRS,l,2,307.66,2.6,D,0
15.14093,76.8105,348.61,0.4,0.44,2023-01-04,830,N,VIIRS,n,2,308.16,4.36,D,0
15.17392,76.6814,336.53,0.39,0.44,2023-01-04,830,N,VIIRS,n,2,304.17,3.25,D,2
15.17002,76.65199,335.64,0.39,0.44,2023-01-04,830,N,VIIRS,l,2,307.45,2.4,D,0
15.06679,75.8523,347.26,0.53,0.42,2023-01-04,830,N,VIIRS,n,2,307.48,5.24,D,0
15.07062,75.85159,336.22,0.53,0.42,2023-01-04,830,N,VIIRS,n,2,305.42,5.24,D,0
15.0738,75.84612,338.53,0.53,0.42,2023-01-04,830,N,VIIRS,n,2,304.29,6.74,D,0
15.0631,75.62621,334.08,0.51,0.41,2023-01-04,830,N,VIIRS,n,2,307.61,2.21,D,0
15.40584,76.62403,337.58,0.39,0.44,2023-01-04,830,N,VIIRS,n,2,302.59,3.2,D,0
15.4054,76.6233,338.97,0.39,0.44,2023-01-04,830,N,VIIRS,n,2,302.94,2.9,D,0
15.41751,75.75689,336.09,0.53,0.42,2023-01-04,830,N,VIIRS,n,2,306.67,1.91,D,0
15.46271,76.04176,342.93,0.55,0.42,2023-01-04,830,N,VIIRS,n,2,308.81,5.99,D,0
15.19872,74.08784,333.4,0.44,0.38,2023-01-04,830,N,VIIRS,n,2,302.37,2.86,D,0
16.03173,80.09647,338.83,0.34,0.56,2023-01-04,830,N,VIIRS,n,2,298.73,2.69,D,0
16.11477,80.67445,347.35,0.37,0.58,2023-01-04,830,N,VIIRS,n,2,298.17,5.48,D,0
16.03306,80.0957,336.65,0.34,0.56,2023-01-04,830,N,VIIRS,n,2,297.95,2.15,D,0
16.11189,80.6748,339.72,0.37,0.58,2023-01-04,830,N,VIIRS,n,2,298.35,3.47,D,0
16.15534,80.67336,344.06,0.37,0.58,2023-01-04,830,N,VIIRS,n,2,297.8,4.66,D,0
16.18503,80.55066,336.55,0.36,0.57,2023-01-04,830,N,VIIRS,n,2,295.76,1.71,D,0
15.71285,76.50983,334.28,0.39,0.44,2023-01-04,830,N,VIIRS,l,2,305.82,3.78,D,0
16.18862,80.54929,337.43,0.36,0.57,2023-01-04,830,N,VIIRS,n,2,297.13,3.19,D,0
16.26151,80.52345,338.87,0.36,0.57,2023-01-04,830,N,VIIRS,n,2,298.84,6.15,D,0
16.32511,80.65324,349.55,0.37,0.58,2023-01-04,830,N,VIIRS,n,2,298.56,4.61,D,0
16.32471,80.64974,338.67,0.37,0.58,2023-01-04,830,N,VIIRS,n,2,298.5,4.61,D,0
16.29696,80.57355,333.61,0.36,0.58,2023-01-04,830,N,VIIRS,n,2,297.67,4.32,D,0
16.32702,80.65129,367.0,0.37,0.58,2023-01-04,830,N,VIIRS,h,2,300.02,8.09,D,0
16.0812,78.46844,339.73,0.53,0.5,2023-01-04,830,N,VIIRS,n,2,299.9,8.64,D,0
16.33582,80.68236,367.0,0.37,0.58,2023-01-04,830,N,VIIRS,h,2,298.25,6.29,D,0
16.3362,80.68588,340.33,0.37,0.58,2023-01-04,830,N,VIIRS,n,2,296.34,6.29,D,0
16.33506,80.6753,334.27,0.37,0.58,2023-01-04,830,N,VIIRS,n,2,289.74,3.51,D,0
15.98216,76.67673,332.78,0.4,0.44,2023-01-04,830,N,VIIRS,n,2,305.68,1.6,D,0
16.53583,80.73798,337.33,0.38,0.58,2023-01-04,830,N,VIIRS,n,2,297.85,5.61,D,0
18.69094,73.04185,333.59,0.43,0.38,2023-01-04,831,N,VIIRS,n,2,302.93,2.5,D,2
15.98346,76.10419,335.51,0.56,0.43,2023-01-04,831,N,VIIRS,n,2,304.55,3.88,D,0
16.53122,80.73682,340.78,0.38,0.58,2023-01-04,831,N,VIIRS,n,2,295.48,4.39,D,0
16.55724,80.72291,334.6,0.38,0.58,2023-01-04,831,N,VIIRS,n,2,296.92,1.73,D,0
16.11931,76.52345,333.55,0.4,0.44,2023-01-04,831,N,VIIRS,n,2,301.0,1.76,D,0
16.23222,76.99574,336.02,0.42,0.46,2023-01-04,831,N,VIIRS,n,2,304.25,3.17,D,0
15.93208,74.69115,333.97,0.47,0.4,2023-01-04,831,N,VIIRS,n,2,301.74,3.67,D,0
16.03682,75.29898,331.59,0.51,0.41,2023-01-04,831,N,VIIRS,l,2,305.22,4.5,D,0
16.19752,76.0065,344.86,0.56,0.43,2023-01-04,831,N,VIIRS,n,2,303.8,11.92,D,0
16.19441,75.38553,336.0,0.51,0.41,2023-01-04,831,N,VIIRS,n,2,303.91,8.75,D,0
16.8702,80.83924,333.83,0.39,0.59,2023-01-04,831,N,VIIRS,n,2,297.67,1.9,D,0
16.3795,75.93113,337.45,0.55,0.43,2023-01-04,831,N,VIIRS,n,2,303.54,2.34,D,0
17.10592,81.65904,367.0,0.44,0.62,2023-01-04,831,N,VIIRS,h,2,296.44,21.54,D,0
16.47523,76.15119,343.52,0.57,0.43,2023-01-04,831,N,VIIRS,n,2,305.67,18.4,D,0
16.61798,76.68856,340.0,0.41,0.45,2023-01-04,831,N,VIIRS,n,2,301.82,2.45,D,0
16.62213,76.688,330.72,0.41,0.45,2023-01-04,831,N,VIIRS,n,2,300.03,2.03,D,0
16.65082,76.48548,331.01,0.4,0.44,2023-01-04,831,N,VIIRS,n,2,302.17,2.11,D,0
16.73026,76.56348,340.8,0.41,0.45,2023-01-04,831,N,VIIRS,n,2,302.01,4.83,D,0
17.22987,80.61347,341.86,0.38,0.58,2023-01-04,831,N,VIIRS,n,2,299.43,3.17,D,0
16.88714,76.68758,340.41,0.41,0.45,2023-01-04,831,N,VIIRS,n,2,301.07,3.48,D,0
16.86614,76.2999,346.59,0.39,0.44,2023-01-04,831,N,VIIRS,n,2,303.41,5.06,D,0
16.8658,76.29922,341.79,0.39,0.44,2023-01-04,831,N,VIIRS,n,2,303.15,3.8,D,0
16.89029,76.3299,339.68,0.39,0.44,2023-01-04,831,N,VIIRS,n,2,302.2,2.45,D,0
16.56983,73.7156,330.53,0.43,0.38,2023-01-04,831,N,VIIRS,l,2,301.5,3.66,D,0
17.08351,76.36131,331.96,0.4,0.44,2023-01-04,831,N,VIIRS,n,2,302.38,2.33,D,0
17.11161,76.4539,332.0,0.4,0.45,2023-01-04,831,N,VIIRS,n,2,301.14,2.9,D,0
17.09097,76.2877,333.1,0.39,0.44,2023-01-04,831,N,VIIRS,n,2,300.53,1.76,D,0
17.33373,78.19929,343.88,0.52,0.5,2023-01-04,831,N,VIIRS,n,2,299.68,5.81,D,0
17.19285,76.43518,330.43,0.4,0.44,2023-01-04,831,N,VIIRS,n,2,302.23,2.6,D,0
17.00489,74.69492,338.21,0.48,0.4,2023-01-04,831,N,VIIRS,n,2,301.38,3.83,D,0
17.4765,77.01421,341.57,0.44,0.46,2023-01-04,831,N,VIIRS,n,2,301.51,6.53,D,0
17.48066,75.71982,334.26,0.55,0.43,2023-01-04,831,N,VIIRS,n,2,300.08,4.5,D,0
17.68996,76.45741,342.4,0.41,0.45,2023-01-04,831,N,VIIRS,n,2,305.87,18.42,D,0
17.67476,75.74674,342.9,0.56,0.43,2023-01-04,831,N,VIIRS,n,2,302.07,9.34,D,0
17.40496,73.54448,330.36,0.43,0.38,2023-01-04,831,N,VIIRS,l,2,303.47,3.22,D,0
17.55445,74.05916,332.96,0.46,0.39,2023-01-04,831,N,VIIRS,n,2,301.71,6.79,D,0
17.47079,73.36947,346.14,0.43,0.38,2023-01-04,831,N,VIIRS,n,2,309.44,34.62,D,0
17.47023,73.36544,331.04,0.43,0.38,2023-01-04,831,N,VIIRS,l,2,302.95,2.92,D,0
17.64685,74.63896,332.73,0.49,0.4,2023-01-04,831,N,VIIRS,n,2,301.65,2.6,D,0
17.47372,73.36491,343.18,0.43,0.38,2023-01-04,831,N,VIIRS,n,2,306.06,6.71,D,0
17.47777,73.36841,333.43,0.43,0.38,2023-01-04,831,N,VIIRS,n,2,301.79,5.0,D,0
17.97364,75.07583,333.77,0.52,0.41,2023-01-04,831,N,VIIRS,n,2,300.61,4.85,D,0
17.84805,74.11937,333.91,0.46,0.39,2023-01-04,831,N,VIIRS,n,2,304.09,6.03,D,0
17.92753,74.40814,334.85,0.48,0.4,2023-01-04,831,N,VIIRS,n,2,303.85,3.14,D,0
18.07665,75.07297,333.75,0.52,0.41,2023-01-04,831,N,VIIRS,n,2,300.62,4.23,D,0
18.0926,74.84544,334.19,0.5,0.41,2023-01-04,831,N,VIIRS,n,2,300.34,2.4,D,0
18.09389,74.82585,333.62,0.5,0.41,2023-01-04,831,N,VIIRS,n,2,301.52,3.39,D,0
18.08741,74.5168,339.97,0.49,0.4,2023-01-04,831,N,VIIRS,n,2,302.45,8.66,D,0
18.14747,74.94065,332.76,0.51,0.41,2023-01-04,831,N,VIIRS,n,2,299.81,1.65,D,0
19.02355,82.66803,337.15,0.54,0.68,2023-01-04,831,N,VIIRS,n,2,296.45,6.33,D,0
19.02625,82.66908,341.32,0.54,0.68,2023-01-04,831,N,VIIRS,n,2,296.51,8.21,D,0
18.1303,74.3999,341.82,0.48,0.4,2023-01-04,831,N,VIIRS,n,2,300.89,6.72,D,0
18.70424,78.89348,334.21,0.61,0.53,2023-01-04,831,N,VIIRS,n,2,293.9,4.67,D,0
18.07783,73.4467,330.1,0.44,0.38,2023-01-04,831,N,VIIRS,l,2,303.93,11.75,D,0
18.1853,73.94618,335.4,0.46,0.39,2023-01-04,831,N,VIIRS,n,2,303.62,4.17,D,0
18.34961,75.1118,338.24,0.53,0.42,2023-01-04,831,N,VIIRS,n,2,299.53,8.41,D,0
18.19144,73.20145,345.83,0.43,0.38,2023-01-04,831,N,VIIRS,n,2,301.77,6.33,D,0
18.46942,75.24086,332.68,0.54,0.42,2023-01-04,831,N,VIIRS,n,2,297.94,6.26,D,0
18.38602,74.44989,331.99,0.49,0.4,2023-01-04,831,N,VIIRS,n,2,301.93,2.6,D,0
18.23011,73.12161,336.27,0.42,0.38,2023-01-04,831,N,VIIRS,n,2,300.0,7.27,D,0
18.23415,73.12508,334.06,0.42,0.38,2023-01-04,831,N,VIIRS,n,2,301.93,10.37,D,0
18.53153,74.17726,332.11,0.47,0.4,2023-01-04,831,N,VIIRS,n,2,299.63,3.69,D,0
18.53094,74.17278,332.06,0.47,0.4,2023-01-04,831,N,VIIRS,n,2,301.09,2.0,D,0
18.6336,74.60785,330.82,0.5,0.41,2023-01-04,831,N,VIIRS,n,2,302.29,1.97,D,0
19.1268,77.49352,341.29,0.5,0.49,2023-01-04,831,N,VIIRS,n,2,297.52,9.91,D,0
18.69442,74.00542,336.41,0.47,0.39,2023-01-04,831,N,VIIRS,n,2,302.87,8.05,D,0
18.86838,74.81791,333.43,0.51,0.41,2023-01-04,831,N,VIIRS,n,2,301.9,8.07,D,0
18.86775,74.813,333.83,0.51,0.41,2023-01-04,831,N,VIIRS,n,2,304.79,12.01,D,0
18.87219,74.8174,330.98,0.51,0.41,2023-01-04,831,N,VIIRS,n,2,298.9,8.07,D,0
18.87156,74.8125,335.53,0.51,0.41,2023-01-04,831,N,VIIRS,n,2,300.24,12.01,D,0
19.12659,76.71275,332.74,0.44,0.46,2023-01-04,831,N,VIIRS,n,2,299.78,2.81,D,0
18.88787,74.3759,335.71,0.49,0.4,2023-01-04,831,N,VIIRS,n,2,301.51,3.94,D,0
18.74902,73.2827,334.79,0.43,0.38,2023-01-04,831,N,VIIRS,n,2,304.67,4.29,D,0
19.11814,76.04293,340.64,0.4,0.45,2023-01-04,831,N,VIIRS,n,2,298.68,9.97,D,0
19.35032,77.58059,339.54,0.51,0.49,2023-01-04,831,N,VIIRS,n,2,293.54,2.82,D,0
18.96585,74.36459,336.46,0.49,0.4,2023-01-04,831,N,VIIRS,n,2,301.69,4.19,D,0
18.8074,73.13578,334.45,0.43,0.38,2023-01-04,831,N,VIIRS,n,2,301.27,2.94,D,0
18.8078,73.13597,330.63,0.43,0.38,2023-01-04,831,N,VIIRS,n,2,300.61,2.77,D,0
18.89721,73.26491,337.86,0.44,0.38,2023-01-04,831,N,VIIRS,n,2,303.21,2.5,D,0
19.37335,75.06757,332.96,0.54,0.42,2023-01-04,831,N,VIIRS,n,2,296.53,3.99,D,0
19.1349,73.08396,335.04,0.43,0.38,2023-01-04,831,N,VIIRS,n,2,305.22,1.59,D,0
19.1954,73.13338,334.33,0.43,0.38,2023-01-04,831,N,VIIRS,n,2,304.82,3.61,D,0
19.497,74.90997,330.36,0.53,0.42,2023-01-04,832,N,VIIRS,n,2,298.76,2.96,D,0
19.37978,73.64043,336.32,0.46,0.39,2023-01-04,832,N,VIIRS,n,2,306.55,14.85,D,0
19.38338,73.63989,347.47,0.46,0.39,2023-01-04,832,N,VIIRS,n,2,307.39,14.85,D,0
19.38697,73.63934,343.11,0.46,0.39,2023-01-04,832,N,VIIRS,n,2,303.58,6.74,D,0
19.50252,73.41396,339.75,0.45,0.39,2023-01-04,832,N,VIIRS,n,2,304.2,4.88,D,0
19.63491,74.10453,333.8,0.48,0.4,2023-01-04,832,N,VIIRS,n,2,298.85,6.14,D,0
20.09996,76.09264,341.03,0.42,0.45,2023-01-04,832,N,VIIRS,n,2,295.13,8.18,D,0
20.21441,75.1802,330.71,0.56,0.43,2023-01-04,832,N,VIIRS,n,2,295.33,3.29,D,0
20.40814,75.01442,332.4,0.55,0.43,2023-01-04,832,N,VIIRS,n,2,295.01,3.63,D,0
21.01335,75.88709,331.4,0.42,0.45,2023-01-04,832,N,VIIRS,n,2,291.42,2.81,D,0
21.30599,76.49712,329.04,0.46,0.47,2023-01-04,832,N,VIIRS,n,2,288.78,2.19,D,0
21.05037,72.98362,334.02,0.44,0.39,2023-01-04,832,N,VIIRS,n,2,302.54,3.93,D,0
21.04911,72.9803,332.79,0.44,0.39,2023-01-04,832,N,VIIRS,n,2,301.56,2.9,D,0
21.10441,72.64529,334.46,0.43,0.38,2023-01-04,832,N,VIIRS,n,2,305.5,3.55,D,2
21.10849,72.6489,331.06,0.43,0.38,2023-01-04,832,N,VIIRS,l,2,304.42,6.13,D,2
21.10791,72.64476,334.1,0.43,0.38,2023-01-04,832,N,VIIRS,n,2,301.88,3.55,D,2
21.10968,72.63178,336.68,0.43,0.38,2023-01-04,832,N,VIIRS,n,2,303.17,5.81,D,2
21.11004,72.6321,333.4,0.43,0.38,2023-01-04,832,N,VIIRS,n,2,302.35,4.83,D,2
21.42859,74.65604,334.73,0.54,0.42,2023-01-04,832,N,VIIRS,n,2,294.49,3.9,D,0
21.3098,73.04758,333.81,0.45,0.39,2023-01-04,832,N,VIIRS,n,2,300.68,3.44,D,0
20.99406,70.75449,333.46,0.39,0.36,2023-01-04,832,N,VIIRS,n,2,302.26,2.47,D,0
21.50432,74.18831,333.06,0.51,0.41,2023-01-04,832,N,VIIRS,n,2,299.16,3.26,D,0
21.62036,74.4091,334.08,0.53,0.42,2023-01-04,832,N,VIIRS,n,2,298.84,5.19,D,0
21.51853,73.24692,332.85,0.46,0.39,2023-01-04,832,N,VIIRS,n,2,301.82,2.24,D,0
21.42296,71.33083,332.68,0.4,0.37,2023-01-04,832,N,VIIRS,l,2,306.25,1.42,D,0
21.43004,71.09608,333.78,0.39,0.36,2023-01-04,832,N,VIIRS,n,2,305.83,2.0,D,0
21.68246,72.53423,349.69,0.43,0.38,2023-01-04,832,N,VIIRS,n,2,306.72,8.26,D,0
21.68596,72.53368,332.72,0.43,0.38,2023-01-04,832,N,VIIRS,l,2,305.85,3.51,D,0
21.72815,72.73799,330.66,0.44,0.38,2023-01-04,832,N,VIIRS,l,2,302.66,5.34,D,0
21.75303,72.65623,347.57,0.44,0.38,2023-01-04,832,N,VIIRS,n,2,302.52,4.85,D,0
21.75656,72.65568,334.42,0.44,0.38,2023-01-04,832,N,VIIRS,n,2,300.58,4.85,D,0
22.16145,75.46119,343.79,0.41,0.45,2023-01-04,832,N,VIIRS,n,2,299.04,4.44,D,0
22.16558,75.46061,340.3,0.41,0.45,2023-01-04,832,N,VIIRS,n,2,297.96,3.87,D,0
21.61075,69.6424,347.17,0.38,0.36,2023-01-04,832,N,VIIRS,n,2,304.03,5.48,D,0
22.89504,78.69424,325.67,0.33,0.55,2023-01-04,832,N,VIIRS,n,2,289.63,2.47,D,0
22.89664,78.69356,331.02,0.33,0.55,2023-01-04,832,N,VIIRS,n,2,289.02,2.28,D,0
22.93039,78.83035,325.84,0.34,0.56,2023-01-04,832,N,VIIRS,n,2,289.44,1.73,D,0
22.73425,76.70879,327.02,0.49,0.49,2023-01-04,832,N,VIIRS,n,2,293.53,5.37,D,0
22.7438,76.71256,329.6,0.49,0.49,2023-01-04,832,N,VIIRS,n,2,293.97,2.55,D,0
22.02131,70.64188,332.98,0.39,0.36,2023-01-04,832,N,VIIRS,n,2,304.27,2.71,D,0
22.02076,70.63812,333.1,0.39,0.36,2023-01-04,832,N,VIIRS,n,2,304.59,2.71,D,0
23.05505,79.14564,332.21,0.35,0.57,2023-01-04,832,N,VIIRS,n,2,289.25,2.21,D,0
22.90672,77.6036,333.76,0.56,0.52,2023-01-04,832,N,VIIRS,n,2,294.07,5.6,D,0
23.06036,79.14512,335.27,0.35,0.57,2023-01-04,832,N,VIIRS,n,2,287.84,2.21,D,0
22.26573,71.52321,346.02,0.41,0.37,2023-01-04,832,N,VIIRS,n,2,304.52,6.67,D,0
23.1682,77.79816,333.73,0.58,0.52,2023-01-04,832,N,VIIRS,n,2,295.32,8.44,D,0
22.3319,69.7774,334.77,0.38,0.36,2023-01-04,832,N,VIIRS,n,2,301.78,2.66,D,0
22.75249,69.56126,333.94,0.38,0.36,2023-01-04,833,N,VIIRS,l,2,306.39,3.16,D,3
22.75523,69.55695,342.92,0.38,0.36,2023-01-04,833,N,VIIRS,n,2,308.08,4.85,D,3
22.75854,69.55636,332.22,0.38,0.36,2023-01-04,833,N,VIIRS,l,2,306.95,4.85,D,3
24.12023,79.2534,329.15,0.37,0.58,2023-01-04,833,N,VIIRS,n,2,298.32,2.19,D,0
24.12757,79.27509,334.77,0.37,0.58,2023-01-04,833,N,VIIRS,n,2,295.72,2.81,D,0
24.21754,79.42257,342.2,0.38,0.59,2023-01-04,833,N,VIIRS,n,2,296.71,3.74,D,0
23.13953,68.95296,333.08,0.39,0.36,2023-01-04,833,N,VIIRS,n,2,303.95,1.78,D,0
23.60347,71.92472,331.72,0.43,0.38,2023-01-04,833,N,VIIRS,n,2,304.19,2.49,D,0
23.30171,69.83527,333.26,0.38,0.36,2023-01-04,833,N,VIIRS,n,2,302.13,2.46,D,0
23.30115,69.83152,331.74,0.38,0.36,2023-01-04,833,N,VIIRS,n,2,299.9,2.46,D,0
23.89816,71.44663,333.29,0.41,0.37,2023-01-04,833,N,VIIRS,n,2,301.51,3.83,D,0
24.73504,75.30458,340.39,0.43,0.46,2023-01-04,833,N,VIIRS,n,2,296.19,5.8,D,0
24.46212,72.83895,329.44,0.47,0.4,2023-01-04,833,N,VIIRS,n,2,299.33,1.91,D,0
25.8735,77.9445,337.3,0.32,0.55,2023-01-04,833,N,VIIRS,n,2,294.57,3.05,D,0
27.03483,79.1544,332.01,0.39,0.6,2023-01-04,833,N,VIIRS,n,2,290.59,2.52,D,0
28.81199,77.68133,331.79,0.33,0.56,2023-01-04,834,N,VIIRS,n,2,288.0,2.1,D,0
29.16749,77.56747,326.36,0.33,0.55,2023-01-04,834,N,VIIRS,n,2,289.14,1.1,D,0
29.19435,77.45367,330.52,0.33,0.55,2023-01-04,834,N,VIIRS,n,2,288.64,1.32,D,0
29.22009,77.51331,328.11,0.33,0.55,2023-01-04,834,N,VIIRS,n,2,289.09,1.54,D,0
29.19358,76.40244,326.25,0.56,0.52,2023-01-04,834,N,VIIRS,n,2,288.43,1.78,D,0
29.53656,77.50673,325.08,0.33,0.55,2023-01-04,834,N,VIIRS,n,2,289.3,1.1,D,0
29.55319,77.44015,328.6,0.33,0.55,2023-01-04,834,N,VIIRS,n,2,288.51,1.45,D,0
29.73228,79.377,326.61,0.43,0.62,2023-01-04,834,N,VIIRS,n,2,290.32,4.89,D,0
29.73203,79.37326,335.92,0.43,0.62,2023-01-04,834,N,VIIRS,n,2,292.56,4.41,D,0
29.6406,77.49413,337.1,0.33,0.55,2023-01-04,834,N,VIIRS,n,2,289.25,2.57,D,0
29.83838,77.17443,328.8,0.32,0.54,2023-01-04,834,N,VIIRS,n,2,286.58,1.72,D,0
30.07146,80.6186,328.0,0.52,0.67,2023-01-04,834,N,VIIRS,n,2,292.05,4.98,D,0
29.90955,74.94788,331.01,0.47,0.48,2023-01-04,834,N,VIIRS,n,2,289.35,13.82,D,2
30.49753,78.97988,367.0,0.42,0.61,2023-01-04,834,N,VIIRS,h,2,296.85,13.31,D,0
30.49775,78.98311,335.99,0.42,0.61,2023-01-04,834,N,VIIRS,n,2,289.77,12.53,D,0
30.49937,78.97894,367.0,0.42,0.61,2023-01-04,834,N,VIIRS,h,2,297.0,15.27,D,0
30.49957,78.98218,329.6,0.42,0.61,2023-01-04,834,N,VIIRS,n,2,288.59,12.1,D,0
30.85642,78.669,345.95,0.4,0.6,2023-01-04,835,N,VIIRS,n,2,290.55,7.35,D,0
30.85625,78.66649,325.63,0.4,0.6,2023-01-04,835,N,VIIRS,n,2,292.12,6.08,D,0
31.07461,77.83382,332.13,0.36,0.57,2023-01-04,835,N,VIIRS,n,2,290.74,5.0,D,0
31.13071,75.54128,337.65,0.53,0.5,2023-01-04,835,N,VIIRS,n,2,287.66,5.09,D,0
31.71703,77.25471,349.12,0.34,0.56,2023-01-04,835,N,VIIRS,n,2,295.2,3.63,D,0
31.71683,77.25211,343.68,0.34,0.56,2023-01-04,835,N,VIIRS,n,2,295.46,3.63,D,0
31.72625,77.23874,330.92,0.34,0.56,2023-01-04,835,N,VIIRS,n,2,299.39,5.36,D,0
31.72609,77.23656,354.2,0.34,0.56,2023-01-04,835,N,VIIRS,n,2,299.72,5.36,D,0
31.7381,77.1017,326.0,0.33,0.55,2023-01-04,835,N,VIIRS,n,2,295.31,3.3,D,0
31.91349,77.13818,342.64,0.33,0.56,2023-01-04,835,N,VIIRS,n,2,300.74,3.65,D,0
31.9185,77.13571,326.72,0.33,0.56,2023-01-04,835,N,VIIRS,l,2,300.48,3.65,D,0
27.81007,96.07344,298.29,0.39,0.36,2023-01-04,1918,N,VIIRS,n,2,280.81,0.41,N,0
27.55781,96.03867,311.68,0.39,0.36,2023-01-04,1918,N,VIIRS,n,2,282.61,1.13,N,2
27.46885,95.42332,300.54,0.39,0.36,2023-01-04,1918,N,VIIRS,n,2,284.66,0.7,N,2
27.39528,95.43382,299.16,0.39,0.36,2023-01-04,1918,N,VIIRS,n,2,283.47,0.75,N,0
27.39194,95.43319,309.57,0.39,0.36,2023-01-04,1918,N,VIIRS,n,2,283.17,0.75,N,0
27.37616,95.08917,299.72,0.4,0.37,2023-01-04,1918,N,VIIRS,n,2,283.06,0.46,N,2
27.32452,95.2757,304.16,0.39,0.36,2023-01-04,1918,N,VIIRS,n,2,283.66,0.58,N,0
27.319,95.26654,326.76,0.39,0.36,2023-01-04,1918,N,VIIRS,n,2,285.03,1.59,N,0
27.31566,95.26591,306.06,0.39,0.36,2023-01-04,1918,N,VIIRS,n,2,283.69,1.59,N,0
27.19126,95.37357,302.48,0.39,0.36,2023-01-04,1918,N,VIIRS,n,2,283.38,0.38,N,0
26.80916,94.69614,295.14,0.4,0.37,2023-01-04,1918,N,VIIRS,n,2,283.22,0.32,N,2
26.08601,93.95277,296.05,0.42,0.37,2023-01-04,1918,N,VIIRS,n,2,284.61,0.33,N,0
23.75852,86.39886,306.44,0.33,0.55,2023-01-04,1919,N,VIIRS,n,2,287.01,1.49,N,2
23.75818,86.40221,319.94,0.33,0.55,2023-01-04,1919,N,VIIRS,n,2,286.41,1.49,N,2
23.75172,86.41483,305.94,0.33,0.55,2023-01-04,1919,N,VIIRS,n,2,285.39,1.47,N,2
23.75139,86.41809,313.15,0.33,0.55,2023-01-04,1919,N,VIIRS,n,2,286.64,1.99,N,2
23.74562,86.4239,298.34,0.33,0.55,2023-01-04,1919,N,VIIRS,n,2,284.7,0.63,N,2
23.74049,86.42329,300.15,0.33,0.55,2023-01-04,1919,N,VIIRS,n,2,284.15,0.41,N,2
23.73537,86.42264,300.92,0.33,0.55,2023-01-04,1919,N,VIIRS,n,2,285.02,0.41,N,2
23.7283,86.44164,297.42,0.33,0.55,2023-01-04,1919,N,VIIRS,n,2,285.85,0.89,N,2
23.72318,86.44099,302.77,0.33,0.55,2023-01-04,1919,N,VIIRS,n,2,284.99,0.89,N,2
23.72253,86.44758,308.19,0.33,0.55,2023-01-04,1919,N,VIIRS,n,2,289.98,1.44,N,2
23.80418,85.53703,296.82,0.38,0.58,2023-01-04,1919,N,VIIRS,n,2,282.2,0.61,N,0
23.71806,86.44034,300.55,0.33,0.55,2023-01-04,1919,N,VIIRS,n,2,286.22,0.76,N,2
23.71774,86.44362,302.28,0.33,0.55,2023-01-04,1919,N,VIIRS,n,2,285.62,0.76,N,2
23.71741,86.44691,298.68,0.33,0.55,2023-01-04,1919,N,VIIRS,n,2,285.55,0.8,N,2
23.66513,86.91951,297.85,0.61,0.53,2023-01-04,1919,N,VIIRS,n,2,283.85,1.59,N,2
23.75866,85.85172,299.22,0.36,0.57,2023-01-04,1919,N,VIIRS,n,2,284.25,1.0,N,2
23.75833,85.85531,314.02,0.36,0.57,2023-01-04,1919,N,VIIRS,n,2,285.15,1.0,N,2
23.6921,86.38708,298.27,0.33,0.55,2023-01-04,1919,N,VIIRS,n,2,285.67,1.02,N,2
23.68697,86.3864,303.22,0.33,0.55,2023-01-04,1919,N,VIIRS,n,2,285.68,1.02,N,2
23.68664,86.38976,309.44,0.33,0.55,2023-01-04,1919,N,VIIRS,n,2,286.16,1.38,N,2
23.68632,86.39316,311.53,0.33,0.55,2023-01-04,1919,N,VIIRS,n,2,285.43,1.38,N,2
23.68119,86.39244,309.94,0.33,0.55,2023-01-04,1919,N,VIIRS,n,2,286.16,1.7,N,2
23.68056,86.39908,296.74,0.33,0.55,2023-01-04,1919,N,VIIRS,n,2,284.97,1.67,N,2
23.70082,86.07188,298.98,0.35,0.56,2023-01-04,1919,N,VIIRS,n,2,282.81,0.46,N,0
23.68287,86.09423,303.49,0.34,0.56,2023-01-04,1919,N,VIIRS,n,2,283.43,0.83,N,2
23.70075,86.07224,300.78,0.35,0.56,2023-01-04,1919,N,VIIRS,n,2,282.6,0.36,N,2
23.74526,85.50449,301.34,0.38,0.58,2023-01-04,1919,N,VIIRS,n,2,282.19,0.74,N,2
23.68263,86.09459,305.36,0.34,0.56,2023-01-04,1919,N,VIIRS,n,2,283.5,0.92,N,2
23.61247,86.78883,296.64,0.62,0.54,2023-01-04,1919,N,VIIRS,n,2,284.25,1.71,N,2
23.67841,86.08374,327.49,0.35,0.56,2023-01-04,1919,N,VIIRS,n,2,286.1,2.73,N,2
23.5553,87.24032,311.69,0.58,0.52,2023-01-04,1919,N,VIIRS,n,2,284.71,2.92,N,2
23.54984,87.24545,322.28,0.58,0.52,2023-01-04,1919,N,VIIRS,n,2,285.03,4.2,N,3
23.63154,86.29314,299.56,0.33,0.56,2023-01-04,1919,N,VIIRS,n,2,284.59,0.96,N,2
23.51233,87.27556,295.59,0.58,0.52,2023-01-04,1919,N,VIIRS,n,2,284.52,1.1,N,2
23.55013,86.54449,296.38,0.32,0.55,2023-01-04,1919,N,VIIRS,n,2,284.42,0.67,N,2
23.54713,86.54456,300.56,0.32,0.55,2023-01-04,1919,N,VIIRS,n,2,284.18,0.6,N,2
23.52917,85.69734,295.27,0.36,0.58,2023-01-04,1919,N,VIIRS,n,2,282.55,0.35,N,2
23.75885,86.39554,301.18,0.33,0.55,2023-01-04,1919,N,VIIRS,n,2,285.66,1.07,N,2
23.75918,86.39224,299.6,0.33,0.55,2023-01-04,1919,N,VIIRS,n,2,285.15,1.07,N,2
23.68912,87.12218,304.94,0.59,0.53,2023-01-04,1919,N,VIIRS,n,2,284.58,1.22,N,2
23.6916,87.0987,297.89,0.6,0.53,2023-01-04,1919,N,VIIRS,n,2,284.93,1.59,N,2
23.76432,86.39291,310.83,0.33,0.55,2023-01-04,1919,N,VIIRS,n,2,288.58,1.07,N,2
23.76465,86.38961,306.45,0.33,0.55,2023-01-04,1919,N,VIIRS,n,2,287.27,1.86,N,2
23.76564,86.37974,300.09,0.33,0.55,2023-01-04,1919,N,VIIRS,n,2,287.01,0.83,N,0
23.7663,86.37318,304.72,0.33,0.55,2023-01-04,1919,N,VIIRS,n,2,285.07,1.16,N,0
23.78267,86.20951,314.21,0.34,0.56,2023-01-04,1919,N,VIIRS,n,2,285.69,1.88,N,2
23.78301,86.20615,318.42,0.34,0.56,2023-01-04,1919,N,VIIRS,n,2,287.18,1.88,N,2
23.69401,87.12284,304.43,0.59,0.53,2023-01-04,1919,N,VIIRS,n,2,285.44,1.45,N,2
23.69464,87.11694,297.83,0.59,0.53,2023-01-04,1919,N,VIIRS,n,2,284.8,2.21,N,2
23.69588,87.10519,297.53,0.59,0.53,2023-01-04,1919,N,VIIRS,n,2,284.32,1.54,N,2
23.73333,86.74702,299.22,0.63,0.54,2023-01-04,1919,N,VIIRS,n,2,284.54,1.67,N,0
23.76945,86.39356,302.52,0.33,0.55,2023-01-04,1919,N,VIIRS,n,2,287.21,1.39,N,2
23.76978,86.39028,303.02,0.33,0.55,2023-01-04,1919,N,VIIRS,n,2,288.43,1.23,N,2
23.77491,86.39098,301.01,0.33,0.55,2023-01-04,1919,N,VIIRS,n,2,286.91,1.23,N,2
23.77525,86.38772,309.54,0.33,0.55,2023-01-04,1919,N,VIIRS,n,2,286.58,1.23,N,2
23.77558,86.38442,304.0,0.33,0.55,2023-01-04,1919,N,VIIRS,n,2,285.9,1.69,N,2
23.77962,86.34445,298.08,0.33,0.56,2023-01-04,1919,N,VIIRS,n,2,285.9,0.93,N,2
23.68824,87.09854,296.18,0.6,0.53,2023-01-04,1919,N,VIIRS,n,2,284.63,1.06,N,2
23.69083,87.1227,304.68,0.59,0.53,2023-01-04,1919,N,VIIRS,n,2,284.87,1.9,N,2
23.69199,87.11094,297.87,0.59,0.53,2023-01-04,1919,N,VIIRS,n,2,284.32,2.82,N,2
23.75997,86.40186,318.96,0.33,0.55,2023-01-04,1919,N,VIIRS,n,2,286.69,1.27,N,2
23.76028,86.39852,302.27,0.33,0.55,2023-01-04,1919,N,VIIRS,n,2,286.77,1.27,N,2
23.76059,86.39519,296.95,0.33,0.55,2023-01-04,1919,N,VIIRS,n,2,285.95,1.08,N,2
23.7609,86.39188,302.69,0.33,0.55,2023-01-04,1919,N,VIIRS,n,2,286.77,1.08,N,2
23.77794,86.20803,299.29,0.34,0.56,2023-01-04,1919,N,VIIRS,n,2,284.6,1.37,N,2
23.69572,87.12335,296.06,0.59,0.53,2023-01-04,1919,N,VIIRS,n,2,284.52,1.9,N,2
23.73242,86.74678,297.3,0.63,0.54,2023-01-04,1919,N,VIIRS,n,2,284.01,0.89,N,0
23.76604,86.39256,315.3,0.33,0.55,2023-01-04,1919,N,VIIRS,n,2,288.84,1.08,N,2
23.76634,86.38927,306.05,0.33,0.55,2023-01-04,1919,N,VIIRS,n,2,288.55,2.24,N,2
23.76788,86.37281,303.67,0.33,0.55,2023-01-04,1919,N,VIIRS,n,2,285.98,1.08,N,0
23.78345,86.20539,302.56,0.34,0.56,2023-01-04,1919,N,VIIRS,n,2,285.16,1.37,N,2
23.78313,86.20876,325.97,0.34,0.56,2023-01-04,1919,N,VIIRS,n,2,286.63,1.37,N,2
23.77117,86.39325,297.42,0.33,0.55,2023-01-04,1919,N,VIIRS,n,2,287.0,1.4,N,2
23.77148,86.38997,299.41,0.33,0.55,2023-01-04,1919,N,VIIRS,n,2,287.59,0.96,N,2
23.77179,86.38667,297.52,0.33,0.55,2023-01-04,1919,N,VIIRS,n,2,285.58,0.96,N,2
23.77661,86.39069,312.85,0.33,0.55,2023-01-04,1919,N,VIIRS,n,2,287.59,0.96,N,2
23.77692,86.38741,309.82,0.33,0.55,2023-01-04,1919,N,VIIRS,n,2,286.72,0.96,N,2
23.77849,86.37072,295.35,0.33,0.55,2023-01-04,1919,N,VIIRS,n,2,284.67,0.62,N,2
23.78069,86.34735,298.31,0.33,0.56,2023-01-04,1919,N,VIIRS,n,2,284.51,0.49,N,2
23.78144,86.39462,303.04,0.33,0.55,2023-01-04,1919,N,VIIRS,n,2,286.63,0.97,N,2
23.78175,86.39137,316.67,0.33,0.55,2023-01-04,1919,N,VIIRS,n,2,288.61,1.03,N,2
23.78206,86.38808,299.08,0.33,0.55,2023-01-04,1919,N,VIIRS,n,2,285.73,1.03,N,2
23.78364,86.37136,295.72,0.33,0.55,2023-01-04,1919,N,VIIRS,n,2,285.31,1.05,N,2
23.7871,86.3347,301.98,0.33,0.56,2023-01-04,1919,N,VIIRS,n,2,285.38,0.94,N,2
23.78741,86.33141,303.62,0.33,0.56,2023-01-04,1919,N,VIIRS,n,2,286.52,0.95,N,2
23.78994,86.30459,295.45,0.34,0.56,2023-01-04,1919,N,VIIRS,n,2,284.35,0.47,N,2
23.79068,86.35204,305.96,0.33,0.56,2023-01-04,1919,N,VIIRS,n,2,285.22,1.15,N,2
23.79583,86.35268,318.8,0.33,0.56,2023-01-04,1919,N,VIIRS,n,2,286.96,2.03,N,2
23.79679,86.34264,297.07,0.33,0.56,2023-01-04,1919,N,VIIRS,n,2,285.36,1.28,N,2
23.8032,86.33011,310.45,0.33,0.56,2023-01-04,1919,N,VIIRS,n,2,285.39,1.24,N,2
23.80352,86.32673,308.73,0.33,0.56,2023-01-04,1919,N,VIIRS,n,2,287.67,2.24,N,2
23.80966,86.31719,297.42,0.33,0.56,2023-01-04,1919,N,VIIRS,n,2,286.7,0.76,N,2
23.80998,86.31384,298.61,0.34,0.56,2023-01-04,1919,N,VIIRS,n,2,287.14,0.74,N,2
23.79945,87.04845,301.78,0.6,0.53,2023-01-04,1919,N,VIIRS,n,2,287.09,1.78,N,2
20.97426,85.17184,298.9,0.37,0.58,2023-01-04,1920,N,VIIRS,n,2,286.71,0.72,N,2
22.85228,86.90324,298.65,0.6,0.53,2023-01-04,1920,N,VIIRS,n,2,283.49,1.61,N,0
22.87647,86.06068,295.97,0.34,0.56,2023-01-04,1920,N,VIIRS,n,2,284.36,0.81,N,2
22.85601,86.05485,301.05,0.34,0.56,2023-01-04,1920,N,VIIRS,n,2,284.76,0.63,N,2
22.855,86.05475,295.13,0.34,0.56,2023-01-04,1920,N,VIIRS,n,2,283.6,0.44,N,2
22.79782,86.20552,320.33,0.33,0.55,2023-01-04,1920,N,VIIRS,n,2,286.51,2.76,N,2
22.80425,86.08929,302.42,0.34,0.56,2023-01-04,1920,N,VIIRS,n,2,285.82,0.64,N,2
22.79332,86.19846,309.55,0.33,0.55,2023-01-04,1920,N,VIIRS,n,2,286.21,1.88,N,3
22.79907,86.08868,313.59,0.34,0.56,2023-01-04,1920,N,VIIRS,n,2,285.97,1.19,N,2
22.78818,86.19784,303.79,0.33,0.55,2023-01-04,1920,N,VIIRS,n,2,286.52,1.42,N,2
22.78784,86.20116,296.49,0.33,0.55,2023-01-04,1920,N,VIIRS,n,2,286.3,1.05,N,2
22.78718,86.20775,296.59,0.33,0.55,2023-01-04,1920,N,VIIRS,n,2,284.8,0.5,N,2
22.78237,86.20388,301.29,0.33,0.55,2023-01-04,1920,N,VIIRS,n,2,285.03,1.05,N,2
22.78622,86.00565,296.1,0.34,0.56,2023-01-04,1920,N,VIIRS,n,2,284.51,0.22,N,0
22.3766,87.27842,307.29,0.56,0.51,2023-01-04,1920,N,VIIRS,n,2,286.78,1.8,N,2
22.36467,87.29911,307.11,0.56,0.51,2023-01-04,1920,N,VIIRS,n,2,286.91,1.83,N,2
22.36573,87.0164,304.54,0.58,0.52,2023-01-04,1920,N,VIIRS,n,2,286.41,1.92,N,2
22.05425,88.12649,320.04,0.49,0.49,2023-01-04,1920,N,VIIRS,n,2,289.3,1.85,N,2
22.0548,88.12172,311.55,0.49,0.49,2023-01-04,1920,N,VIIRS,n,2,289.3,2.05,N,2
22.13357,85.38129,297.32,0.37,0.58,2023-01-04,1920,N,VIIRS,n,2,283.53,0.57,N,2
22.05522,85.46306,300.57,0.36,0.58,2023-01-04,1920,N,VIIRS,n,2,284.55,0.87,N,2
21.98954,85.32433,295.08,0.37,0.58,2023-01-04,1920,N,VIIRS,n,2,283.55,0.95,N,2
21.93247,85.21931,308.81,0.37,0.58,2023-01-04,1920,N,VIIRS,n,2,285.58,1.74,N,2
20.97473,86.00433,303.07,0.32,0.55,2023-01-04,1920,N,VIIRS,n,2,287.38,0.86,N,2
20.96996,86.00054,297.33,0.32,0.55,2023-01-04,1920,N,VIIRS,n,2,287.07,0.86,N,2
20.96476,86.05099,297.43,0.32,0.55,2023-01-04,1920,N,VIIRS,n,2,286.05,0.4,N,2
20.96453,86.00314,300.19,0.32,0.55,2023-01-04,1920,N,VIIRS,n,2,286.55,1.1,N,0
20.96421,86.00629,314.72,0.32,0.55,2023-01-04,1920,N,VIIRS,n,2,287.26,1.07,N,2
20.94984,86.046,299.16,0.32,0.55,2023-01-04,1920,N,VIIRS,n,2,286.81,0.72,N,2
20.94953,86.04906,297.97,0.32,0.55,2023-01-04,1920,N,VIIRS,n,2,287.73,1.09,N,2
20.94382,86.05458,312.63,0.32,0.55,2023-01-04,1920,N,VIIRS,n,2,288.1,1.28,N,2
20.83916,86.96126,301.23,0.56,0.52,2023-01-04,1920,N,VIIRS,n,2,287.91,0.83,N,0
20.83438,86.96064,334.61,0.56,0.52,2023-01-04,1920,N,VIIRS,n,2,290.56,4.01,N,0
20.8338,86.96608,303.33,0.56,0.52,2023-01-04,1920,N,VIIRS,n,2,288.38,4.01,N,0
20.94544,86.05433,304.58,0.32,0.55,2023-01-04,1920,N,VIIRS,n,2,287.42,1.52,N,2
20.83376,86.96479,326.22,0.56,0.51,2023-01-04,1920,N,VIIRS,n,2,289.58,4.08,N,0
20.83438,86.95936,319.86,0.56,0.52,2023-01-04,1920,N,VIIRS,n,2,288.87,4.44,N,0
20.92616,86.0424,297.33,0.32,0.55,2023-01-04,1920,N,VIIRS,n,2,287.05,0.62,N,0
20.81944,86.96296,306.09,0.56,0.51,2023-01-04,1920,N,VIIRS,n,2,288.23,1.75,N,0
20.97821,85.13216,299.95,0.37,0.58,2023-01-04,1920,N,VIIRS,n,2,286.89,0.8,N,2
20.97677,85.14668,300.74,0.37,0.58,2023-01-04,1920,N,VIIRS,n,2,287.07,0.77,N,2
20.97498,85.1646,302.13,0.37,0.58,2023-01-04,1920,N,VIIRS,n,2,287.89,2.16,N,2
20.97462,85.16823,303.11,0.37,0.58,2023-01-04,1920,N,VIIRS,n,2,287.46,0.72,N,2
20.97138,85.14606,311.37,0.37,0.58,2023-01-04,1920,N,VIIRS,n,2,286.83,0.77,N,2
20.96923,85.16767,303.61,0.37,0.58,2023-01-04,1920,N,VIIRS,n,2,287.46,0.72,N,2
20.96887,85.1713,299.6,0.37,0.58,2023-01-04,1920,N,VIIRS,n,2,286.63,0.72,N,2
20.96313,85.17435,327.15,0.37,0.58,2023-01-04,1920,N,VIIRS,n,2,289.18,2.28,N,2
20.96384,85.16711,301.49,0.37,0.58,2023-01-04,1920,N,VIIRS,n,2,287.1,1.63,N,2
20.96348,85.17075,305.83,0.37,0.58,2023-01-04,1920,N,VIIRS,n,2,287.91,1.63,N,2
20.96277,85.17796,316.17,0.37,0.58,2023-01-04,1920,N,VIIRS,n,2,288.08,2.28,N,2
20.96171,85.18864,305.59,0.37,0.58,2023-01-04,1920,N,VIIRS,n,2,287.65,1.05,N,2
20.96137,85.19202,309.12,0.37,0.58,2023-01-04,1920,N,VIIRS,n,2,286.92,1.05,N,2
20.88782,84.97987,300.92,0.38,0.59,2023-01-04,1920,N,VIIRS,n,2,286.87,1.33,N,2
20.8064,85.25379,305.3,0.36,0.57,2023-01-04,1920,N,VIIRS,n,2,288.11,1.81,N,2
20.80606,85.25734,303.92,0.36,0.57,2023-01-04,1920,N,VIIRS,n,2,287.14,1.41,N,2
20.80829,85.25448,308.84,0.36,0.57,2023-01-04,1920,N,VIIRS,n,2,288.34,2.0,N,2
20.7976,85.25335,311.14,0.36,0.57,2023-01-04,1920,N,VIIRS,n,2,286.98,1.73,N,2
20.79226,85.25269,322.21,0.36,0.57,2023-01-04,1920,N,VIIRS,n,2,287.69,1.73,N,2
20.78621,85.259,302.72,0.36,0.57,2023-01-04,1920,N,VIIRS,n,2,287.41,1.38,N,2
20.78585,85.26249,302.19,0.36,0.57,2023-01-04,1920,N,VIIRS,n,2,287.5,1.23,N,2
20.76127,85.29168,309.57,0.36,0.57,2023-01-04,1920,N,VIIRS,n,2,287.17,1.31,N,0
20.69716,85.5547,297.48,0.34,0.56,2023-01-04,1920,N,VIIRS,n,2,286.66,0.43,N,0
20.57711,85.74615,302.08,0.33,0.56,2023-01-04,1920,N,VIIRS,n,2,286.63,0.71,N,0
20.53403,85.9127,304.01,0.32,0.55,2023-01-04,1920,N,VIIRS,n,2,287.05,0.65,N,0
20.53101,85.91203,296.92,0.32,0.55,2023-01-04,1920,N,VIIRS,n,2,286.84,0.35,N,0
20.53066,85.91518,296.32,0.32,0.55,2023-01-04,1920,N,VIIRS,n,2,286.05,0.35,N,0
19.10684,82.16187,300.69,0.55,0.68,2023-01-04,1921,N,VIIRS,n,2,285.53,0.84,N,0
14.27396,80.13078,303.0,0.65,0.73,2023-01-04,1922,N,VIIRS,n,2,290.01,1.13,N,0
13.16237,80.28074,337.09,0.62,0.71,2023-01-04,1923,N,VIIRS,n,2,292.67,4.21,N,2
13.15571,80.27995,306.29,0.62,0.71,2023-01-04,1923,N,VIIRS,n,2,292.11,1.31,N,0
34.1579,74.04038,302.08,0.39,0.36,2023-01-04,2058,N,VIIRS,n,2,269.38,0.88,N,0
34.15527,74.03555,298.1,0.39,0.36,2023-01-04,2058,N,VIIRS,n,2,271.52,0.6,N,0
34.12275,74.0453,326.65,0.39,0.36,2023-01-04,2058,N,VIIRS,n,2,275.46,2.24,N,0
34.11868,74.04899,330.49,0.39,0.36,2023-01-04,2058,N,VIIRS,n,2,276.84,3.16,N,0
33.74526,74.00637,306.51,0.39,0.36,2023-01-04,2058,N,VIIRS,n,2,270.01,0.4,N,0
32.49255,76.40231,300.39,0.47,0.4,2023-01-04,2058,N,VIIRS,n,2,269.78,1.6,N,0
30.85367,78.50772,295.02,0.42,0.45,2023-01-04,2058,N,VIIRS,n,2,272.85,0.83,N,0
29.91511,74.94534,302.97,0.44,0.38,2023-01-04,2059,N,VIIRS,n,2,280.5,1.09,N,0
29.91428,74.94987,307.04,0.44,0.39,2023-01-04,2059,N,VIIRS,n,2,279.8,1.02,N,0
29.91344,74.9544,296.45,0.44,0.39,2023-01-04,2059,N,VIIRS,n,2,280.1,1.02,N,0
29.91077,74.94903,343.32,0.44,0.39,2023-01-04,2059,N,VIIRS,n,2,289.79,16.78,N,2
29.90994,74.95355,332.71,0.44,0.39,2023-01-04,2059,N,VIIRS,n,2,280.7,16.78,N,2
29.9116,74.9445,317.44,0.44,0.38,2023-01-04,2059,N,VIIRS,n,2,280.0,2.04,N,2
29.90911,74.95809,296.92,0.44,0.39,2023-01-04,2059,N,VIIRS,n,2,280.88,0.83,N,2
29.90727,74.94818,350.1,0.44,0.39,2023-01-04,2059,N,VIIRS,n,2,279.96,16.78,N,2
29.9081,74.94366,314.35,0.44,0.38,2023-01-04,2059,N,VIIRS,n,2,279.65,2.04,N,2
29.90644,74.95271,315.25,0.44,0.39,2023-01-04,2059,N,VIIRS,n,2,280.85,16.78,N,0
29.9122,74.94641,332.45,0.44,0.39,2023-01-04,2059,N,VIIRS,n,2,280.09,2.72,N,2
29.91139,74.95095,336.71,0.44,0.39,2023-01-04,2059,N,VIIRS,n,2,286.66,14.41,N,2
29.91302,74.94187,300.88,0.44,0.39,2023-01-04,2059,N,VIIRS,n,2,280.36,2.72,N,0
29.91057,74.95549,308.54,0.44,0.39,2023-01-04,2059,N,VIIRS,n,2,280.57,14.41,N,0
29.9087,74.94557,337.03,0.44,0.39,2023-01-04,2059,N,VIIRS,n,2,279.81,2.72,N,2
29.90788,74.9501,340.31,0.44,0.39,2023-01-04,2059,N,VIIRS,n,2,281.61,14.41,N,2
29.90951,74.94102,298.94,0.44,0.39,2023-01-04,2059,N,VIIRS,n,2,279.86,2.72,N,0
29.90707,74.95464,311.45,0.44,0.39,2023-01-04,2059,N,VIIRS,n,2,280.75,14.41,N,2
29.90519,74.94473,300.46,0.44,0.39,2023-01-04,2059,N,VIIRS,n,2,279.63,1.11,N,0
29.90438,74.94926,303.81,0.44,0.39,2023-01-04,2059,N,VIIRS,n,2,279.49,1.28,N,0
29.45978,76.89178,310.37,0.55,0.42,2023-01-04,2059,N,VIIRS,n,2,279.82,2.59,N,0
29.67373,75.59414,295.52,0.47,0.4,2023-01-04,2059,N,VIIRS,n,2,278.08,0.38,N,0
27.66872,76.13187,297.71,0.54,0.42,2023-01-04,2059,N,VIIRS,n,2,278.45,0.56,N,2
27.82772,73.22278,295.05,0.41,0.37,2023-01-04,2059,N,VIIRS,n,2,280.98,0.72,N,0
26.22614,78.18627,295.61,0.49,0.49,2023-01-04,2100,N,VIIRS,n,2,279.39,0.85,N,0
27.0795,73.81824,295.71,0.43,0.38,2023-01-04,2100,N,VIIRS,n,2,280.25,0.5,N,0
26.87473,73.51688,297.54,0.42,0.38,2023-01-04,2100,N,VIIRS,n,2,278.91,0.99,N,2
25.1765,72.8186,326.82,0.42,0.37,2023-01-04,2100,N,VIIRS,n,2,278.33,6.7,N,0
25.17308,72.81788,327.24,0.42,0.37,2023-01-04,2100,N,VIIRS,n,2,279.14,6.7,N,0
25.17236,72.82198,345.0,0.42,0.37,2023-01-04,2100,N,VIIRS,n,2,281.62,6.7,N,0
25.16894,72.82127,304.79,0.42,0.37,2023-01-04,2100,N,VIIRS,n,2,276.87,1.15,N,0
24.87898,74.24073,301.79,0.48,0.4,2023-01-04,2100,N,VIIRS,n,2,276.23,0.81,N,0
24.66327,74.63361,296.82,0.5,0.41,2023-01-04,2100,N,VIIRS,n,2,283.87,1.11,N,2
24.65955,74.63278,299.77,0.5,0.41,2023-01-04,2100,N,VIIRS,n,2,280.43,1.32,N,2
24.82296,73.09248,295.91,0.43,0.38,2023-01-04,2100,N,VIIRS,n,2,282.87,1.48,N,2
24.68927,73.00248,309.5,0.43,0.38,2023-01-04,2100,N,VIIRS,n,2,283.98,1.82,N,2
23.37156,77.5163,302.83,0.51,0.49,2023-01-04,2100,N,VIIRS,n,2,280.49,0.7,N,0
24.43651,71.66106,295.93,0.4,0.37,2023-01-04,2100,N,VIIRS,n,2,278.4,0.48,N,0
21.75666,84.02474,295.35,0.69,0.74,2023-01-04,2100,N,VIIRS,n,2,282.09,3.32,N,2
21.7326,82.21445,298.1,0.54,0.68,2023-01-04,2100,N,VIIRS,n,2,284.36,0.85,N,2
21.67469,82.08176,299.66,0.53,0.67,2023-01-04,2101,N,VIIRS,n,2,284.51,1.28,N,2
21.48629,81.76893,298.44,0.51,0.66,2023-01-04,2101,N,VIIRS,n,2,284.5,0.88,N,2
21.48685,81.76815,298.3,0.51,0.66,2023-01-04,2101,N,VIIRS,n,2,284.6,0.61,N,2
22.97803,72.56563,306.43,0.43,0.38,2023-01-04,2101,N,VIIRS,n,2,285.39,0.94,N,0
21.46655,80.12885,300.39,0.4,0.6,2023-01-04,2101,N,VIIRS,n,2,284.21,0.39,N,0
23.31523,70.48821,311.01,0.39,0.36,2023-01-04,2101,N,VIIRS,n,2,288.19,1.22,N,2
23.3032,70.47824,296.04,0.39,0.36,2023-01-04,2101,N,VIIRS,n,2,285.67,0.73,N,2
23.2639,70.25974,319.12,0.38,0.36,2023-01-04,2101,N,VIIRS,n,2,285.17,1.55,N,2
23.26178,70.25165,332.44,0.38,0.36,2023-01-04,2101,N,VIIRS,n,2,285.8,1.39,N,2
23.25848,70.25104,297.42,0.38,0.36,2023-01-04,2101,N,VIIRS,n,2,283.56,1.39,N,2
23.2567,70.26225,306.77,0.38,0.36,2023-01-04,2101,N,VIIRS,n,2,284.26,0.79,N,0
23.49731,68.57797,295.85,0.4,0.37,2023-01-04,2101,N,VIIRS,n,2,285.59,0.57,N,0
23.43081,68.71481,295.05,0.4,0.37,2023-01-04,2101,N,VIIRS,n,2,283.94,0.59,N,2
23.12185,70.08408,305.56,0.38,0.36,2023-01-04,2101,N,VIIRS,n,2,283.46,0.54,N,0
23.10531,70.18856,306.69,0.38,0.36,2023-01-04,2101,N,VIIRS,n,2,286.25,0.83,N,2
21.26773,79.18462,301.2,0.36,0.57,2023-01-04,2101,N,VIIRS,n,2,286.12,1.29,N,0
21.26106,79.19016,302.87,0.36,0.57,2023-01-04,2101,N,VIIRS,n,2,285.78,1.14,N,0
22.92533,70.10612,301.33,0.38,0.36,2023-01-04,2101,N,VIIRS,n,2,282.84,0.8,N,0
22.77728,70.79991,314.93,0.39,0.36,2023-01-04,2101,N,VIIRS,n,2,284.15,1.54,N,0
22.92625,69.82337,297.67,0.38,0.36,2023-01-04,2101,N,VIIRS,n,2,286.43,0.6,N,2
22.93945,69.69537,299.54,0.38,0.36,2023-01-04,2101,N,VIIRS,n,2,282.99,0.5,N,2
22.93887,69.6991,303.3,0.38,0.36,2023-01-04,2101,N,VIIRS,n,2,283.41,0.5,N,2
22.93225,69.6979,311.36,0.38,0.36,2023-01-04,2101,N,VIIRS,n,2,284.39,1.37,N,2
22.75402,69.55969,321.64,0.38,0.36,2023-01-04,2101,N,VIIRS,n,2,284.54,1.42,N,3
22.7546,69.55596,306.74,0.38,0.36,2023-01-04,2101,N,VIIRS,n,2,283.86,1.42,N,3
22.42968,69.83446,300.21,0.38,0.36,2023-01-04,2101,N,VIIRS,n,2,288.85,0.26,N,0
22.47213,69.08006,306.32,0.39,0.36,2023-01-04,2101,N,VIIRS,n,2,288.93,0.66,N,0
22.338,69.85647,303.87,0.38,0.36,2023-01-04,2101,N,VIIRS,n,2,292.0,1.24,N,0
22.33624,69.8676,309.75,0.38,0.36,2023-01-04,2101,N,VIIRS,n,2,294.18,2.02,N,2
22.33121,69.74839,303.94,0.38,0.36,2023-01-04,2101,N,VIIRS,n,2,293.24,1.46,N,2
22.41685,69.03943,313.79,0.39,0.36,2023-01-04,2101,N,VIIRS,n,2,289.67,1.06,N,2
22.41461,69.03985,318.03,0.39,0.36,2023-01-04,2101,N,VIIRS,n,2,289.17,1.42,N,2
22.40085,69.01814,301.87,0.39,0.36,2023-01-04,2101,N,VIIRS,n,2,289.3,0.53,N,2
21.68604,72.53064,302.08,0.44,0.38,2023-01-04,2101,N,VIIRS,n,2,287.28,0.87,N,0
21.6853,72.53486,302.02,0.44,0.38,2023-01-04,2101,N,VIIRS,n,2,287.1,0.87,N,0
21.68253,72.52994,301.02,0.44,0.38,2023-01-04,2101,N,VIIRS,n,2,287.27,0.87,N,0
21.68179,72.53415,317.04,0.44,0.38,2023-01-04,2101,N,VIIRS,n,2,288.22,0.87,N,0
21.78316,70.00179,329.58,0.38,0.36,2023-01-04,2101,N,VIIRS,n,2,287.43,2.94,N,0
21.78257,70.00549,320.15,0.38,0.36,2023-01-04,2101,N,VIIRS,n,2,286.39,2.94,N,0
21.77985,70.0012,344.99,0.38,0.36,2023-01-04,2101,N,VIIRS,n,2,289.71,2.94,N,0
21.77926,70.0049,311.04,0.38,0.36,2023-01-04,2101,N,VIIRS,n,2,285.63,2.94,N,0
21.56461,70.47081,297.85,0.39,0.36,2023-01-04,2101,N,VIIRS,n,2,286.02,0.41,N,0
21.1125,72.63625,302.4,0.45,0.39,2023-01-04,2101,N,VIIRS,n,2,290.15,0.64,N,2
21.10971,72.63123,330.66,0.45,0.39,2023-01-04,2101,N,VIIRS,n,2,291.88,9.12,N,2
21.10743,72.64416,328.65,0.45,0.39,2023-01-04,2101,N,VIIRS,n,2,291.97,3.72,N,2
21.10666,72.64848,306.18,0.45,0.39,2023-01-04,2101,N,VIIRS,n,2,290.52,3.72,N,2
21.10616,72.63052,332.33,0.45,0.39,2023-01-04,2101,N,VIIRS,n,2,290.06,9.12,N,2
20.90948,71.46032,315.7,0.41,0.37,2023-01-04,2101,N,VIIRS,n,2,290.47,1.93,N,2
20.86871,70.56507,299.45,0.39,0.36,2023-01-04,2101,N,VIIRS,n,2,288.63,0.56,N,0
20.83379,70.69425,309.38,0.39,0.37,2023-01-04,2101,N,VIIRS,n,2,289.51,1.36,N,2
19.93553,73.71257,298.47,0.53,0.42,2023-01-04,2101,N,VIIRS,n,2,286.03,0.77,N,0
19.3729,76.25653,313.2,0.51,0.49,2023-01-04,2101,N,VIIRS,n,2,286.74,1.24,N,0
19.1245,76.76327,303.39,0.55,0.51,2023-01-04,2102,N,VIIRS,n,2,287.21,0.89,N,0
17.95732,80.79691,305.07,0.52,0.67,2023-01-04,2102,N,VIIRS,n,2,289.47,1.96,N,2
19.10435,73.05097,304.27,0.5,0.41,2023-01-04,2102,N,VIIRS,n,2,290.23,0.97,N,0
19.10063,73.05019,307.55,0.5,0.41,2023-01-04,2102,N,VIIRS,n,2,290.06,1.23,N,0
17.1779,80.80116,307.14,0.54,0.68,2023-01-04,2102,N,VIIRS,n,2,288.96,1.16,N,0
18.68418,73.03241,301.15,0.5,0.41,2023-01-04,2102,N,VIIRS,n,2,290.24,1.17,N,2
17.78766,76.65457,299.64,0.57,0.52,2023-01-04,2102,N,VIIRS,n,2,287.4,0.92,N,0
17.79597,76.07909,306.21,0.53,0.5,2023-01-04,2102,N,VIIRS,n,2,286.58,1.06,N,0
17.33173,77.4839,301.54,0.33,0.55,2023-01-04,2102,N,VIIRS,n,2,289.97,0.49,N,0
17.73116,75.40005,299.14,0.48,0.48,2023-01-04,2102,N,VIIRS,n,2,286.28,1.12,N,0
17.73027,75.4046,299.62,0.48,0.48,2023-01-04,2102,N,VIIRS,n,2,286.63,1.12,N,0
17.73109,75.40257,306.92,0.48,0.48,2023-01-04,2102,N,VIIRS,n,2,286.93,2.03,N,0
17.69796,75.45676,303.29,0.48,0.48,2023-01-04,2102,N,VIIRS,n,2,287.11,1.05,N,0
17.14659,78.22324,300.72,0.37,0.58,2023-01-04,2102,N,VIIRS,n,2,287.59,0.59,N,2
17.68911,75.00008,297.63,0.45,0.47,2023-01-04,2102,N,VIIRS,n,2,286.44,0.32,N,0
16.61826,75.13557,338.67,0.48,0.48,2023-01-04,2102,N,VIIRS,n,2,289.15,6.32,N,0
16.36151,76.07671,298.26,0.56,0.51,2023-01-04,2102,N,VIIRS,n,2,288.02,0.49,N,0
16.60274,74.76627,302.52,0.46,0.47,2023-01-04,2102,N,VIIRS,n,2,287.65,0.63,N,0
16.31891,75.2896,318.31,0.5,0.49,2023-01-04,2102,N,VIIRS,n,2,286.96,2.65,N,0
16.31443,75.2887,306.07,0.5,0.49,2023-01-04,2102,N,VIIRS,n,2,286.7,1.27,N,0
16.26521,75.4003,320.03,0.51,0.49,2023-01-04,2102,N,VIIRS,n,2,287.52,4.31,N,0
16.2643,75.40506,322.45,0.51,0.49,2023-01-04,2102,N,VIIRS,n,2,287.52,3.34,N,0
16.24236,75.49493,310.12,0.52,0.5,2023-01-04,2102,N,VIIRS,n,2,287.44,1.54,N,0
16.29537,75.16962,308.08,0.49,0.49,2023-01-04,2102,N,VIIRS,n,2,287.58,1.31,N,0
15.76391,74.99096,306.62,0.49,0.48,2023-01-04,2103,N,VIIRS,n,2,287.24,0.77,N,0
15.62716,75.2854,312.18,0.51,0.5,2023-01-04,2103,N,VIIRS,n,2,287.1,1.55,N,0
15.67727,74.75787,305.45,0.47,0.48,2023-01-04,2103,N,VIIRS,n,2,288.22,0.72,N,0
15.67291,74.75699,302.01,0.47,0.48,2023-01-04,2103,N,VIIRS,n,2,287.66,0.63,N,0
15.67762,74.75558,306.6,0.47,0.48,2023-01-04,2103,N,VIIRS,n,2,288.29,0.76,N,0
15.67324,74.75471,299.14,0.47,0.48,2023-01-04,2103,N,VIIRS,n,2,287.12,0.42,N,0
15.17956,77.10324,308.23,0.34,0.56,2023-01-04,2103,N,VIIRS,n,2,291.86,1.34,N,2
15.33701,76.27561,311.97,0.6,0.53,2023-01-04,2103,N,VIIRS,n,2,290.53,2.49,N,0
15.33276,76.24558,301.4,0.6,0.53,2023-01-04,2103,N,VIIRS,n,2,290.55,1.18,N,0
15.22587,76.7627,302.76,0.33,0.55,2023-01-04,2103,N,VIIRS,n,2,290.94,0.83,N,2
15.18342,76.7914,302.05,0.33,0.55,2023-01-04,2103,N,VIIRS,n,2,289.82,0.67,N,0
15.18578,76.6552,302.28,0.32,0.55,2023-01-04,2103,N,VIIRS,n,2,292.02,0.99,N,2
15.1852,76.65819,303.26,0.32,0.55,2023-01-04,2103,N,VIIRS,n,2,292.02,0.99,N,2
15.17847,76.66605,321.03,0.32,0.55,2023-01-04,2103,N,VIIRS,n,2,292.68,1.67,N,2
15.17556,76.68099,323.6,0.32,0.55,2023-01-04,2103,N,VIIRS,n,2,291.6,1.67,N,2
15.17905,76.66306,303.75,0.32,0.55,2023-01-04,2103,N,VIIRS,n,2,292.05,1.89,N,2
15.17465,76.65894,326.52,0.32,0.55,2023-01-04,2103,N,VIIRS,n,2,292.25,2.24,N,2
15.17581,76.65297,304.8,0.32,0.55,2023-01-04,2103,N,VIIRS,n,2,292.35,1.08,N,2
15.17523,76.65596,316.98,0.32,0.55,2023-01-04,2103,N,VIIRS,n,2,293.67,1.08,N,2
15.17083,76.65182,306.9,0.32,0.55,2023-01-04,2103,N,VIIRS,n,2,290.35,1.08,N,0
15.12865,76.7869,301.0,0.33,0.55,2023-01-04,2103,N,VIIRS,n,2,290.64,0.35,N,0
15.65744,73.98925,314.05,0.42,0.46,2023-01-04,2103,N,VIIRS,n,2,291.15,1.48,N,2
15.11877,76.81032,304.15,0.33,0.55,2023-01-04,2103,N,VIIRS,n,2,290.78,0.55,N,2
15.17267,76.38012,305.1,0.62,0.54,2023-01-04,2103,N,VIIRS,n,2,292.11,2.27,N,2
15.07106,76.86452,301.28,0.33,0.55,2023-01-04,2103,N,VIIRS,n,2,290.29,0.57,N,2
15.07042,76.8677,303.03,0.33,0.55,2023-01-04,2103,N,VIIRS,n,2,290.97,0.57,N,2
15.04769,76.87546,302.05,0.33,0.56,2023-01-04,2103,N,VIIRS,n,2,290.89,0.47,N,0
15.52602,73.99358,302.95,0.43,0.46,2023-01-04,2103,N,VIIRS,n,2,292.56,0.87,N,2
14.58741,78.58153,301.53,0.44,0.62,2023-01-04,2103,N,VIIRS,n,2,290.32,1.11,N,2
14.58751,78.57939,301.15,0.44,0.62,2023-01-04,2103,N,VIIRS,n,2,290.75,0.93,N,2
15.40225,73.78934,321.08,0.42,0.45,2023-01-04,2103,N,VIIRS,n,2,294.95,2.86,N,0
15.40157,73.79311,310.22,0.42,0.45,2023-01-04,2103,N,VIIRS,n,2,293.25,1.56,N,0
14.95657,75.79497,306.93,0.57,0.52,2023-01-04,2103,N,VIIRS,n,2,288.75,0.84,N,0
14.95182,75.79402,306.86,0.57,0.52,2023-01-04,2103,N,VIIRS,n,2,288.1,0.84,N,0
13.15919,80.28043,308.87,0.6,0.71,2023-01-04,2103,N,VIIRS,n,2,290.59,2.34,N,0
13.15798,80.2861,314.28,0.6,0.71,2023-01-04,2103,N,VIIRS,n,2,290.73,2.34,N,0
13.16088,80.28069,308.1,0.6,0.71,2023-01-04,2103,N,VIIRS,n,2,290.46,4.01,N,2
13.15971,80.28635,318.83,0.6,0.71,2023-01-04,2103,N,VIIRS,n,2,290.86,3.73,N,2
14.00356,75.62359,300.2,0.58,0.52,2023-01-04,2103,N,VIIRS,n,2,288.75,1.15,N,0
14.00434,75.62248,307.12,0.58,0.52,2023-01-04,2103,N,VIIRS,n,2,289.36,1.97,N,0
13.73071,76.70638,305.81,0.34,0.56,2023-01-04,2103,N,VIIRS,n,2,288.8,0.82,N,0
13.73012,76.7094,303.2,0.34,0.56,2023-01-04,2103,N,VIIRS,n,2,288.74,0.82,N,0
13.72952,76.71248,305.05,0.34,0.56,2023-01-04,2103,N,VIIRS,n,2,287.9,0.67,N,0
11.35007,77.32457,299.3,0.42,0.61,2023-01-04,2104,N,VIIRS,n,2,289.17,0.31,N,0
11.37667,76.14015,307.08,0.35,0.57,2023-01-04,2104,N,VIIRS,n,2,288.32,0.49,N,0
9.97774,76.37489,304.94,0.38,0.59,2023-01-04,2104,N,VIIRS,n,2,293.24,1.32,N,2
20.83715,86.96399,339.74,0.6,0.71,2023-01-05,632,N,VIIRS,n,2,292.47,9.04,D,0
20.83585,86.96428,341.33,0.6,0.71,2023-01-05,632,N,VIIRS,n,2,293.03,7.69,D,0
21.63792,87.20191,334.37,0.56,0.69,2023-01-05,632,N,VIIRS,n,2,291.03,4.27,D,0
21.59991,87.01326,342.64,0.58,0.7,2023-01-05,632,N,VIIRS,n,2,291.99,6.39,D,0
21.80639,87.16186,327.75,0.56,0.69,2023-01-05,632,N,VIIRS,n,2,290.83,3.74,D,0
21.88412,87.23824,337.23,0.55,0.68,2023-01-05,632,N,VIIRS,n,2,290.96,3.87,D,0
21.8814,87.23843,337.04,0.55,0.68,2023-01-05,633,N,VIIRS,n,2,290.96,4.49,D,0
24.6137,93.93769,336.81,0.38,0.43,2023-01-05,633,N,VIIRS,n,2,293.32,4.74,D,0
24.63707,93.63938,325.09,0.4,0.44,2023-01-05,633,N,VIIRS,n,2,296.78,2.23,D,0
23.39623,87.69939,330.36,0.48,0.65,2023-01-05,633,N,VIIRS,n,2,292.79,4.2,D,0
24.81709,93.992,325.15,0.57,0.43,2023-01-05,633,N,VIIRS,n,2,296.24,2.66,D,0
24.80874,93.77333,330.07,0.39,0.44,2023-01-05,633,N,VIIRS,n,2,295.21,2.71,D,0
24.85339,93.87905,328.3,0.57,0.43,2023-01-05,633,N,VIIRS,n,2,296.7,4.1,D,0
24.8549,93.87648,326.28,0.57,0.43,2023-01-05,633,N,VIIRS,n,2,296.69,3.5,D,0
23.75772,87.98306,325.94,0.45,0.63,2023-01-05,633,N,VIIRS,n,2,293.35,2.03,D,0
25.04272,93.57003,326.57,0.39,0.44,2023-01-05,633,N,VIIRS,n,2,291.46,2.81,D,0
24.8529,92.45107,327.57,0.46,0.47,2023-01-05,633,N,VIIRS,n,2,299.58,2.45,D,0
25.33643,94.52385,331.89,0.52,0.42,2023-01-05,633,N,VIIRS,n,2,294.95,4.54,D,0
23.7052,86.07351,326.5,0.59,0.7,2023-01-05,633,N,VIIRS,n,2,291.37,2.13,D,2
25.2455,92.80351,325.21,0.43,0.46,2023-01-05,633,N,VIIRS,n,2,288.46,3.59,D,0
25.2956,92.72513,328.22,0.44,0.46,2023-01-05,633,N,VIIRS,n,2,292.45,2.63,D,0
25.28655,92.5481,334.22,0.45,0.47,2023-01-05,633,N,VIIRS,n,2,297.26,2.84,D,0
24.23224,87.73192,327.21,0.46,0.63,2023-01-05,633,N,VIIRS,n,2,294.58,2.39,D,0
25.70325,94.44006,329.43,0.52,0.41,2023-01-05,633,N,VIIRS,n,2,290.79,2.52,D,0
25.49692,92.63993,330.24,0.44,0.46,2023-01-05,633,N,VIIRS,n,2,297.01,2.6,D,0
25.4629,92.31703,338.88,0.46,0.47,2023-01-05,633,N,VIIRS,n,2,291.51,4.18,D,0
25.55908,92.23266,329.13,0.46,0.47,2023-01-05,633,N,VIIRS,n,2,295.98,3.91,D,0
26.45352,94.97826,336.33,0.48,0.4,2023-01-05,633,N,VIIRS,n,2,293.08,11.42,D,0
26.47757,94.92841,336.16,0.48,0.4,2023-01-05,633,N,VIIRS,n,2,294.74,3.62,D,0
26.09991,92.79819,328.47,0.42,0.45,2023-01-05,633,N,VIIRS,n,2,297.62,2.49,D,0
26.54194,94.97048,326.49,0.48,0.4,2023-01-05,633,N,VIIRS,n,2,292.39,3.27,D,0
26.57458,95.00529,336.5,0.47,0.4,2023-01-05,633,N,VIIRS,n,2,295.82,6.19,D,0
26.57895,95.00866,334.3,0.47,0.4,2023-01-05,633,N,VIIRS,n,2,292.43,4.06,D,0
26.57917,95.01013,329.89,0.47,0.4,2023-01-05,633,N,VIIRS,n,2,292.08,3.36,D,0
26.60757,94.9381,353.48,0.48,0.4,2023-01-05,633,N,VIIRS,n,2,299.87,6.88,D,0
26.6067,94.93328,333.79,0.48,0.4,2023-01-05,633,N,VIIRS,n,2,298.3,6.88,D,0
26.6112,94.93723,354.23,0.48,0.4,2023-01-05,633,N,VIIRS,n,2,295.24,6.25,D,0
26.61033,94.93245,327.16,0.48,0.4,2023-01-05,633,N,VIIRS,n,2,293.38,6.25,D,0
26.61397,94.93165,348.18,0.48,0.4,2023-01-05,633,N,VIIRS,n,2,296.39,6.25,D,0
26.61311,94.92688,339.73,0.48,0.4,2023-01-05,633,N,VIIRS,n,2,295.68,4.77,D,0
26.61675,94.92613,336.45,0.48,0.4,2023-01-05,633,N,VIIRS,n,2,295.84,9.74,D,0
26.6582,95.11447,326.56,0.47,0.4,2023-01-05,633,N,VIIRS,l,2,298.68,5.68,D,0
26.65737,95.10984,326.92,0.47,0.4,2023-01-05,633,N,VIIRS,n,2,296.85,5.68,D,0
26.66343,95.12278,340.12,0.47,0.4,2023-01-05,633,N,VIIRS,n,2,294.11,4.93,D,0
26.66263,95.11829,331.79,0.47,0.4,2023-01-05,633,N,VIIRS,n,2,296.32,4.93,D,0
26.66183,95.11382,349.02,0.47,0.4,2023-01-05,633,N,VIIRS,n,2,299.72,5.68,D,0
26.66702,95.12191,348.65,0.47,0.4,2023-01-05,633,N,VIIRS,n,2,295.82,5.84,D,0
26.66623,95.11747,343.78,0.47,0.4,2023-01-05,633,N,VIIRS,n,2,297.36,5.84,D,0
26.66543,95.11304,327.82,0.47,0.4,2023-01-05,633,N,VIIRS,l,2,299.53,5.61,D,0
26.66459,95.10835,342.86,0.47,0.4,2023-01-05,633,N,VIIRS,n,2,301.84,5.61,D,0
26.62839,94.86469,339.6,0.48,0.4,2023-01-05,633,N,VIIRS,n,2,291.47,6.88,D,0
26.68062,95.11421,332.44,0.47,0.4,2023-01-05,633,N,VIIRS,n,2,294.08,4.85,D,0
26.67977,95.10939,354.22,0.47,0.4,2023-01-05,633,N,VIIRS,n,2,299.12,15.57,D,0
26.6789,95.1045,349.85,0.47,0.4,2023-01-05,633,N,VIIRS,n,2,296.71,15.57,D,0
26.68425,95.11357,333.03,0.47,0.4,2023-01-05,633,N,VIIRS,n,2,294.27,4.85,D,0
26.68338,95.10863,350.59,0.47,0.4,2023-01-05,633,N,VIIRS,n,2,301.43,15.57,D,0
26.6825,95.10369,349.78,0.47,0.4,2023-01-05,633,N,VIIRS,n,2,300.45,15.57,D,0
26.68699,95.10789,367.0,0.47,0.4,2023-01-05,633,N,VIIRS,h,2,296.75,12.77,D,0
26.68788,95.11289,356.83,0.47,0.4,2023-01-05,633,N,VIIRS,n,2,296.63,35.05,D,0
26.68612,95.10297,344.48,0.47,0.4,2023-01-05,633,N,VIIRS,n,2,291.42,12.77,D,0
26.69148,95.11209,347.94,0.47,0.4,2023-01-05,633,N,VIIRS,n,2,301.23,35.05,D,0
26.6906,95.10716,351.06,0.47,0.4,2023-01-05,633,N,VIIRS,n,2,293.79,12.77,D,0
26.78203,95.2822,331.9,0.46,0.39,2023-01-05,633,N,VIIRS,n,2,292.22,5.87,D,0
26.72826,94.89931,338.75,0.48,0.4,2023-01-05,633,N,VIIRS,n,2,292.51,6.23,D,0
26.85845,95.31642,325.52,0.46,0.39,2023-01-05,633,N,VIIRS,n,2,296.24,3.01,D,0
26.83735,95.00259,330.39,0.47,0.4,2023-01-05,633,N,VIIRS,n,2,297.7,13.65,D,0
26.8409,95.00147,329.58,0.47,0.4,2023-01-05,633,N,VIIRS,n,2,292.48,5.14,D,0
26.97675,95.51652,330.34,0.45,0.39,2023-01-05,633,N,VIIRS,n,2,292.75,2.87,D,0
26.92617,95.12247,331.69,0.46,0.39,2023-01-05,633,N,VIIRS,n,2,298.18,4.61,D,0
26.92976,95.12164,332.54,0.46,0.39,2023-01-05,633,N,VIIRS,n,2,296.16,7.43,D,0
26.92618,95.11994,345.1,0.46,0.39,2023-01-05,633,N,VIIRS,n,2,299.35,6.04,D,0
26.92976,95.11911,325.98,0.46,0.39,2023-01-05,633,N,VIIRS,n,2,295.1,6.04,D,0
27.10033,95.3774,325.61,0.45,0.39,2023-01-05,633,N,VIIRS,n,2,294.54,2.64,D,0
27.31687,95.26639,325.76,0.45,0.39,2023-01-05,634,N,VIIRS,n,2,296.39,1.91,D,0
26.91263,93.03914,334.09,0.39,0.44,2023-01-05,634,N,VIIRS,n,2,297.79,1.37,D,0
26.91549,92.96795,325.11,0.39,0.44,2023-01-05,634,N,VIIRS,n,2,299.86,1.76,D,0
26.95142,92.89295,355.07,0.4,0.44,2023-01-05,634,N,VIIRS,n,2,301.66,7.05,D,0
26.95102,92.89413,325.8,0.4,0.44,2023-01-05,634,N,VIIRS,l,2,298.78,2.12,D,0
26.95505,92.89323,340.58,0.4,0.44,2023-01-05,634,N,VIIRS,n,2,299.27,11.32,D,0
27.31328,94.60264,326.63,0.48,0.4,2023-01-05,634,N,VIIRS,n,2,298.48,2.88,D,0
27.3124,94.5978,333.49,0.48,0.4,2023-01-05,634,N,VIIRS,n,2,299.03,2.88,D,0
27.69512,95.39258,331.27,0.44,0.39,2023-01-05,634,N,VIIRS,n,2,294.76,3.46,D,0
27.84035,96.13229,332.84,0.42,0.37,2023-01-05,634,N,VIIRS,n,2,296.54,2.34,D,0
27.80832,95.81738,328.95,0.43,0.38,2023-01-05,634,N,VIIRS,n,2,296.2,1.2,D,0
27.46718,93.81603,334.25,0.52,0.42,2023-01-05,634,N,VIIRS,n,2,295.97,8.17,D,0
27.93442,95.45248,330.09,0.44,0.38,2023-01-05,634,N,VIIRS,n,2,296.4,2.37,D,0
27.93365,95.44807,344.03,0.44,0.38,2023-01-05,634,N,VIIRS,n,2,297.26,3.64,D,0
27.93715,95.4473,345.6,0.44,0.38,2023-01-05,634,N,VIIRS,n,2,295.85,6.69,D,0
28.43703,95.25492,325.83,0.44,0.38,2023-01-05,634,N,VIIRS,n,2,294.18,1.98,D,0
28.89253,95.96583,340.88,0.41,0.37,2023-01-05,634,N,VIIRS,n,2,288.8,6.57,D,0
28.89189,95.96202,326.94,0.41,0.37,2023-01-05,634,N,VIIRS,n,2,286.94,6.57,D,0
8.71008,77.97814,335.35,0.38,0.36,2023-01-05,810,N,VIIRS,n,2,304.37,2.19,D,0
8.75838,77.64929,338.46,0.38,0.36,2023-01-05,810,N,VIIRS,n,2,305.12,6.71,D,0
9.16372,77.67011,330.55,0.38,0.36,2023-01-05,810,N,VIIRS,l,2,305.14,1.27,D,0
9.2602,77.57239,349.36,0.38,0.36,2023-01-05,810,N,VIIRS,n,2,306.62,5.58,D,0
9.4807,77.2658,336.09,0.38,0.36,2023-01-05,810,N,VIIRS,n,2,303.6,6.29,D,0
9.56105,77.59248,336.98,0.38,0.36,2023-01-05,810,N,VIIRS,n,2,301.31,5.47,D,0
9.53203,77.1147,331.02,0.39,0.36,2023-01-05,810,N,VIIRS,n,2,298.89,3.45,D,0
9.53589,77.11769,336.12,0.39,0.36,2023-01-05,810,N,VIIRS,n,2,297.41,3.45,D,0
9.53759,77.10668,336.91,0.39,0.36,2023-01-05,810,N,VIIRS,n,2,299.63,4.87,D,0
9.54038,77.10268,332.01,0.39,0.36,2023-01-05,810,N,VIIRS,n,2,297.54,2.04,D,0
9.85533,78.15236,334.22,0.39,0.36,2023-01-05,810,N,VIIRS,n,2,300.14,3.48,D,0
9.83174,77.95082,332.4,0.39,0.36,2023-01-05,810,N,VIIRS,l,2,303.85,3.07,D,0
9.88971,77.55085,336.51,0.38,0.36,2023-01-05,810,N,VIIRS,n,2,304.04,4.01,D,0
9.85646,76.91476,336.75,0.39,0.36,2023-01-05,810,N,VIIRS,n,2,299.56,7.22,D,0
9.85924,76.91071,348.0,0.39,0.36,2023-01-05,810,N,VIIRS,n,2,301.08,6.62,D,0
9.92355,76.93304,337.2,0.39,0.36,2023-01-05,810,N,VIIRS,n,2,301.7,3.28,D,0
9.92301,76.92953,336.33,0.39,0.36,2023-01-05,810,N,VIIRS,n,2,300.94,3.28,D,0
10.61605,76.53436,344.3,0.39,0.36,2023-01-05,810,N,VIIRS,n,2,306.29,3.99,D,0
11.55544,79.63855,332.88,0.43,0.38,2023-01-05,810,N,VIIRS,n,2,298.76,3.28,D,0
12.11773,79.04518,334.18,0.42,0.38,2023-01-05,810,N,VIIRS,n,2,297.42,3.9,D,0
12.11869,77.22452,338.52,0.38,0.36,2023-01-05,811,N,VIIRS,n,2,300.23,6.65,D,0
12.43153,79.1213,330.43,0.42,0.38,2023-01-05,811,N,VIIRS,n,2,298.1,2.8,D,0
12.55004,77.39462,347.42,0.39,0.36,2023-01-05,811,N,VIIRS,n,2,299.22,9.7,D,0
12.54082,77.1098,332.73,0.38,0.36,2023-01-05,811,N,VIIRS,n,2,301.52,3.26,D,0
12.49441,76.64831,330.12,0.38,0.36,2023-01-05,811,N,VIIRS,n,2,300.91,2.81,D,0
12.96362,79.67526,330.22,0.45,0.39,2023-01-05,811,N,VIIRS,n,2,299.21,2.64,D,0
12.61307,76.60709,330.08,0.38,0.36,2023-01-05,811,N,VIIRS,n,2,301.41,1.82,D,0
12.86468,75.32763,336.11,0.4,0.37,2023-01-05,811,N,VIIRS,n,2,301.96,3.05,D,0
13.21926,76.23624,338.13,0.39,0.36,2023-01-05,811,N,VIIRS,n,2,298.89,2.82,D,0
13.4087,77.46509,348.09,0.39,0.36,2023-01-05,811,N,VIIRS,n,2,298.28,6.3,D,0
13.39322,76.77631,332.73,0.38,0.36,2023-01-05,811,N,VIIRS,n,2,297.75,1.8,D,0
13.14613,74.80752,340.42,0.41,0.37,2023-01-05,811,N,VIIRS,n,2,308.74,3.53,D,0
13.14554,74.80375,333.63,0.41,0.37,2023-01-05,811,N,VIIRS,n,2,305.81,3.53,D,0
13.5841,77.10083,331.54,0.39,0.36,2023-01-05,811,N,VIIRS,n,2,300.39,3.06,D,0
13.58795,77.10384,332.77,0.39,0.36,2023-01-05,811,N,VIIRS,n,2,300.88,3.46,D,0
13.58742,77.10031,347.6,0.39,0.36,2023-01-05,811,N,VIIRS,n,2,303.27,3.46,D,0
13.59127,77.10333,342.43,0.39,0.36,2023-01-05,811,N,VIIRS,n,2,300.05,3.46,D,0
13.59074,77.0998,332.16,0.39,0.36,2023-01-05,811,N,VIIRS,n,2,299.06,3.46,D,0
13.95024,78.85353,332.92,0.43,0.38,2023-01-05,811,N,VIIRS,n,2,301.59,4.2,D,0
13.6834,76.57313,339.56,0.38,0.36,2023-01-05,811,N,VIIRS,n,2,304.43,2.64,D,0
14.27099,80.1339,336.63,0.49,0.4,2023-01-05,811,N,VIIRS,n,2,306.02,6.12,D,0
13.81168,76.83868,333.84,0.38,0.36,2023-01-05,811,N,VIIRS,l,2,306.23,2.27,D,0
14.08196,77.7475,331.28,0.4,0.37,2023-01-05,811,N,VIIRS,n,2,299.42,2.05,D,0
13.89642,76.48353,342.0,0.38,0.36,2023-01-05,811,N,VIIRS,n,2,301.62,4.75,D,0
13.89919,76.47946,332.84,0.38,0.36,2023-01-05,811,N,VIIRS,l,2,304.04,2.38,D,0
13.92232,76.25386,339.93,0.38,0.36,2023-01-05,811,N,VIIRS,n,2,305.56,4.89,D,0
13.92177,76.25031,332.12,0.38,0.36,2023-01-05,811,N,VIIRS,n,2,302.06,2.15,D,0
13.83557,75.60626,335.4,0.39,0.36,2023-01-05,811,N,VIIRS,n,2,304.11,1.87,D,0
13.835,75.60265,332.11,0.39,0.36,2023-01-05,811,N,VIIRS,n,2,303.84,1.87,D,0
13.9632,75.92325,342.84,0.39,0.36,2023-01-05,811,N,VIIRS,n,2,305.32,5.58,D,0
14.11105,76.82635,334.0,0.38,0.36,2023-01-05,811,N,VIIRS,n,2,306.28,3.05,D,0
14.05804,76.41285,336.44,0.38,0.36,2023-01-05,811,N,VIIRS,n,2,301.02,3.09,D,0
13.98083,75.53756,330.47,0.39,0.36,2023-01-05,811,N,VIIRS,n,2,304.11,1.34,D,0
13.99983,75.61569,335.19,0.39,0.36,2023-01-05,811,N,VIIRS,n,2,308.15,3.73,D,0
13.99871,75.6085,338.13,0.39,0.36,2023-01-05,811,N,VIIRS,l,2,309.03,3.67,D,0
14.00149,75.60439,344.37,0.39,0.36,2023-01-05,811,N,VIIRS,n,2,309.49,5.23,D,0
14.00538,75.60747,344.8,0.39,0.36,2023-01-05,811,N,VIIRS,n,2,305.57,5.23,D,0
14.00844,75.41482,334.49,0.39,0.36,2023-01-05,811,N,VIIRS,n,2,307.97,2.01,D,0
14.18697,76.41407,330.49,0.38,0.36,2023-01-05,811,N,VIIRS,n,2,299.32,2.1,D,0
14.44339,78.00198,333.5,0.4,0.37,2023-01-05,811,N,VIIRS,n,2,303.32,1.19,D,0
14.49002,77.94154,336.31,0.4,0.37,2023-01-05,811,N,VIIRS,n,2,305.51,2.56,D,0
14.62038,77.94776,332.51,0.4,0.37,2023-01-05,811,N,VIIRS,n,2,301.75,1.99,D,0
14.62377,77.94722,340.22,0.4,0.37,2023-01-05,811,N,VIIRS,n,2,299.73,4.45,D,0
14.31652,75.47449,338.89,0.39,0.36,2023-01-05,811,N,VIIRS,n,2,304.55,4.39,D,0
14.55572,76.66243,336.68,0.38,0.36,2023-01-05,811,N,VIIRS,n,2,304.72,2.48,D,0
14.55904,76.6619,337.45,0.38,0.36,2023-01-05,811,N,VIIRS,n,2,303.91,2.48,D,0
14.51732,75.9004,332.15,0.39,0.36,2023-01-05,811,N,VIIRS,n,2,305.79,2.0,D,0
14.49623,75.67672,344.34,0.39,0.36,2023-01-05,811,N,VIIRS,n,2,304.41,9.49,D,0
15.06808,79.55006,339.96,0.47,0.39,2023-01-05,811,N,VIIRS,n,2,299.91,4.94,D,0
14.58404,76.02472,333.6,0.38,0.36,2023-01-05,811,N,VIIRS,n,2,306.58,1.45,D,0
14.92013,77.99811,336.63,0.41,0.37,2023-01-05,811,N,VIIRS,n,2,303.05,3.86,D,0
14.65164,76.15587,338.45,0.38,0.36,2023-01-05,811,N,VIIRS,l,2,308.64,3.88,D,0
14.6511,76.15231,338.23,0.38,0.36,2023-01-05,811,N,VIIRS,n,2,306.87,3.49,D,0
14.93282,77.86917,345.34,0.4,0.37,2023-01-05,811,N,VIIRS,n,2,302.81,4.52,D,0
14.67012,75.90416,332.45,0.39,0.36,2023-01-05,811,N,VIIRS,n,2,307.39,2.16,D,0
14.72471,75.97202,343.19,0.38,0.36,2023-01-05,811,N,VIIRS,n,2,310.19,6.94,D,0
14.72416,75.96847,344.84,0.39,0.36,2023-01-05,811,N,VIIRS,n,2,310.89,6.94,D,0
15.31647,79.97415,336.8,0.49,0.4,2023-01-05,811,N,VIIRS,n,2,298.11,5.81,D,0
15.31433,79.97599,333.97,0.49,0.4,2023-01-05,811,N,VIIRS,n,2,297.51,4.43,D,0
14.74276,75.78214,333.69,0.39,0.36,2023-01-05,811,N,VIIRS,l,2,304.13,4.43,D,0
14.76654,75.80394,334.86,0.39,0.36,2023-01-05,811,N,VIIRS,l,2,305.75,1.58,D,0
14.77096,75.81054,342.96,0.39,0.36,2023-01-05,811,N,VIIRS,n,2,306.13,5.63,D,0
14.82259,75.7317,334.76,0.39,0.36,2023-01-05,811,N,VIIRS,n,2,305.1,1.71,D,0
14.82499,75.41833,347.7,0.39,0.36,2023-01-05,811,N,VIIRS,n,2,309.6,5.75,D,0
14.90611,75.74372,342.96,0.39,0.36,2023-01-05,811,N,VIIRS,n,2,310.61,7.48,D,0
15.04457,76.45083,342.42,0.38,0.36,2023-01-05,811,N,VIIRS,n,2,304.73,4.16,D,0
14.9066,75.55205,332.27,0.39,0.36,2023-01-05,811,N,VIIRS,l,2,305.53,1.04,D,0
15.03955,76.30583,339.36,0.38,0.36,2023-01-05,811,N,VIIRS,n,2,306.44,6.45,D,0
15.04618,76.30477,339.41,0.38,0.36,2023-01-05,811,N,VIIRS,n,2,303.51,4.59,D,0
15.04949,76.30424,345.62,0.38,0.36,2023-01-05,811,N,VIIRS,n,2,304.27,3.26,D,0
15.05334,76.30727,333.21,0.38,0.36,2023-01-05,811,N,VIIRS,l,2,304.58,3.96,D,0
14.96099,75.68287,331.67,0.39,0.36,2023-01-05,811,N,VIIRS,l,2,306.58,1.62,D,0
14.9415,75.53528,336.97,0.39,0.36,2023-01-05,811,N,VIIRS,n,2,308.14,2.43,D,0
15.16948,76.65373,337.42,0.39,0.36,2023-01-05,811,N,VIIRS,n,2,307.68,4.17,D,0
15.17387,76.66035,336.95,0.39,0.36,2023-01-05,811,N,VIIRS,n,2,305.1,3.06,D,2
15.17665,76.65626,344.86,0.39,0.36,2023-01-05,811,N,VIIRS,n,2,306.84,5.42,D,2
15.02876,75.66444,333.18,0.39,0.36,2023-01-05,811,N,VIIRS,n,2,307.68,2.05,D,0
15.19597,76.37908,339.51,0.38,0.36,2023-01-05,811,N,VIIRS,n,2,304.09,4.43,D,2
15.04564,75.07966,344.23,0.39,0.36,2023-01-05,811,N,VIIRS,n,2,308.79,7.12,D,0
15.11474,75.19155,346.92,0.39,0.36,2023-01-05,811,N,VIIRS,n,2,309.28,5.56,D,0
15.11417,75.18793,348.8,0.39,0.36,2023-01-05,811,N,VIIRS,n,2,310.05,5.56,D,0
15.41025,76.54476,331.44,0.39,0.36,2023-01-05,812,N,VIIRS,n,2,300.61,1.98,D,0
15.16237,74.10776,334.15,0.42,0.37,2023-01-05,812,N,VIIRS,n,2,304.42,1.96,D,0
15.33337,74.98588,348.51,0.39,0.37,2023-01-05,812,N,VIIRS,n,2,306.27,6.45,D,0
15.33672,74.98533,332.26,0.39,0.37,2023-01-05,812,N,VIIRS,n,2,302.79,6.45,D,0
15.36585,75.02948,336.38,0.39,0.36,2023-01-05,812,N,VIIRS,n,2,303.66,4.33,D,0
16.00128,78.0042,333.74,0.41,0.37,2023-01-05,812,N,VIIRS,n,2,303.52,2.7,D,0
16.38288,80.57265,333.8,0.54,0.42,2023-01-05,812,N,VIIRS,n,2,294.99,5.71,D,0
15.83757,76.30605,334.36,0.38,0.36,2023-01-05,812,N,VIIRS,n,2,307.47,2.08,D,0
15.63172,74.79601,334.75,0.4,0.37,2023-01-05,812,N,VIIRS,n,2,301.31,2.17,D,0
15.87224,76.33345,336.45,0.38,0.36,2023-01-05,812,N,VIIRS,n,2,307.32,2.59,D,0
15.88456,75.96839,332.85,0.38,0.36,2023-01-05,812,N,VIIRS,n,2,304.38,2.16,D,0
15.70912,74.81655,330.71,0.4,0.37,2023-01-05,812,N,VIIRS,l,2,301.2,1.4,D,0
15.94879,75.66026,338.18,0.39,0.36,2023-01-05,812,N,VIIRS,n,2,306.34,3.69,D,0
15.97521,75.78806,331.12,0.38,0.36,2023-01-05,812,N,VIIRS,l,2,304.05,1.14,D,0
15.69311,73.78554,335.46,0.42,0.38,2023-01-05,812,N,VIIRS,n,2,307.95,4.78,D,0
16.01211,75.6757,333.64,0.38,0.36,2023-01-05,812,N,VIIRS,n,2,307.74,2.25,D,0
15.97324,75.42447,335.17,0.39,0.36,2023-01-05,812,N,VIIRS,n,2,301.48,3.86,D,0
16.20893,76.28118,331.26,0.38,0.36,2023-01-05,812,N,VIIRS,n,2,302.89,1.54,D,0
15.9592,74.64897,334.42,0.4,0.37,2023-01-05,812,N,VIIRS,n,2,301.99,2.23,D,0
16.13894,75.62112,345.42,0.39,0.36,2023-01-05,812,N,VIIRS,n,2,304.96,6.02,D,0
16.29963,75.4794,335.46,0.39,0.36,2023-01-05,812,N,VIIRS,n,2,305.52,4.16,D,0
16.40519,76.01334,332.15,0.38,0.36,2023-01-05,812,N,VIIRS,n,2,301.41,2.25,D,0
16.57355,76.59428,330.93,0.39,0.36,2023-01-05,812,N,VIIRS,n,2,299.77,2.01,D,0
16.12067,73.57438,340.4,0.43,0.38,2023-01-05,812,N,VIIRS,n,2,306.65,3.48,D,0
16.12414,73.57375,347.51,0.43,0.38,2023-01-05,812,N,VIIRS,n,2,306.11,3.48,D,0
17.12583,80.05181,330.35,0.52,0.41,2023-01-05,812,N,VIIRS,n,2,292.42,3.65,D,0
17.11536,79.94422,331.29,0.51,0.41,2023-01-05,812,N,VIIRS,n,2,294.59,3.41,D,0
16.52194,75.68945,336.07,0.38,0.36,2023-01-05,812,N,VIIRS,n,2,304.91,3.11,D,0
17.15064,80.03331,332.0,0.52,0.41,2023-01-05,812,N,VIIRS,n,2,295.77,3.07,D,0
17.14842,80.0304,331.95,0.52,0.41,2023-01-05,812,N,VIIRS,n,2,296.35,2.44,D,0
17.18662,80.23715,332.48,0.53,0.42,2023-01-05,812,N,VIIRS,n,2,295.93,5.2,D,0
16.93337,78.33121,337.61,0.43,0.38,2023-01-05,812,N,VIIRS,n,2,302.27,4.0,D,0
16.93687,78.33067,335.35,0.43,0.38,2023-01-05,812,N,VIIRS,n,2,301.97,4.0,D,0
16.71969,76.73771,332.75,0.39,0.36,2023-01-05,812,N,VIIRS,n,2,300.78,3.23,D,0
16.94319,78.12106,333.84,0.42,0.38,2023-01-05,812,N,VIIRS,n,2,302.12,1.98,D,0
16.54434,75.37558,330.47,0.39,0.36,2023-01-05,812,N,VIIRS,n,2,303.26,2.4,D,0
16.33818,73.70724,338.0,0.42,0.38,2023-01-05,812,N,VIIRS,n,2,302.18,4.38,D,0
16.43077,73.73132,334.92,0.42,0.38,2023-01-05,812,N,VIIRS,n,2,303.92,9.53,D,0
16.43422,73.73077,342.98,0.42,0.38,2023-01-05,812,N,VIIRS,n,2,303.25,7.88,D,0
16.46854,73.60374,333.4,0.42,0.38,2023-01-05,812,N,VIIRS,n,2,301.95,3.54,D,0
17.56334,81.16752,332.27,0.41,0.45,2023-01-05,812,N,VIIRS,n,2,296.51,2.74,D,0
16.67779,74.62379,331.76,0.4,0.37,2023-01-05,812,N,VIIRS,l,2,302.58,3.72,D,0
17.07193,76.62493,334.81,0.39,0.36,2023-01-05,812,N,VIIRS,n,2,304.14,3.22,D,0
17.06662,76.29805,332.28,0.39,0.36,2023-01-05,812,N,VIIRS,n,2,300.43,1.49,D,0
16.80325,74.50351,333.33,0.4,0.37,2023-01-05,812,N,VIIRS,n,2,302.81,1.81,D,0
17.3857,77.82523,345.27,0.42,0.37,2023-01-05,812,N,VIIRS,n,2,305.37,8.32,D,0
17.30498,76.2178,336.24,0.39,0.36,2023-01-05,812,N,VIIRS,n,2,305.79,3.32,D,0
17.86888,79.89579,335.14,0.52,0.42,2023-01-05,812,N,VIIRS,n,2,299.05,5.07,D,0
18.42768,83.99314,331.29,0.63,0.54,2023-01-05,812,N,VIIRS,n,2,294.71,3.41,D,0
17.97646,79.95319,335.93,0.53,0.42,2023-01-05,812,N,VIIRS,n,2,298.09,6.11,D,0
17.15021,74.07397,333.09,0.4,0.37,2023-01-05,812,N,VIIRS,n,2,301.81,4.54,D,0
17.14992,74.07056,332.99,0.4,0.37,2023-01-05,812,N,VIIRS,n,2,300.31,3.97,D,0
18.04117,79.92655,340.96,0.52,0.42,2023-01-05,812,N,VIIRS,n,2,298.87,10.77,D,0
17.62752,76.91553,330.1,0.4,0.37,2023-01-05,812,N,VIIRS,n,2,304.52,1.72,D,0
17.43788,75.50839,334.58,0.38,0.36,2023-01-05,812,N,VIIRS,n,2,303.1,2.59,D,0
17.55062,76.1182,333.1,0.39,0.36,2023-01-05,812,N,VIIRS,l,2,303.72,4.14,D,0
17.21498,73.6318,335.35,0.42,0.37,2023-01-05,812,N,VIIRS,n,2,302.06,4.01,D,0
17.79812,77.32377,332.76,0.41,0.37,2023-01-05,812,N,VIIRS,n,2,303.73,3.98,D,0
17.27916,73.85316,331.25,0.41,0.37,2023-01-05,812,N,VIIRS,n,2,299.48,4.57,D,0
17.30641,74.00048,344.53,0.41,0.37,2023-01-05,812,N,VIIRS,n,2,302.28,5.77,D,0
17.69063,76.46755,335.46,0.39,0.36,2023-01-05,812,N,VIIRS,n,2,303.41,4.26,D,0
17.76943,76.9576,334.6,0.4,0.37,2023-01-05,812,N,VIIRS,n,2,303.88,2.83,D,0
17.54137,75.4095,340.76,0.38,0.36,2023-01-05,812,N,VIIRS,n,2,305.19,5.1,D,0
17.62653,75.85743,331.18,0.38,0.36,2023-01-05,812,N,VIIRS,l,2,305.93,1.18,D,0
17.86025,77.36877,330.58,0.41,0.37,2023-01-05,812,N,VIIRS,n,2,302.04,3.31,D,0
17.54131,75.12733,341.62,0.39,0.36,2023-01-05,812,N,VIIRS,n,2,300.83,5.75,D,0
18.64847,83.54954,327.79,0.6,0.53,2023-01-05,812,N,VIIRS,n,2,295.38,3.37,D,0
17.66076,75.08823,334.38,0.39,0.36,2023-01-05,812,N,VIIRS,n,2,302.37,3.31,D,0
19.09023,84.62763,343.61,0.35,0.57,2023-01-05,812,N,VIIRS,n,2,293.97,4.62,D,0
17.61778,73.63353,340.22,0.41,0.37,2023-01-05,812,N,VIIRS,n,2,303.42,19.39,D,0
19.08906,84.62672,340.67,0.35,0.57,2023-01-05,812,N,VIIRS,n,2,294.0,5.11,D,0
19.1074,84.64903,343.12,0.36,0.57,2023-01-05,812,N,VIIRS,n,2,294.19,6.55,D,0
19.11271,84.64845,335.74,0.36,0.57,2023-01-05,812,N,VIIRS,n,2,292.87,5.39,D,0
18.01894,75.70261,333.64,0.38,0.36,2023-01-05,812,N,VIIRS,n,2,301.73,1.27,D,0
18.2434,76.85905,330.03,0.4,0.37,2023-01-05,812,N,VIIRS,l,2,301.59,4.86,D,0
18.27271,75.12834,331.53,0.38,0.36,2023-01-05,812,N,VIIRS,n,2,301.45,1.58,D,0
18.03803,73.46796,348.26,0.41,0.37,2023-01-05,812,N,VIIRS,n,2,303.2,8.09,D,0
18.05434,73.41694,338.0,0.42,0.37,2023-01-05,812,N,VIIRS,n,2,302.8,7.26,D,0
18.39639,75.49415,340.03,0.38,0.36,2023-01-05,812,N,VIIRS,n,2,303.52,4.4,D,0
18.17999,73.97635,348.35,0.4,0.37,2023-01-05,812,N,VIIRS,n,2,305.77,10.55,D,0
18.38955,75.13868,334.69,0.38,0.36,2023-01-05,812,N,VIIRS,n,2,303.94,13.75,D,0
18.82108,78.05275,333.53,0.44,0.38,2023-01-05,812,N,VIIRS,n,2,297.74,5.35,D,0
18.07812,73.0368,338.92,0.43,0.38,2023-01-05,812,N,VIIRS,n,2,304.41,5.21,D,0
18.85279,78.12889,331.68,0.44,0.38,2023-01-05,812,N,VIIRS,n,2,297.47,5.21,D,0
18.50044,74.74194,333.93,0.39,0.36,2023-01-05,812,N,VIIRS,n,2,301.08,1.98,D,0
19.61074,82.50198,328.61,0.52,0.5,2023-01-05,812,N,VIIRS,n,2,296.06,3.95,D,0
18.59787,74.84842,334.19,0.39,0.36,2023-01-05,812,N,VIIRS,n,2,302.31,3.65,D,0
18.33089,73.14458,335.45,0.42,0.38,2023-01-05,812,N,VIIRS,n,2,301.45,2.51,D,0
19.25583,79.25874,335.25,0.5,0.41,2023-01-05,812,N,VIIRS,n,2,295.51,3.33,D,0
18.48791,73.67567,331.21,0.41,0.37,2023-01-05,812,N,VIIRS,n,2,297.21,5.53,D,0
18.42845,73.01241,340.15,0.43,0.38,2023-01-05,812,N,VIIRS,n,2,304.21,6.84,D,0
18.64755,74.19056,335.68,0.39,0.37,2023-01-05,812,N,VIIRS,n,2,298.62,3.94,D,0
18.52318,73.22079,331.21,0.42,0.38,2023-01-05,812,N,VIIRS,n,2,298.21,1.18,D,0
18.52662,73.22016,336.32,0.42,0.38,2023-01-05,812,N,VIIRS,n,2,299.0,4.74,D,0
21.15362,75.16514,331.11,0.39,0.36,2023-01-05,813,N,VIIRS,n,2,292.14,2.72,D,0
20.24295,86.28478,327.14,0.47,0.64,2023-01-05,813,N,VIIRS,n,2,293.65,2.74,D,0
18.73486,73.92878,333.48,0.4,0.37,2023-01-05,813,N,VIIRS,n,2,301.92,3.18,D,0
19.25029,76.04919,332.1,0.39,0.36,2023-01-05,813,N,VIIRS,n,2,298.19,1.88,D,0
19.29015,76.29662,346.9,0.39,0.36,2023-01-05,813,N,VIIRS,n,2,302.25,19.18,D,0
18.83166,73.29099,334.49,0.41,0.37,2023-01-05,813,N,VIIRS,n,2,302.64,3.92,D,0
19.20234,75.63654,330.79,0.38,0.36,2023-01-05,813,N,VIIRS,n,2,297.86,1.41,D,0
19.54067,77.64124,331.97,0.43,0.38,2023-01-05,813,N,VIIRS,n,2,291.89,2.19,D,0
18.92952,73.35376,346.36,0.41,0.37,2023-01-05,813,N,VIIRS,n,2,302.62,5.28,D,0
18.85931,72.92697,334.67,0.43,0.38,2023-01-05,813,N,VIIRS,n,2,301.44,3.02,D,2
19.31281,75.78644,332.79,0.39,0.36,2023-01-05,813,N,VIIRS,n,2,298.35,1.81,D,0
19.36535,76.07159,340.75,0.39,0.36,2023-01-05,813,N,VIIRS,n,2,295.83,2.88,D,0
19.28776,75.43884,334.88,0.38,0.36,2023-01-05,813,N,VIIRS,n,2,297.28,2.91,D,0
19.43209,75.43307,333.29,0.38,0.36,2023-01-05,813,N,VIIRS,n,2,298.41,2.21,D,0
19.45083,75.46732,338.97,0.38,0.36,2023-01-05,813,N,VIIRS,n,2,299.39,3.8,D,0
19.39943,75.1284,330.13,0.38,0.36,2023-01-05,813,N,VIIRS,n,2,298.38,1.98,D,0
20.83337,86.96712,327.89,0.53,0.67,2023-01-05,813,N,VIIRS,n,2,294.21,3.72,D,3
20.83293,86.96187,328.32,0.53,0.67,2023-01-05,813,N,VIIRS,n,2,294.54,3.72,D,0
19.13602,73.09518,330.09,0.42,0.38,2023-01-05,813,N,VIIRS,l,2,302.53,5.48,D,0
19.13946,73.09455,340.05,0.42,0.38,2023-01-05,813,N,VIIRS,n,2,301.87,5.48,D,0
19.33542,74.2977,332.45,0.39,0.36,2023-01-05,813,N,VIIRS,n,2,299.17,2.49,D,0
19.57727,75.72691,332.93,0.39,0.36,2023-01-05,813,N,VIIRS,n,2,298.15,3.13,D,0
20.79623,85.25384,327.91,0.41,0.6,2023-01-05,813,N,VIIRS,n,2,293.0,2.46,D,2
20.96637,86.01374,355.6,0.46,0.63,2023-01-05,813,N,VIIRS,n,2,296.1,9.12,D,2
19.61841,74.94444,334.98,0.38,0.36,2023-01-05,813,N,VIIRS,n,2,300.33,5.87,D,0
19.61729,74.93713,340.24,0.38,0.36,2023-01-05,813,N,VIIRS,n,2,300.68,7.07,D,0
19.44557,73.51607,333.92,0.4,0.37,2023-01-05,813,N,VIIRS,n,2,300.07,1.89,D,0
19.44933,73.51585,344.89,0.4,0.37,2023-01-05,813,N,VIIRS,n,2,297.67,9.04,D,0
19.7287,74.91441,331.89,0.38,0.36,2023-01-05,813,N,VIIRS,n,2,298.75,2.14,D,0
20.92434,83.92747,338.66,0.34,0.56,2023-01-05,813,N,VIIRS,n,2,294.19,3.03,D,0
20.92559,83.92592,332.46,0.34,0.56,2023-01-05,813,N,VIIRS,n,2,293.77,2.63,D,0
21.07617,85.04219,328.0,0.4,0.6,2023-01-05,813,N,VIIRS,n,2,292.89,4.75,D,2
21.03134,83.7706,325.61,0.33,0.55,2023-01-05,813,N,VIIRS,n,2,293.91,3.36,D,0
21.04063,83.75969,329.13,0.33,0.55,2023-01-05,813,N,VIIRS,n,2,294.22,2.51,D,0
19.66057,73.15895,332.38,0.41,0.37,2023-01-05,813,N,VIIRS,n,2,299.74,1.82,D,0
21.07229,83.61453,331.43,0.32,0.55,2023-01-05,813,N,VIIRS,n,2,293.1,2.07,D,0
21.10167,83.84814,336.79,0.33,0.56,2023-01-05,813,N,VIIRS,n,2,293.43,2.5,D,0
20.00571,75.13249,333.02,0.38,0.36,2023-01-05,813,N,VIIRS,n,2,298.39,5.54,D,0
20.00902,75.13193,332.6,0.38,0.36,2023-01-05,813,N,VIIRS,n,2,298.73,5.54,D,0
20.93804,82.03775,328.54,0.51,0.49,2023-01-05,813,N,VIIRS,n,2,295.24,8.88,D,0
20.93748,82.03283,342.17,0.51,0.49,2023-01-05,813,N,VIIRS,n,2,294.61,7.53,D,0
20.94376,82.04705,339.6,0.51,0.49,2023-01-05,813,N,VIIRS,n,2,295.55,7.18,D,0
20.93776,82.03479,349.52,0.51,0.49,2023-01-05,813,N,VIIRS,n,2,295.48,8.06,D,0
21.10421,83.59307,326.58,0.32,0.55,2023-01-05,813,N,VIIRS,n,2,293.26,1.35,D,0
20.94394,82.04903,337.43,0.51,0.49,2023-01-05,813,N,VIIRS,n,2,294.92,4.1,D,0
21.13532,83.80322,333.46,0.33,0.55,2023-01-05,813,N,VIIRS,n,2,293.33,1.99,D,0
19.94746,74.42415,332.16,0.39,0.36,2023-01-05,813,N,VIIRS,n,2,297.89,3.57,D,0
21.19316,83.7575,329.87,0.33,0.55,2023-01-05,813,N,VIIRS,n,2,293.44,1.22,D,0
21.23182,83.82882,333.57,0.33,0.56,2023-01-05,813,N,VIIRS,n,2,292.89,2.6,D,0
21.23288,83.82812,326.82,0.33,0.56,2023-01-05,813,N,VIIRS,n,2,292.44,1.76,D,0
21.25872,83.93198,331.72,0.34,0.56,2023-01-05,813,N,VIIRS,n,2,293.46,2.68,D,0
21.28069,83.83613,327.68,0.33,0.56,2023-01-05,813,N,VIIRS,n,2,292.73,2.35,D,0
21.27697,83.74744,326.62,0.33,0.55,2023-01-05,813,N,VIIRS,n,2,292.9,1.27,D,0
20.04744,74.11063,331.88,0.39,0.36,2023-01-05,813,N,VIIRS,n,2,299.38,2.51,D,0
20.05077,74.11005,332.13,0.39,0.36,2023-01-05,813,N,VIIRS,n,2,297.18,6.39,D,0
21.40158,83.87807,328.99,0.34,0.56,2023-01-05,813,N,VIIRS,n,2,291.68,1.16,D,0
21.21747,82.09166,329.74,0.52,0.5,2023-01-05,813,N,VIIRS,n,2,294.37,4.79,D,0
20.50908,74.81598,332.13,0.38,0.36,2023-01-05,813,N,VIIRS,n,2,295.71,1.6,D,0
20.5794,75.01424,338.5,0.38,0.36,2023-01-05,813,N,VIIRS,n,2,296.4,5.23,D,0
21.463,81.54952,325.86,0.48,0.48,2023-01-05,813,N,VIIRS,n,2,291.62,1.65,D,0
20.64351,75.12383,332.47,0.38,0.36,2023-01-05,813,N,VIIRS,n,2,296.79,4.16,D,0
21.70597,83.38873,328.35,0.63,0.54,2023-01-05,813,N,VIIRS,n,2,291.7,5.03,D,0
21.70519,83.3888,327.02,0.63,0.54,2023-01-05,813,N,VIIRS,n,2,291.42,3.42,D,0
21.69843,82.77634,330.77,0.58,0.52,2023-01-05,813,N,VIIRS,n,2,291.63,3.45,D,0
21.91026,84.09802,333.89,0.35,0.57,2023-01-05,813,N,VIIRS,n,2,291.19,2.7,D,0
21.7672,82.46754,326.07,0.55,0.51,2023-01-05,813,N,VIIRS,n,2,291.93,3.37,D,0
21.84925,82.41694,336.85,0.55,0.51,2023-01-05,813,N,VIIRS,n,2,291.86,5.31,D,0
21.92558,83.06337,326.88,0.61,0.53,2023-01-05,813,N,VIIRS,n,2,290.05,2.93,D,0
21.87709,82.59113,329.82,0.57,0.52,2023-01-05,813,N,VIIRS,n,2,291.81,4.65,D,0
21.88464,82.47868,345.61,0.56,0.51,2023-01-05,813,N,VIIRS,n,2,293.07,12.47,D,0
21.87485,82.38661,340.61,0.55,0.51,2023-01-05,813,N,VIIRS,n,2,292.18,9.49,D,0
21.94012,82.63446,331.65,0.57,0.52,2023-01-05,813,N,VIIRS,n,2,291.78,3.91,D,0
21.9929,82.59129,329.87,0.57,0.52,2023-01-05,813,N,VIIRS,n,2,291.04,2.47,D,0
22.02005,82.52637,327.67,0.56,0.52,2023-01-05,813,N,VIIRS,n,2,290.93,3.46,D,0
22.03145,82.27794,328.07,0.54,0.51,2023-01-05,813,N,VIIRS,n,2,291.39,3.59,D,0
22.23873,81.44023,333.9,0.48,0.48,2023-01-05,813,N,VIIRS,n,2,290.94,5.23,D,0
21.09403,72.89496,342.99,0.41,0.37,2023-01-05,813,N,VIIRS,n,2,297.86,6.35,D,0
21.19975,73.37253,330.08,0.4,0.37,2023-01-05,813,N,VIIRS,n,2,297.06,2.18,D,0
21.10614,72.64857,332.52,0.42,0.37,2023-01-05,813,N,VIIRS,n,2,301.82,11.96,D,2
21.10549,72.64459,337.14,0.42,0.37,2023-01-05,813,N,VIIRS,n,2,304.01,11.96,D,2
21.10694,72.632,338.96,0.42,0.37,2023-01-05,813,N,VIIRS,n,2,302.02,5.5,D,2
21.26718,73.38369,330.89,0.4,0.37,2023-01-05,813,N,VIIRS,n,2,296.96,2.36,D,0
21.26867,73.38345,331.78,0.4,0.37,2023-01-05,813,N,VIIRS,n,2,298.23,2.77,D,0
21.16659,72.71943,343.46,0.41,0.37,2023-01-05,813,N,VIIRS,n,2,298.11,2.74,D,0
21.51325,72.7412,334.48,0.41,0.37,2023-01-05,813,N,VIIRS,n,2,299.26,8.84,D,0
21.6303,72.89704,331.57,0.41,0.37,2023-01-05,813,N,VIIRS,n,2,298.58,2.01,D,0
21.63368,72.8964,331.97,0.41,0.37,2023-01-05,813,N,VIIRS,n,2,297.58,2.01,D,0
21.68213,72.53476,334.51,0.41,0.37,2023-01-05,813,N,VIIRS,n,2,301.54,4.06,D,0
21.83584,72.84734,346.82,0.41,0.37,2023-01-05,813,N,VIIRS,n,2,297.72,5.75,D,0
21.83859,72.8428,346.47,0.41,0.37,2023-01-05,813,N,VIIRS,n,2,298.12,5.27,D,0
23.56028,87.24059,326.23,0.58,0.7,2023-01-05,813,N,VIIRS,n,2,292.91,3.85,D,2
21.89658,72.9202,350.79,0.4,0.37,2023-01-05,813,N,VIIRS,n,2,297.71,8.75,D,0
21.89595,72.91632,354.43,0.4,0.37,2023-01-05,813,N,VIIRS,n,2,297.73,7.8,D,0
21.89743,72.90402,342.19,0.4,0.37,2023-01-05,813,N,VIIRS,n,2,296.85,2.87,D,0
21.87181,72.68304,340.86,0.41,0.37,2023-01-05,813,N,VIIRS,n,2,298.59,3.15,D,0
21.87116,72.67909,336.78,0.41,0.37,2023-01-05,813,N,VIIRS,n,2,298.47,2.1,D,0
22.80783,79.04047,342.01,0.53,0.42,2023-01-05,813,N,VIIRS,n,2,292.43,7.1,D,0
22.8117,79.03993,325.62,0.53,0.42,2023-01-05,813,N,VIIRS,n,2,290.19,7.1,D,0
22.86382,79.26435,330.46,0.55,0.43,2023-01-05,813,N,VIIRS,n,2,292.09,2.8,D,0
22.83999,79.14008,329.87,0.54,0.42,2023-01-05,813,N,VIIRS,n,2,291.03,4.18,D,0
22.86251,79.26179,329.98,0.55,0.43,2023-01-05,813,N,VIIRS,n,2,290.95,3.65,D,0
22.81446,78.5519,333.39,0.5,0.41,2023-01-05,813,N,VIIRS,n,2,291.46,8.69,D,0
22.87906,79.03817,334.5,0.53,0.42,2023-01-05,813,N,VIIRS,n,2,291.94,4.77,D,0
22.00863,72.94321,341.56,0.4,0.37,2023-01-05,813,N,VIIRS,n,2,296.47,3.32,D,0
22.008,72.93934,344.47,0.4,0.37,2023-01-05,813,N,VIIRS,n,2,297.02,3.32,D,0
22.00529,72.87985,339.91,0.4,0.37,2023-01-05,813,N,VIIRS,n,2,297.53,5.83,D,0
23.68371,86.39328,338.3,0.52,0.67,2023-01-05,813,N,VIIRS,n,2,297.13,6.21,D,2
23.68225,86.39565,337.94,0.52,0.67,2023-01-05,813,N,VIIRS,n,2,295.81,6.19,D,2
23.02766,79.50985,335.15,0.57,0.43,2023-01-05,813,N,VIIRS,n,2,293.24,6.03,D,0
23.065,79.51608,329.73,0.57,0.43,2023-01-05,813,N,VIIRS,n,2,293.19,3.51,D,0
23.05283,79.41605,333.61,0.56,0.43,2023-01-05,813,N,VIIRS,n,2,294.61,7.21,D,0
23.00891,78.96416,342.45,0.53,0.42,2023-01-05,813,N,VIIRS,n,2,293.22,6.06,D,0
23.79181,86.35425,332.0,0.52,0.67,2023-01-05,813,N,VIIRS,n,2,297.47,5.3,D,2
23.78008,86.20972,325.52,0.51,0.66,2023-01-05,813,N,VIIRS,l,2,296.33,5.57,D,2
22.74503,72.18284,336.39,0.42,0.37,2023-01-05,814,N,VIIRS,n,2,295.99,5.13,D,0
24.09403,80.54025,328.57,0.45,0.47,2023-01-05,814,N,VIIRS,n,2,298.0,1.89,D,0
22.75479,69.55835,351.6,0.54,0.42,2023-01-05,814,N,VIIRS,n,2,309.07,35.37,D,3
23.27979,72.2806,332.82,0.41,0.37,2023-01-05,814,N,VIIRS,n,2,296.11,3.5,D,0
24.50219,77.20425,326.11,0.45,0.39,2023-01-05,814,N,VIIRS,l,2,299.33,3.55,D,0
24.21955,74.84921,329.61,0.39,0.36,2023-01-05,814,N,VIIRS,l,2,302.52,3.55,D,0
23.37652,69.32301,331.87,0.55,0.42,2023-01-05,814,N,VIIRS,n,2,298.61,2.47,D,0
24.68592,72.26978,331.55,0.4,0.37,2023-01-05,814,N,VIIRS,n,2,298.98,1.15,D,0
25.66788,78.48337,330.2,0.54,0.42,2023-01-05,814,N,VIIRS,n,2,294.0,4.71,D,0
25.78223,76.91241,331.33,0.45,0.39,2023-01-05,814,N,VIIRS,n,2,298.33,1.8,D,0
25.75955,73.47865,343.27,0.38,0.36,2023-01-05,814,N,VIIRS,n,2,303.59,3.74,D,0
22.14817,72.72512,356.2,0.41,0.37,2023-01-05,814,N,VIIRS,n,2,300.07,6.53,D,0
22.14478,72.72576,347.73,0.41,0.37,2023-01-05,814,N,VIIRS,n,2,298.07,6.53,D,0
22.14882,72.72904,357.31,0.41,0.37,2023-01-05,814,N,VIIRS,l,2,299.71,13.94,D,0
22.1522,72.7284,351.31,0.41,0.37,2023-01-05,814,N,VIIRS,n,2,298.7,9.62,D,0
22.15156,72.72449,347.97,0.41,0.37,2023-01-05,814,N,VIIRS,n,2,300.24,8.87,D,0
22.15817,72.74342,340.94,0.41,0.37,2023-01-05,814,N,VIIRS,n,2,297.99,3.03,D,0
22.1622,72.7467,343.05,0.41,0.37,2023-01-05,814,N,VIIRS,n,2,298.28,5.34,D,0
22.16156,72.74278,349.71,0.41,0.37,2023-01-05,814,N,VIIRS,n,2,297.86,5.34,D,0
23.79591,86.35229,335.93,0.52,0.67,2023-01-05,814,N,VIIRS,n,2,297.42,6.13,D,2
23.80677,86.33022,328.21,0.51,0.66,2023-01-05,814,N,VIIRS,n,2,295.83,4.61,D,2
23.05873,78.57176,333.94,0.51,0.41,2023-01-05,814,N,VIIRS,n,2,292.7,4.56,D,0
23.1353,78.99201,330.53,0.54,0.42,2023-01-05,814,N,VIIRS,n,2,295.64,4.99,D,0
22.24541,72.74309,353.58,0.41,0.37,2023-01-05,814,N,VIIRS,n,2,298.2,7.44,D,0
22.24477,72.73917,336.54,0.41,0.37,2023-01-05,814,N,VIIRS,n,2,297.75,4.72,D,0
22.24752,72.73463,345.98,0.41,0.37,2023-01-05,814,N,VIIRS,n,2,297.8,4.72,D,0
23.13582,78.98949,333.03,0.54,0.42,2023-01-05,814,N,VIIRS,n,2,294.6,5.15,D,0
22.2508,72.73018,348.51,0.41,0.37,2023-01-05,814,N,VIIRS,n,2,297.52,2.98,D,0
22.18324,72.00703,330.5,0.43,0.38,2023-01-05,814,N,VIIRS,n,2,299.32,2.63,D,0
27.49472,71.90652,337.59,0.39,0.36,2023-01-05,815,N,VIIRS,n,2,298.72,2.0,D,0
27.47289,71.98451,336.36,0.39,0.36,2023-01-05,815,N,VIIRS,n,2,298.05,3.65,D,0
27.47416,71.99241,337.97,0.39,0.36,2023-01-05,815,N,VIIRS,n,2,298.19,3.81,D,0
27.46828,71.97728,338.43,0.39,0.36,2023-01-05,815,N,VIIRS,n,2,298.75,2.32,D,0
27.46892,71.98123,343.34,0.39,0.36,2023-01-05,815,N,VIIRS,n,2,298.46,1.95,D,0
27.46955,71.98518,336.69,0.39,0.36,2023-01-05,815,N,VIIRS,n,2,298.89,1.95,D,0
27.46302,71.96609,335.59,0.39,0.36,2023-01-05,815,N,VIIRS,n,2,299.2,2.09,D,0
27.4643,71.97401,347.57,0.39,0.36,2023-01-05,815,N,VIIRS,n,2,299.05,2.32,D,0
27.46494,71.97795,341.56,0.39,0.36,2023-01-05,815,N,VIIRS,n,2,298.58,2.32,D,0
27.46558,71.98191,350.35,0.39,0.36,2023-01-05,815,N,VIIRS,n,2,299.39,1.95,D,0
27.46622,71.98586,350.36,0.39,0.36,2023-01-05,815,N,VIIRS,n,2,298.89,1.95,D,0
27.46033,71.97073,337.88,0.39,0.36,2023-01-05,815,N,VIIRS,n,2,299.6,2.8,D,0
27.46097,71.97468,350.43,0.39,0.36,2023-01-05,815,N,VIIRS,n,2,299.49,2.69,D,0
27.46161,71.97863,347.42,0.39,0.36,2023-01-05,815,N,VIIRS,n,2,299.46,2.69,D,0
27.46225,71.98259,355.19,0.39,0.36,2023-01-05,815,N,VIIRS,n,2,299.39,2.9,D,0
27.45764,71.97535,350.28,0.39,0.36,2023-01-05,815,N,VIIRS,n,2,298.93,2.69,D,0
27.45828,71.97931,351.37,0.39,0.36,2023-01-05,815,N,VIIRS,n,2,298.62,2.69,D,0
27.45892,71.98326,335.54,0.39,0.36,2023-01-05,815,N,VIIRS,n,2,298.43,2.9,D,0
27.35849,80.71423,330.61,0.5,0.49,2023-01-05,815,N,VIIRS,n,2,289.9,2.59,D,0
30.20412,79.12613,349.03,0.44,0.46,2023-01-05,815,N,VIIRS,n,2,299.9,11.08,D,0
30.10931,80.09872,325.66,0.5,0.49,2023-01-05,815,N,VIIRS,n,2,297.68,3.71,D,0
30.10962,80.10205,327.84,0.5,0.49,2023-01-05,815,N,VIIRS,n,2,295.15,3.71,D,0
30.10864,80.10056,326.75,0.5,0.49,2023-01-05,815,N,VIIRS,n,2,295.99,5.24,D,0
29.96033,79.78873,354.84,0.48,0.48,2023-01-05,815,N,VIIRS,n,2,296.1,18.45,D,0
29.96215,79.78758,339.05,0.48,0.48,2023-01-05,815,N,VIIRS,n,2,292.2,9.35,D,0
29.96256,79.79163,338.5,0.48,0.48,2023-01-05,815,N,VIIRS,n,2,289.84,9.35,D,0
29.95187,79.77477,341.43,0.48,0.48,2023-01-05,815,N,VIIRS,n,2,296.36,5.15,D,0
29.83451,79.01685,329.13,0.43,0.46,2023-01-05,815,N,VIIRS,n,2,295.92,1.82,D,0
29.81148,79.21352,325.08,0.44,0.46,2023-01-05,815,N,VIIRS,n,2,297.25,4.23,D,0
29.81194,79.21814,339.53,0.44,0.46,2023-01-05,815,N,VIIRS,n,2,297.76,4.23,D,0
29.6009,79.41093,331.77,0.45,0.47,2023-01-05,815,N,VIIRS,n,2,297.72,4.43,D,0
29.3129,77.25169,329.87,0.51,0.41,2023-01-05,815,N,VIIRS,n,2,287.5,4.02,D,0
29.11799,77.09524,328.12,0.5,0.41,2023-01-05,815,N,VIIRS,n,2,286.31,2.51,D,0
29.06484,77.00401,325.62,0.5,0.41,2023-01-05,815,N,VIIRS,n,2,285.81,2.13,D,0
27.49408,71.90257,342.87,0.39,0.36,2023-01-05,815,N,VIIRS,n,2,299.37,2.0,D,0
27.48019,71.98711,341.3,0.39,0.36,2023-01-05,815,N,VIIRS,n,2,298.12,1.73,D,0
31.11559,77.40121,355.32,0.55,0.42,2023-01-05,816,N,VIIRS,n,2,300.88,13.5,D,0
31.18472,78.04282,331.84,0.4,0.44,2023-01-05,816,N,VIIRS,n,2,299.06,5.68,D,0
31.18088,78.04556,349.56,0.4,0.44,2023-01-05,816,N,VIIRS,n,2,304.22,6.54,D,0
31.17612,78.11879,332.22,0.4,0.44,2023-01-05,816,N,VIIRS,n,2,302.54,4.48,D,0
31.09392,78.11924,351.1,0.4,0.44,2023-01-05,816,N,VIIRS,n,2,298.94,8.54,D,0
31.08968,78.11826,334.39,0.4,0.44,2023-01-05,816,N,VIIRS,n,2,297.11,6.57,D,0
30.78499,77.77201,331.76,0.57,0.43,2023-01-05,816,N,VIIRS,n,2,299.97,7.47,D,0
30.78701,78.94843,334.29,0.44,0.46,2023-01-05,816,N,VIIRS,n,2,293.61,5.9,D,0
29.91094,74.95151,333.36,0.42,0.38,2023-01-05,816,N,VIIRS,n,2,301.3,18.49,D,2
29.90748,74.95211,334.35,0.42,0.38,2023-01-05,816,N,VIIRS,n,2,291.6,18.49,D,2
31.11499,77.39578,348.51,0.55,0.42,2023-01-05,816,N,VIIRS,n,2,306.62,12.69,D,0
31.03442,77.8355,336.36,0.38,0.43,2023-01-05,816,N,VIIRS,n,2,294.94,5.75,D,0
30.99296,77.8287,336.0,0.57,0.43,2023-01-05,816,N,VIIRS,n,2,301.16,10.3,D,0
30.95691,78.409,327.61,0.41,0.45,2023-01-05,816,N,VIIRS,n,2,299.22,4.06,D,0
31.11882,77.39438,334.86,0.55,0.42,2023-01-05,816,N,VIIRS,n,2,294.29,12.69,D,0
31.38622,76.94879,335.25,0.52,0.42,2023-01-05,816,N,VIIRS,n,2,299.83,4.89,D,0
31.6248,76.39933,329.83,0.5,0.41,2023-01-05,816,N,VIIRS,n,2,293.3,3.29,D,0
31.62856,76.3989,331.27,0.5,0.41,2023-01-05,816,N,VIIRS,n,2,294.9,6.83,D,0
31.62581,76.40215,334.89,0.5,0.41,2023-01-05,816,N,VIIRS,n,2,296.12,7.13,D,0
33.01819,75.68672,337.21,0.48,0.4,2023-01-05,816,N,VIIRS,n,2,301.68,4.91,D,0
33.35489,75.77345,342.14,0.48,0.4,2023-01-05,816,N,VIIRS,n,2,290.95,6.43,D,0
33.31961,74.10183,336.94,0.42,0.38,2023-01-05,816,N,VIIRS,n,2,294.21,3.82,D,0
33.74851,74.00488,333.22,0.42,0.38,2023-01-05,817,N,VIIRS,n,2,295.42,3.28,D,0
34.1064,74.1619,347.21,0.43,0.38,2023-01-05,817,N,VIIRS,n,2,293.29,11.16,D,0
34.12216,74.0379,339.25,0.42,0.38,2023-01-05,817,N,VIIRS,n,2,292.76,5.69,D,0
34.29047,74.64323,344.73,0.45,0.39,2023-01-05,817,N,VIIRS,n,2,283.77,6.8,D,0
27.33926,95.48013,295.57,0.4,0.44,2023-01-05,1859,N,VIIRS,n,2,283.56,0.27,N,0
27.60619,95.4025,299.75,0.41,0.45,2023-01-05,1859,N,VIIRS,n,2,284.14,0.51,N,2
27.55737,96.04015,305.04,0.56,0.43,2023-01-05,1859,N,VIIRS,n,2,282.25,1.35,N,2
27.31818,95.26373,304.46,0.41,0.45,2023-01-05,1859,N,VIIRS,n,2,284.13,1.04,N,0
27.31771,95.26789,298.59,0.41,0.45,2023-01-05,1859,N,VIIRS,n,2,284.18,0.95,N,0
27.1905,95.37276,297.43,0.4,0.44,2023-01-05,1859,N,VIIRS,n,2,284.52,0.47,N,0
27.4694,95.42258,299.69,0.4,0.44,2023-01-05,1859,N,VIIRS,n,2,284.56,0.72,N,2
23.77372,86.38164,296.06,0.66,0.73,2023-01-05,1900,N,VIIRS,n,2,283.01,3.69,N,2
23.77831,86.20417,297.57,0.68,0.74,2023-01-05,1900,N,VIIRS,n,2,284.57,2.78,N,2
23.76732,86.3742,296.27,0.66,0.73,2023-01-05,1900,N,VIIRS,n,2,284.16,2.44,N,0
23.76645,86.38752,304.68,0.66,0.73,2023-01-05,1900,N,VIIRS,n,2,287.8,2.6,N,2
23.75918,86.39345,297.59,0.66,0.73,2023-01-05,1900,N,VIIRS,n,2,284.36,2.6,N,2
23.75873,86.40025,306.93,0.66,0.73,2023-01-05,1900,N,VIIRS,n,2,284.56,2.81,N,2
23.75102,86.4132,301.16,0.66,0.73,2023-01-05,1900,N,VIIRS,n,2,282.94,1.42,N,0
23.75059,86.4198,298.48,0.66,0.73,2023-01-05,1900,N,VIIRS,n,2,283.63,1.42,N,2
23.697,87.11993,296.17,0.59,0.7,2023-01-05,1900,N,VIIRS,n,2,283.23,0.83,N,2
23.69125,87.1074,295.54,0.59,0.7,2023-01-05,1900,N,VIIRS,n,2,282.55,2.32,N,2
23.69044,87.11927,305.91,0.59,0.7,2023-01-05,1900,N,VIIRS,n,2,284.17,1.76,N,2
23.72884,86.43764,296.49,0.65,0.73,2023-01-05,1900,N,VIIRS,n,2,284.89,1.62,N,2
23.75778,85.85474,309.32,0.71,0.75,2023-01-05,1900,N,VIIRS,n,2,284.71,2.7,N,2
23.72159,86.4437,299.5,0.65,0.73,2023-01-05,1900,N,VIIRS,n,2,286.04,2.83,N,2
26.44777,94.97412,299.83,0.42,0.45,2023-01-05,1900,N,VIIRS,n,2,281.38,0.63,N,0
25.33494,91.5874,306.22,0.32,0.55,2023-01-05,1900,N,VIIRS,n,2,279.3,0.82,N,0
25.33465,91.59053,303.65,0.32,0.55,2023-01-05,1900,N,VIIRS,n,2,279.36,0.61,N,0
25.32079,91.59455,296.5,0.32,0.55,2023-01-05,1900,N,VIIRS,n,2,280.07,0.2,N,0
23.80519,86.32327,298.56,0.67,0.73,2023-01-05,1900,N,VIIRS,n,2,286.02,1.08,N,2
23.80472,86.33025,300.61,0.66,0.73,2023-01-05,1900,N,VIIRS,n,2,284.07,1.08,N,2
23.79652,86.34965,299.24,0.66,0.73,2023-01-05,1900,N,VIIRS,n,2,285.83,1.66,N,2
23.78012,86.38913,315.25,0.66,0.73,2023-01-05,1900,N,VIIRS,n,2,288.55,2.66,N,2
23.7852,86.20512,309.99,0.68,0.74,2023-01-05,1900,N,VIIRS,n,2,284.38,2.35,N,0
23.77328,86.38832,302.53,0.66,0.73,2023-01-05,1900,N,VIIRS,n,2,286.34,2.66,N,2
23.77331,86.38316,302.75,0.66,0.73,2023-01-05,1901,N,VIIRS,n,2,284.73,1.91,N,2
22.05821,88.12282,299.16,0.49,0.65,2023-01-05,1901,N,VIIRS,n,2,288.41,0.29,N,2
22.06474,88.11852,295.86,0.49,0.65,2023-01-05,1901,N,VIIRS,n,2,285.38,0.29,N,2
22.0529,88.12154,304.84,0.49,0.65,2023-01-05,1901,N,VIIRS,n,2,289.0,1.65,N,2
22.0655,88.11789,300.12,0.49,0.65,2023-01-05,1901,N,VIIRS,n,2,285.58,0.38,N,0
22.3689,87.01716,306.99,0.58,0.7,2023-01-05,1901,N,VIIRS,n,2,286.94,2.85,N,2
22.36844,87.01785,302.99,0.58,0.7,2023-01-05,1901,N,VIIRS,n,2,286.08,1.79,N,2
22.36635,87.29916,302.59,0.56,0.69,2023-01-05,1901,N,VIIRS,n,2,286.05,1.4,N,2
22.38096,87.27801,303.77,0.56,0.69,2023-01-05,1901,N,VIIRS,n,2,286.43,1.21,N,2
22.78808,86.19625,299.66,0.66,0.73,2023-01-05,1901,N,VIIRS,n,2,286.54,5.5,N,2
22.80267,86.08887,302.34,0.67,0.74,2023-01-05,1901,N,VIIRS,n,2,286.0,1.39,N,2
22.80134,86.20387,312.97,0.66,0.73,2023-01-05,1901,N,VIIRS,n,2,285.34,2.22,N,2
22.80244,86.08835,303.16,0.67,0.74,2023-01-05,1901,N,VIIRS,n,2,285.75,2.08,N,2
22.80182,86.20356,304.55,0.66,0.73,2023-01-05,1901,N,VIIRS,n,2,285.19,4.49,N,2
23.55191,87.24351,311.62,0.58,0.7,2023-01-05,1901,N,VIIRS,n,2,285.05,2.51,N,3
23.55887,87.23823,319.19,0.58,0.7,2023-01-05,1901,N,VIIRS,n,2,284.05,2.39,N,2
23.61237,86.7865,300.52,0.62,0.71,2023-01-05,1901,N,VIIRS,n,2,281.85,1.08,N,2
23.67613,86.08678,297.98,0.69,0.74,2023-01-05,1901,N,VIIRS,n,2,281.51,1.59,N,2
23.67661,86.07981,300.91,0.69,0.74,2023-01-05,1901,N,VIIRS,n,2,282.18,1.59,N,2
23.68358,86.08022,296.03,0.69,0.74,2023-01-05,1901,N,VIIRS,n,2,282.31,2.16,N,2
23.55854,87.2386,314.92,0.58,0.7,2023-01-05,1901,N,VIIRS,n,2,283.43,1.72,N,2
23.55895,87.23264,295.07,0.58,0.7,2023-01-05,1901,N,VIIRS,n,2,281.73,1.72,N,2
23.61584,86.78712,304.57,0.62,0.71,2023-01-05,1901,N,VIIRS,n,2,283.92,1.31,N,2
23.67539,86.08617,295.56,0.69,0.74,2023-01-05,1901,N,VIIRS,n,2,281.65,1.63,N,2
23.61129,87.14249,295.07,0.59,0.7,2023-01-05,1901,N,VIIRS,n,2,282.73,1.2,N,0
23.68235,86.08669,295.3,0.69,0.74,2023-01-05,1901,N,VIIRS,n,2,282.86,1.63,N,2
23.6828,86.07965,301.18,0.69,0.74,2023-01-05,1901,N,VIIRS,n,2,282.65,3.47,N,2
23.68303,86.39451,295.97,0.66,0.73,2023-01-05,1901,N,VIIRS,n,2,283.17,1.2,N,2
23.6835,86.3875,301.79,0.66,0.73,2023-01-05,1901,N,VIIRS,n,2,283.41,1.2,N,2
23.69033,86.38827,298.56,0.66,0.73,2023-01-05,1901,N,VIIRS,n,2,284.59,1.2,N,2
23.66725,86.91607,297.33,0.61,0.71,2023-01-05,1901,N,VIIRS,n,2,283.54,1.07,N,2
23.72079,86.44532,301.01,0.65,0.73,2023-01-05,1901,N,VIIRS,n,2,286.12,1.98,N,2
23.76102,85.85027,296.54,0.71,0.75,2023-01-05,1901,N,VIIRS,n,2,281.65,1.64,N,2
23.72807,86.43925,299.89,0.65,0.73,2023-01-05,1901,N,VIIRS,n,2,285.17,3.33,N,2
23.69216,87.12008,309.95,0.59,0.7,2023-01-05,1901,N,VIIRS,n,2,284.88,1.88,N,2
23.69261,87.11417,298.41,0.59,0.7,2023-01-05,1901,N,VIIRS,n,2,282.99,1.88,N,2
23.69305,87.10823,298.79,0.59,0.7,2023-01-05,1901,N,VIIRS,n,2,282.54,2.69,N,2
23.7504,86.41477,307.28,0.66,0.73,2023-01-05,1901,N,VIIRS,n,2,283.8,2.83,N,2
23.7582,86.40187,304.69,0.66,0.73,2023-01-05,1901,N,VIIRS,n,2,283.43,1.38,N,2
23.75869,86.39501,300.79,0.66,0.73,2023-01-05,1901,N,VIIRS,n,2,284.86,1.38,N,2
23.766,86.38905,306.97,0.66,0.73,2023-01-05,1901,N,VIIRS,n,2,287.79,1.91,N,2
23.77896,86.20616,308.08,0.68,0.74,2023-01-05,1901,N,VIIRS,n,2,284.1,1.68,N,2
23.77283,86.38982,297.77,0.66,0.73,2023-01-05,1901,N,VIIRS,n,2,286.52,1.91,N,2
23.78585,86.20703,307.16,0.68,0.74,2023-01-05,1901,N,VIIRS,n,2,283.45,1.68,N,0
22.05211,88.12219,303.57,0.49,0.65,2023-01-05,1901,N,VIIRS,n,2,288.97,1.12,N,2
22.21276,84.86895,296.75,0.79,0.78,2023-01-05,1901,N,VIIRS,n,2,286.37,1.64,N,2
22.21281,84.87279,301.61,0.79,0.78,2023-01-05,1901,N,VIIRS,n,2,286.43,2.43,N,2
21.93281,85.22058,296.44,0.75,0.77,2023-01-05,1901,N,VIIRS,n,2,284.08,0.88,N,2
21.93142,85.216,296.7,0.75,0.77,2023-01-05,1901,N,VIIRS,n,2,284.02,1.71,N,2
21.07815,85.03024,298.08,0.76,0.77,2023-01-05,1901,N,VIIRS,n,2,285.66,1.3,N,2
21.07762,85.03771,299.05,0.75,0.77,2023-01-05,1901,N,VIIRS,n,2,285.9,1.3,N,2
20.95324,86.04708,297.08,0.65,0.73,2023-01-05,1901,N,VIIRS,n,2,286.72,1.2,N,2
20.94596,86.05241,299.73,0.65,0.73,2023-01-05,1901,N,VIIRS,n,2,287.22,1.75,N,2
20.83822,86.95777,306.77,0.57,0.69,2023-01-05,1901,N,VIIRS,n,2,288.39,2.54,N,0
20.83775,86.96338,314.95,0.57,0.69,2023-01-05,1901,N,VIIRS,n,2,288.21,2.24,N,3
20.97172,85.16501,297.27,0.74,0.76,2023-01-05,1901,N,VIIRS,n,2,286.88,2.78,N,2
20.96401,85.17206,308.02,0.74,0.76,2023-01-05,1901,N,VIIRS,n,2,287.26,2.78,N,2
20.96348,85.17946,298.79,0.74,0.76,2023-01-05,1901,N,VIIRS,n,2,286.68,1.5,N,2
20.96295,85.18672,297.68,0.74,0.76,2023-01-05,1901,N,VIIRS,n,2,286.52,1.5,N,2
20.79761,85.251,299.56,0.73,0.76,2023-01-05,1901,N,VIIRS,n,2,285.7,2.46,N,2
20.80787,85.2528,302.24,0.73,0.76,2023-01-05,1901,N,VIIRS,n,2,286.41,1.64,N,2
20.79365,85.25176,301.33,0.73,0.76,2023-01-05,1901,N,VIIRS,n,2,286.64,2.23,N,2
20.25994,86.59761,333.92,0.59,0.7,2023-01-05,1901,N,VIIRS,n,2,287.96,3.79,N,0
32.71299,75.85109,314.05,0.4,0.37,2023-01-05,2039,N,VIIRS,n,2,276.68,1.58,N,0
32.70966,75.85029,323.72,0.4,0.37,2023-01-05,2039,N,VIIRS,n,2,275.43,1.58,N,0
31.88298,77.18504,297.42,0.38,0.36,2023-01-05,2039,N,VIIRS,n,2,274.31,0.59,N,0
31.74522,77.22044,302.36,0.38,0.36,2023-01-05,2039,N,VIIRS,n,2,275.04,1.16,N,0
31.74257,77.21577,325.61,0.38,0.36,2023-01-05,2039,N,VIIRS,n,2,276.8,1.4,N,0
31.74321,77.21178,295.79,0.38,0.36,2023-01-05,2039,N,VIIRS,n,2,276.17,1.4,N,0
31.73928,77.21507,304.86,0.38,0.36,2023-01-05,2039,N,VIIRS,n,2,275.41,1.07,N,0
31.73864,77.21906,308.34,0.38,0.36,2023-01-05,2039,N,VIIRS,n,2,275.1,1.13,N,0
31.38405,76.95114,312.46,0.38,0.36,2023-01-05,2039,N,VIIRS,n,2,279.86,1.53,N,0
31.38266,76.93843,306.9,0.38,0.36,2023-01-05,2039,N,VIIRS,n,2,279.32,0.65,N,0
31.32838,76.89491,307.59,0.38,0.36,2023-01-05,2039,N,VIIRS,n,2,281.77,1.09,N,2
31.2598,77.19903,327.25,0.38,0.36,2023-01-05,2039,N,VIIRS,n,2,278.95,2.82,N,0
31.09225,78.15945,303.35,0.39,0.36,2023-01-05,2039,N,VIIRS,n,2,276.13,0.81,N,0
31.08872,78.1804,296.17,0.39,0.36,2023-01-05,2039,N,VIIRS,n,2,277.06,1.35,N,0
31.08978,78.11258,300.12,0.39,0.36,2023-01-05,2039,N,VIIRS,n,2,278.69,0.69,N,0
31.10949,77.81564,308.29,0.39,0.36,2023-01-05,2039,N,VIIRS,n,2,273.6,1.49,N,0
31.09491,77.80027,330.13,0.39,0.36,2023-01-05,2039,N,VIIRS,n,2,278.3,3.66,N,0
31.09623,77.7923,311.89,0.39,0.36,2023-01-05,2039,N,VIIRS,n,2,276.8,1.48,N,0
31.09159,77.79965,309.14,0.39,0.36,2023-01-05,2039,N,VIIRS,n,2,275.79,3.66,N,0
31.06581,77.83135,305.78,0.39,0.36,2023-01-05,2039,N,VIIRS,n,2,276.98,1.26,N,0
31.06248,77.83073,314.12,0.39,0.36,2023-01-05,2039,N,VIIRS,n,2,277.89,1.68,N,0
31.10774,77.4073,343.47,0.39,0.36,2023-01-05,2039,N,VIIRS,n,2,278.18,2.9,N,0
31.10839,77.4033,316.93,0.39,0.36,2023-01-05,2039,N,VIIRS,n,2,275.89,2.9,N,0
31.10709,77.41132,297.43,0.39,0.36,2023-01-05,2039,N,VIIRS,n,2,275.4,0.57,N,0
31.10379,77.41066,304.0,0.39,0.36,2023-01-05,2039,N,VIIRS,n,2,275.15,1.03,N,0
30.9771,77.89579,302.0,0.39,0.36,2023-01-05,2039,N,VIIRS,n,2,278.43,1.07,N,0
30.7587,78.48938,298.22,0.4,0.37,2023-01-05,2039,N,VIIRS,n,2,279.35,0.74,N,0
30.84904,77.8688,317.08,0.39,0.36,2023-01-05,2039,N,VIIRS,n,2,275.72,1.2,N,0
30.81087,78.03638,312.82,0.39,0.36,2023-01-05,2039,N,VIIRS,n,2,277.36,1.16,N,0
30.86039,77.71696,311.24,0.39,0.36,2023-01-05,2039,N,VIIRS,n,2,277.7,1.95,N,0
30.41855,78.36358,300.21,0.4,0.37,2023-01-05,2040,N,VIIRS,n,2,278.69,0.69,N,0
30.04241,80.18305,325.88,0.46,0.39,2023-01-05,2040,N,VIIRS,n,2,275.85,2.25,N,0
30.04325,80.17857,314.91,0.46,0.39,2023-01-05,2040,N,VIIRS,n,2,275.57,2.91,N,0
30.04155,80.18137,332.15,0.46,0.39,2023-01-05,2040,N,VIIRS,n,2,278.14,6.21,N,0
29.9482,80.5438,295.02,0.48,0.4,2023-01-05,2040,N,VIIRS,n,2,277.13,0.34,N,0
30.20098,79.13262,297.44,0.42,0.38,2023-01-05,2040,N,VIIRS,n,2,277.64,0.91,N,0
29.60812,79.42142,321.45,0.44,0.38,2023-01-05,2040,N,VIIRS,n,2,277.84,2.06,N,0
29.91337,74.94958,295.64,0.4,0.37,2023-01-05,2040,N,VIIRS,n,2,278.2,0.5,N,2
29.91,74.94894,350.25,0.4,0.37,2023-01-05,2040,N,VIIRS,n,2,281.55,16.11,N,2
29.9106,74.94482,298.39,0.4,0.37,2023-01-05,2040,N,VIIRS,n,2,278.33,16.11,N,2
27.66857,76.13011,302.7,0.38,0.36,2023-01-05,2040,N,VIIRS,n,2,280.06,0.78,N,2
27.82643,73.22171,295.46,0.43,0.38,2023-01-05,2040,N,VIIRS,n,2,280.51,0.73,N,0
26.95205,75.7507,295.84,0.38,0.36,2023-01-05,2041,N,VIIRS,n,2,278.33,0.41,N,0
26.76149,74.79066,298.18,0.39,0.36,2023-01-05,2041,N,VIIRS,n,2,271.19,0.42,N,0
26.87445,73.51688,297.96,0.42,0.37,2023-01-05,2041,N,VIIRS,n,2,279.2,0.84,N,2
26.57658,74.97977,295.36,0.39,0.36,2023-01-05,2041,N,VIIRS,n,2,273.42,0.57,N,0
26.27213,74.18835,296.76,0.4,0.37,2023-01-05,2041,N,VIIRS,n,2,281.58,0.68,N,2
23.80829,86.31911,295.14,0.44,0.63,2023-01-05,2041,N,VIIRS,n,2,284.94,1.34,N,2
23.80626,86.32758,319.0,0.44,0.63,2023-01-05,2041,N,VIIRS,n,2,286.83,3.22,N,2
23.80523,86.33184,295.96,0.44,0.63,2023-01-05,2041,N,VIIRS,n,2,282.1,1.61,N,2
23.8049,86.32965,326.27,0.44,0.63,2023-01-05,2041,N,VIIRS,n,2,287.7,1.71,N,2
23.80787,86.31689,298.54,0.44,0.63,2023-01-05,2041,N,VIIRS,n,2,286.67,1.55,N,2
23.80589,86.3254,296.55,0.44,0.63,2023-01-05,2041,N,VIIRS,n,2,285.37,1.71,N,2
23.79411,86.34995,334.62,0.45,0.63,2023-01-05,2041,N,VIIRS,n,2,288.81,2.96,N,2
23.79312,86.35421,315.66,0.45,0.63,2023-01-05,2041,N,VIIRS,n,2,285.06,2.96,N,2
23.78398,86.39328,296.5,0.45,0.63,2023-01-05,2041,N,VIIRS,n,2,283.16,0.78,N,2
23.78336,86.37005,295.59,0.45,0.63,2023-01-05,2041,N,VIIRS,n,2,282.11,1.61,N,2
23.78235,86.37434,305.83,0.45,0.63,2023-01-05,2041,N,VIIRS,n,2,282.91,1.07,N,2
23.77828,86.39172,300.17,0.45,0.63,2023-01-05,2041,N,VIIRS,n,2,285.72,0.78,N,2
23.77724,86.39617,299.01,0.45,0.63,2023-01-05,2041,N,VIIRS,n,2,284.91,0.78,N,2
23.7858,86.33379,312.55,0.44,0.63,2023-01-05,2041,N,VIIRS,n,2,287.18,1.77,N,2
23.78274,86.34682,305.08,0.45,0.63,2023-01-05,2041,N,VIIRS,n,2,284.54,1.29,N,2
23.7736,86.38582,306.2,0.45,0.63,2023-01-05,2041,N,VIIRS,n,2,284.83,2.26,N,2
23.77256,86.39024,299.56,0.45,0.63,2023-01-05,2041,N,VIIRS,n,2,286.36,1.95,N,2
23.76947,86.40341,295.62,0.45,0.63,2023-01-05,2041,N,VIIRS,n,2,284.61,2.15,N,0
23.78619,86.30634,302.86,0.44,0.63,2023-01-05,2041,N,VIIRS,n,2,283.68,1.15,N,2
23.76581,86.39314,306.74,0.45,0.63,2023-01-05,2041,N,VIIRS,n,2,288.36,1.95,N,2
23.79672,86.23572,296.24,0.44,0.62,2023-01-05,2041,N,VIIRS,n,2,282.14,0.89,N,2
23.75907,86.39599,299.65,0.45,0.63,2023-01-05,2041,N,VIIRS,n,2,284.14,1.49,N,2
23.75805,86.40029,315.6,0.45,0.63,2023-01-05,2041,N,VIIRS,n,2,284.35,1.49,N,2
23.75704,86.40459,295.85,0.45,0.63,2023-01-05,2041,N,VIIRS,n,2,282.15,1.04,N,2
23.55845,87.23695,299.46,0.51,0.66,2023-01-05,2041,N,VIIRS,n,2,280.96,2.12,N,2
23.74718,86.42062,295.26,0.45,0.63,2023-01-05,2041,N,VIIRS,n,2,281.99,0.82,N,2
23.78489,86.20937,297.08,0.44,0.62,2023-01-05,2041,N,VIIRS,n,2,281.36,0.59,N,0
23.72845,86.44829,299.72,0.45,0.63,2023-01-05,2041,N,VIIRS,n,2,284.11,1.03,N,2
23.77922,86.20793,298.15,0.44,0.62,2023-01-05,2041,N,VIIRS,n,2,283.34,1.4,N,2
23.77455,86.20227,296.2,0.44,0.62,2023-01-05,2041,N,VIIRS,n,2,283.88,1.92,N,2
23.77354,86.20655,297.92,0.44,0.62,2023-01-05,2041,N,VIIRS,n,2,282.77,1.4,N,2
23.61761,86.86037,295.49,0.48,0.65,2023-01-05,2041,N,VIIRS,n,2,281.79,0.6,N,2
23.48328,87.3606,295.9,0.52,0.67,2023-01-05,2041,N,VIIRS,n,2,283.04,1.03,N,2
23.61601,86.78928,305.09,0.48,0.64,2023-01-05,2041,N,VIIRS,n,2,283.84,1.47,N,2
23.6864,86.39472,322.41,0.45,0.63,2023-01-05,2041,N,VIIRS,n,2,283.91,1.58,N,2
23.68742,86.39047,314.44,0.45,0.63,2023-01-05,2041,N,VIIRS,n,2,286.01,4.67,N,2
23.68066,86.39326,311.38,0.45,0.63,2023-01-05,2041,N,VIIRS,n,2,283.85,1.58,N,2
23.67961,86.39761,300.34,0.45,0.63,2023-01-05,2041,N,VIIRS,n,2,284.53,1.58,N,2
23.6135,86.78727,302.21,0.48,0.64,2023-01-05,2041,N,VIIRS,n,2,282.52,1.71,N,2
23.68716,86.39337,323.49,0.45,0.63,2023-01-05,2041,N,VIIRS,n,2,285.42,2.11,N,2
23.68814,86.38916,305.94,0.45,0.63,2023-01-05,2041,N,VIIRS,n,2,285.11,2.11,N,2
23.68142,86.3919,305.46,0.45,0.63,2023-01-05,2041,N,VIIRS,n,2,282.7,2.11,N,2
23.68041,86.39623,308.23,0.45,0.63,2023-01-05,2041,N,VIIRS,n,2,284.3,3.25,N,2
23.6685,86.42116,300.78,0.45,0.63,2023-01-05,2041,N,VIIRS,n,2,282.48,0.79,N,0
23.70771,86.07351,318.35,0.43,0.62,2023-01-05,2041,N,VIIRS,n,2,280.65,1.31,N,2
23.70212,86.07195,312.5,0.43,0.62,2023-01-05,2041,N,VIIRS,n,2,280.45,1.0,N,2
23.70114,86.07613,299.29,0.43,0.62,2023-01-05,2041,N,VIIRS,n,2,279.49,1.0,N,2
23.82352,85.5006,307.79,0.39,0.6,2023-01-05,2041,N,VIIRS,n,2,284.94,1.49,N,2
23.6814,86.08389,303.42,0.43,0.62,2023-01-05,2041,N,VIIRS,n,2,283.35,0.91,N,2
23.63172,86.29379,295.99,0.44,0.63,2023-01-05,2041,N,VIIRS,n,2,282.95,1.04,N,2
23.78834,85.55291,297.45,0.4,0.6,2023-01-05,2041,N,VIIRS,n,2,281.54,0.56,N,0
23.78847,85.55053,300.92,0.4,0.6,2023-01-05,2041,N,VIIRS,n,2,281.72,1.21,N,0
23.54766,86.54647,298.73,0.46,0.64,2023-01-05,2041,N,VIIRS,n,2,281.64,0.91,N,2
23.53029,85.69963,296.49,0.41,0.61,2023-01-05,2041,N,VIIRS,n,2,279.72,0.64,N,2
24.05213,80.61501,295.67,0.4,0.44,2023-01-05,2041,N,VIIRS,n,2,282.06,0.55,N,2
22.87358,86.06276,305.43,0.45,0.63,2023-01-05,2041,N,VIIRS,n,2,284.87,1.09,N,2
22.79771,86.20536,367.0,0.46,0.63,2023-01-05,2041,N,VIIRS,h,2,288.21,7.0,N,2
22.79665,86.20989,298.73,0.46,0.63,2023-01-05,2041,N,VIIRS,n,2,285.33,7.0,N,2
22.78728,86.19765,297.49,0.46,0.63,2023-01-05,2041,N,VIIRS,n,2,285.93,1.48,N,2
22.78626,86.202,298.92,0.46,0.63,2023-01-05,2041,N,VIIRS,n,2,286.5,1.39,N,2
22.78522,86.20639,310.5,0.46,0.63,2023-01-05,2041,N,VIIRS,n,2,286.14,1.39,N,2
22.8007,86.08901,309.95,0.45,0.63,2023-01-05,2041,N,VIIRS,n,2,287.46,1.45,N,2
22.80013,86.09153,309.19,0.45,0.63,2023-01-05,2041,N,VIIRS,n,2,286.97,2.04,N,2
24.93376,74.63496,298.67,0.39,0.36,2023-01-05,2041,N,VIIRS,n,2,280.62,0.3,N,2
22.37945,87.27888,302.0,0.54,0.68,2023-01-05,2041,N,VIIRS,n,2,285.02,1.81,N,2
22.36809,87.29826,297.49,0.54,0.68,2023-01-05,2041,N,VIIRS,n,2,284.71,1.43,N,0
22.37594,87.27994,308.4,0.54,0.68,2023-01-05,2041,N,VIIRS,n,2,285.68,0.99,N,2
22.36472,87.29936,297.71,0.55,0.68,2023-01-05,2041,N,VIIRS,n,2,285.09,1.39,N,2
22.36742,87.01685,309.89,0.52,0.67,2023-01-05,2041,N,VIIRS,n,2,286.19,1.71,N,2
22.05444,88.1216,304.79,0.62,0.71,2023-01-05,2041,N,VIIRS,n,2,287.92,2.52,N,2
22.05291,88.12768,300.53,0.62,0.71,2023-01-05,2041,N,VIIRS,n,2,286.28,1.68,N,2
22.36833,87.01598,300.38,0.52,0.67,2023-01-05,2041,N,VIIRS,n,2,284.35,2.94,N,2
24.76541,74.60893,302.75,0.39,0.36,2023-01-05,2041,N,VIIRS,n,2,283.9,0.96,N,2
24.7621,74.60832,301.03,0.39,0.36,2023-01-05,2041,N,VIIRS,n,2,282.81,0.96,N,2
22.59493,85.90427,296.84,0.44,0.63,2023-01-05,2041,N,VIIRS,n,2,284.4,0.85,N,2
22.06258,88.12384,301.36,0.62,0.71,2023-01-05,2041,N,VIIRS,n,2,284.73,0.94,N,2
22.05611,88.12192,301.16,0.62,0.71,2023-01-05,2041,N,VIIRS,n,2,287.41,0.94,N,2
22.05462,88.12799,303.63,0.62,0.72,2023-01-05,2041,N,VIIRS,n,2,286.97,0.94,N,2
24.97524,72.90691,300.91,0.42,0.38,2023-01-05,2041,N,VIIRS,n,2,281.99,0.39,N,0
24.66033,74.63345,295.0,0.39,0.36,2023-01-05,2041,N,VIIRS,n,2,283.87,0.78,N,2
24.6422,74.6847,305.75,0.39,0.36,2023-01-05,2041,N,VIIRS,n,2,283.97,0.9,N,0
24.57987,74.80163,296.85,0.38,0.36,2023-01-05,2041,N,VIIRS,n,2,283.52,0.85,N,0
24.82001,73.09317,304.66,0.41,0.37,2023-01-05,2041,N,VIIRS,n,2,285.86,1.0,N,2
23.16929,82.3403,314.72,0.52,0.5,2023-01-05,2041,N,VIIRS,n,2,285.83,2.18,N,2
23.16822,82.34535,303.12,0.52,0.5,2023-01-05,2041,N,VIIRS,n,2,282.41,2.18,N,2
23.16855,82.34378,321.43,0.52,0.5,2023-01-05,2041,N,VIIRS,n,2,285.58,2.48,N,2
23.16959,82.33871,295.5,0.52,0.5,2023-01-05,2041,N,VIIRS,n,2,283.43,1.7,N,2
24.69082,73.00265,303.95,0.41,0.37,2023-01-05,2041,N,VIIRS,n,2,288.08,1.08,N,2
22.2118,84.86418,300.93,0.39,0.59,2023-01-05,2041,N,VIIRS,n,2,288.38,1.26,N,2
22.20442,84.84645,303.98,0.39,0.59,2023-01-05,2041,N,VIIRS,n,2,285.76,1.2,N,2
22.05665,85.46483,299.27,0.43,0.62,2023-01-05,2041,N,VIIRS,n,2,284.44,0.68,N,2
22.2033,84.84723,306.26,0.39,0.59,2023-01-05,2042,N,VIIRS,n,2,286.0,1.57,N,2
22.05405,85.46616,296.54,0.43,0.62,2023-01-05,2042,N,VIIRS,n,2,283.86,0.84,N,2
21.9299,85.22244,305.77,0.42,0.61,2023-01-05,2042,N,VIIRS,n,2,285.13,0.95,N,2
22.34027,82.62208,297.27,0.56,0.52,2023-01-05,2042,N,VIIRS,n,2,285.8,0.62,N,0
22.31462,82.74202,306.58,0.57,0.52,2023-01-05,2042,N,VIIRS,n,2,285.99,2.12,N,0
22.31518,82.74119,304.33,0.57,0.52,2023-01-05,2042,N,VIIRS,n,2,286.38,1.3,N,0
22.05469,83.72852,301.53,0.33,0.56,2023-01-05,2042,N,VIIRS,n,2,286.51,1.16,N,2
22.04181,83.73878,301.86,0.33,0.56,2023-01-05,2042,N,VIIRS,n,2,287.61,0.82,N,2
22.02466,83.76852,297.76,0.34,0.56,2023-01-05,2042,N,VIIRS,n,2,285.7,0.8,N,0
21.86057,83.96727,300.5,0.35,0.57,2023-01-05,2042,N,VIIRS,n,2,286.83,0.32,N,0
21.7956,83.99032,298.55,0.35,0.57,2023-01-05,2042,N,VIIRS,n,2,287.11,0.64,N,0
21.92275,83.35126,312.74,0.64,0.54,2023-01-05,2042,N,VIIRS,n,2,290.91,4.08,N,2
21.87917,83.5544,308.09,0.33,0.55,2023-01-05,2042,N,VIIRS,n,2,287.72,0.91,N,2
21.80271,83.88286,298.25,0.34,0.56,2023-01-05,2042,N,VIIRS,n,2,287.4,1.01,N,2
21.76759,84.01881,314.95,0.35,0.57,2023-01-05,2042,N,VIIRS,n,2,290.02,2.59,N,2
21.76611,84.02557,299.97,0.35,0.57,2023-01-05,2042,N,VIIRS,n,2,287.14,0.97,N,2
21.87629,83.49435,303.15,0.32,0.55,2023-01-05,2042,N,VIIRS,n,2,287.38,0.88,N,2
21.76169,84.02087,301.6,0.35,0.57,2023-01-05,2042,N,VIIRS,n,2,289.0,0.97,N,2
21.75577,84.02296,326.84,0.35,0.57,2023-01-05,2042,N,VIIRS,n,2,289.95,2.99,N,2
21.78142,83.83221,303.66,0.34,0.56,2023-01-05,2042,N,VIIRS,n,2,288.47,0.69,N,2
22.00713,82.67051,300.91,0.57,0.52,2023-01-05,2042,N,VIIRS,n,2,287.18,1.72,N,2
22.00239,82.66943,308.12,0.57,0.52,2023-01-05,2042,N,VIIRS,n,2,287.69,1.72,N,2
22.00732,82.66952,298.3,0.57,0.52,2023-01-05,2042,N,VIIRS,n,2,287.15,1.51,N,2
22.00258,82.66842,305.44,0.57,0.52,2023-01-05,2042,N,VIIRS,n,2,287.06,1.51,N,2
21.74557,83.84071,299.15,0.34,0.56,2023-01-05,2042,N,VIIRS,n,2,287.53,0.39,N,0
21.68145,84.03713,298.61,0.35,0.57,2023-01-05,2042,N,VIIRS,n,2,287.0,1.09,N,2
21.68071,84.0405,311.64,0.35,0.57,2023-01-05,2042,N,VIIRS,n,2,289.58,1.09,N,2
20.83615,86.9644,326.14,0.56,0.69,2023-01-05,2042,N,VIIRS,n,2,289.09,2.76,N,0
20.83745,86.95901,300.44,0.56,0.69,2023-01-05,2042,N,VIIRS,n,2,287.87,2.76,N,0
20.82236,86.96644,297.87,0.56,0.69,2023-01-05,2042,N,VIIRS,n,2,287.8,1.05,N,0
20.83378,86.96288,330.96,0.56,0.69,2023-01-05,2042,N,VIIRS,n,2,289.21,4.41,N,0
20.82003,86.96487,300.35,0.56,0.69,2023-01-05,2042,N,VIIRS,n,2,287.56,0.73,N,0
20.974,86.00358,301.62,0.49,0.65,2023-01-05,2042,N,VIIRS,n,2,288.14,1.03,N,2
20.97181,86.01299,312.51,0.49,0.65,2023-01-05,2042,N,VIIRS,n,2,287.01,1.8,N,0
20.96592,86.01136,315.19,0.49,0.65,2023-01-05,2042,N,VIIRS,n,2,286.95,2.47,N,2
20.94304,86.0554,306.89,0.49,0.65,2023-01-05,2042,N,VIIRS,n,2,287.18,1.58,N,2
20.97258,86.00187,300.72,0.49,0.65,2023-01-05,2042,N,VIIRS,n,2,288.34,2.43,N,2
20.97045,86.01132,311.83,0.49,0.65,2023-01-05,2042,N,VIIRS,n,2,287.53,2.16,N,2
20.96939,86.01598,308.76,0.49,0.65,2023-01-05,2042,N,VIIRS,n,2,286.9,2.16,N,2
20.942,86.0538,301.68,0.49,0.65,2023-01-05,2042,N,VIIRS,n,2,286.34,1.58,N,2
21.73023,82.21487,299.28,0.54,0.51,2023-01-05,2042,N,VIIRS,n,2,287.61,1.14,N,2
21.08178,85.03741,297.61,0.42,0.61,2023-01-05,2042,N,VIIRS,n,2,286.78,1.94,N,2
21.07531,85.03996,308.26,0.42,0.61,2023-01-05,2042,N,VIIRS,n,2,287.4,1.94,N,2
21.0744,85.04394,310.71,0.42,0.61,2023-01-05,2042,N,VIIRS,n,2,286.58,2.18,N,2
21.07753,85.04246,323.37,0.42,0.61,2023-01-05,2042,N,VIIRS,n,2,288.14,2.27,N,2
21.0784,85.03847,302.95,0.42,0.61,2023-01-05,2042,N,VIIRS,n,2,287.4,2.27,N,2
21.67271,82.08017,302.15,0.54,0.5,2023-01-05,2042,N,VIIRS,n,2,287.43,1.67,N,2
20.97753,85.14607,300.39,0.43,0.62,2023-01-05,2042,N,VIIRS,n,2,287.47,0.77,N,2
20.97287,85.16673,297.7,0.43,0.62,2023-01-05,2042,N,VIIRS,n,2,287.7,1.1,N,2
20.96819,85.16112,309.36,0.43,0.62,2023-01-05,2042,N,VIIRS,n,2,287.72,2.7,N,2
20.96725,85.16524,300.18,0.43,0.62,2023-01-05,2042,N,VIIRS,n,2,287.66,2.44,N,2
20.96633,85.1693,310.88,0.43,0.62,2023-01-05,2042,N,VIIRS,n,2,288.26,2.44,N,2
20.96541,85.17338,315.86,0.43,0.62,2023-01-05,2042,N,VIIRS,n,2,288.63,1.79,N,2
20.96448,85.17749,304.45,0.43,0.62,2023-01-05,2042,N,VIIRS,n,2,288.42,1.79,N,2
20.96354,85.18164,297.96,0.43,0.62,2023-01-05,2042,N,VIIRS,n,2,287.45,2.71,N,2
20.96164,85.19006,307.41,0.43,0.62,2023-01-05,2042,N,VIIRS,n,2,288.04,1.63,N,2
20.95979,85.17188,308.35,0.43,0.62,2023-01-05,2042,N,VIIRS,n,2,287.52,1.79,N,2
20.96352,85.12919,301.54,0.43,0.62,2023-01-05,2042,N,VIIRS,n,2,287.03,0.99,N,0
22.7023,75.79488,302.02,0.39,0.36,2023-01-05,2042,N,VIIRS,n,2,283.99,0.66,N,0
20.86853,84.99147,300.25,0.42,0.61,2023-01-05,2042,N,VIIRS,n,2,287.49,0.77,N,2
20.86756,84.99577,300.26,0.42,0.61,2023-01-05,2042,N,VIIRS,n,2,287.36,0.77,N,2
20.808,85.25723,306.94,0.44,0.62,2023-01-05,2042,N,VIIRS,n,2,287.69,1.26,N,2
20.79671,85.2541,327.74,0.44,0.62,2023-01-05,2042,N,VIIRS,n,2,287.02,1.63,N,2
20.79573,85.25835,298.0,0.44,0.62,2023-01-05,2042,N,VIIRS,n,2,286.51,1.63,N,2
20.79102,85.25269,300.91,0.44,0.62,2023-01-05,2042,N,VIIRS,n,2,286.4,1.5,N,2
20.78808,85.26548,298.37,0.44,0.62,2023-01-05,2042,N,VIIRS,n,2,287.35,1.5,N,2
20.86506,84.99259,305.52,0.42,0.61,2023-01-05,2042,N,VIIRS,n,2,287.35,2.19,N,2
20.80723,85.25475,297.55,0.44,0.62,2023-01-05,2042,N,VIIRS,n,2,286.95,1.4,N,2
20.8063,85.25896,301.06,0.44,0.62,2023-01-05,2042,N,VIIRS,n,2,286.78,1.14,N,2
20.79593,85.25159,312.14,0.44,0.62,2023-01-05,2042,N,VIIRS,n,2,285.91,2.93,N,2
20.795,85.25581,316.25,0.44,0.62,2023-01-05,2042,N,VIIRS,n,2,286.8,3.03,N,2
20.7874,85.26298,298.65,0.44,0.62,2023-01-05,2042,N,VIIRS,n,2,287.33,0.82,N,2
20.78645,85.26724,299.51,0.44,0.62,2023-01-05,2042,N,VIIRS,n,2,286.83,0.82,N,2
20.76279,85.29237,304.46,0.44,0.63,2023-01-05,2042,N,VIIRS,n,2,286.59,0.74,N,0
23.31641,70.48582,300.16,0.51,0.41,2023-01-05,2042,N,VIIRS,n,2,286.4,1.16,N,2
22.98692,72.59067,306.67,0.42,0.37,2023-01-05,2042,N,VIIRS,n,2,287.33,0.4,N,0
22.98523,72.57796,298.04,0.42,0.37,2023-01-05,2042,N,VIIRS,n,2,287.56,0.18,N,0
22.9675,72.55424,298.82,0.42,0.37,2023-01-05,2042,N,VIIRS,n,2,287.67,0.4,N,0
23.26526,70.25883,299.2,0.53,0.42,2023-01-05,2042,N,VIIRS,n,2,285.12,0.78,N,2
23.26272,70.24792,296.49,0.53,0.42,2023-01-05,2042,N,VIIRS,n,2,285.63,0.89,N,0
23.26207,70.25307,301.25,0.53,0.42,2023-01-05,2042,N,VIIRS,n,2,285.83,0.89,N,2
23.43098,68.71176,298.06,0.43,0.46,2023-01-05,2042,N,VIIRS,n,2,285.85,0.63,N,2
23.10658,70.18961,297.24,0.53,0.42,2023-01-05,2042,N,VIIRS,n,2,285.93,0.42,N,2
22.92616,70.1056,296.03,0.53,0.42,2023-01-05,2042,N,VIIRS,n,2,283.7,0.35,N,0
22.93873,69.69537,298.17,0.56,0.43,2023-01-05,2042,N,VIIRS,n,2,285.05,0.91,N,2
22.91036,69.69665,295.98,0.56,0.43,2023-01-05,2042,N,VIIRS,n,2,285.07,0.65,N,0
21.23478,79.63218,302.8,0.39,0.44,2023-01-05,2042,N,VIIRS,n,2,287.08,0.5,N,2
21.26772,79.18506,308.16,0.55,0.43,2023-01-05,2042,N,VIIRS,n,2,286.88,1.18,N,0
21.26286,79.18948,313.1,0.55,0.43,2023-01-05,2042,N,VIIRS,n,2,286.39,3.05,N,0
21.24433,79.22392,301.26,0.55,0.43,2023-01-05,2042,N,VIIRS,n,2,288.09,1.69,N,2
21.23846,79.23369,299.57,0.55,0.43,2023-01-05,2042,N,VIIRS,n,2,285.94,1.09,N,0
22.39965,69.02029,300.32,0.4,0.44,2023-01-05,2042,N,VIIRS,n,2,288.38,0.28,N,2
21.59238,74.41299,334.98,0.38,0.36,2023-01-05,2042,N,VIIRS,n,2,287.66,5.78,N,0
20.69557,78.6379,298.53,0.52,0.42,2023-01-05,2042,N,VIIRS,n,2,287.65,0.98,N,2
21.68789,72.53667,299.38,0.41,0.37,2023-01-05,2042,N,VIIRS,n,2,289.32,0.71,N,0
21.68506,72.53215,301.63,0.41,0.37,2023-01-05,2042,N,VIIRS,n,2,289.34,0.71,N,0
21.68165,72.53158,312.68,0.41,0.37,2023-01-05,2042,N,VIIRS,n,2,290.19,1.49,N,0
21.54438,73.12334,304.33,0.39,0.37,2023-01-05,2042,N,VIIRS,n,2,289.34,0.49,N,0
21.32271,73.35332,306.32,0.39,0.36,2023-01-05,2042,N,VIIRS,n,2,289.91,0.81,N,0
20.83623,76.14274,302.63,0.41,0.37,2023-01-05,2042,N,VIIRS,n,2,286.43,1.24,N,0
21.40073,71.01106,301.3,0.46,0.39,2023-01-05,2042,N,VIIRS,n,2,283.97,0.56,N,0
21.10668,72.64716,331.55,0.4,0.37,2023-01-05,2042,N,VIIRS,n,2,291.52,2.93,N,2
21.10895,72.63169,308.79,0.4,0.37,2023-01-05,2042,N,VIIRS,n,2,289.04,2.36,N,2
20.00549,79.18397,299.33,0.38,0.43,2023-01-05,2042,N,VIIRS,n,2,287.14,0.33,N,0
21.10329,72.6466,324.62,0.4,0.37,2023-01-05,2042,N,VIIRS,n,2,285.76,1.63,N,2
19.92244,79.11358,303.1,0.57,0.43,2023-01-05,2042,N,VIIRS,n,2,289.02,1.27,N,2
19.78628,79.14662,305.48,0.38,0.43,2023-01-05,2042,N,VIIRS,n,2,289.37,1.13,N,2
16.97189,82.26668,311.71,0.34,0.56,2023-01-05,2043,N,VIIRS,n,2,289.74,0.71,N,0
20.90995,71.46043,311.91,0.44,0.38,2023-01-05,2043,N,VIIRS,n,2,291.07,1.18,N,2
20.83541,70.69463,307.95,0.47,0.4,2023-01-05,2043,N,VIIRS,n,2,290.85,0.91,N,2
20.35682,72.94744,299.63,0.39,0.36,2023-01-05,2043,N,VIIRS,n,2,289.18,0.82,N,0
18.7373,79.53016,333.28,0.42,0.45,2023-01-05,2043,N,VIIRS,n,2,291.79,4.81,N,0
18.73654,79.53412,303.26,0.42,0.45,2023-01-05,2043,N,VIIRS,n,2,290.02,1.04,N,0
18.72334,79.53548,317.06,0.42,0.45,2023-01-05,2043,N,VIIRS,n,2,291.82,2.24,N,2
18.71918,79.53467,303.31,0.42,0.45,2023-01-05,2043,N,VIIRS,n,2,290.44,0.96,N,2
18.72179,79.53551,317.85,0.42,0.45,2023-01-05,2043,N,VIIRS,n,2,291.56,2.27,N,2
19.62146,73.46223,313.33,0.39,0.36,2023-01-05,2043,N,VIIRS,n,2,292.35,1.47,N,0
19.61815,73.46165,329.25,0.39,0.36,2023-01-05,2043,N,VIIRS,n,2,292.45,1.47,N,0
17.60884,83.20087,301.52,0.38,0.59,2023-01-05,2043,N,VIIRS,n,2,289.14,1.58,N,2
17.60811,83.20437,306.63,0.38,0.59,2023-01-05,2043,N,VIIRS,n,2,290.13,1.37,N,2
17.6035,83.19962,300.95,0.38,0.59,2023-01-05,2043,N,VIIRS,n,2,289.68,1.07,N,2
19.10235,73.05152,309.13,0.39,0.36,2023-01-05,2043,N,VIIRS,n,2,291.93,0.82,N,2
18.38619,77.00051,306.4,0.47,0.39,2023-01-05,2043,N,VIIRS,n,2,288.71,1.52,N,0
18.53387,74.29937,305.15,0.39,0.36,2023-01-05,2043,N,VIIRS,n,2,288.14,0.79,N,0
18.69155,73.03955,314.76,0.39,0.36,2023-01-05,2043,N,VIIRS,n,2,293.53,2.32,N,2
18.69098,73.0432,315.4,0.39,0.36,2023-01-05,2043,N,VIIRS,n,2,292.38,1.3,N,2
18.68603,73.03111,327.68,0.39,0.36,2023-01-05,2043,N,VIIRS,n,2,294.65,1.56,N,2
18.68547,73.03476,304.87,0.39,0.36,2023-01-05,2043,N,VIIRS,n,2,293.3,1.12,N,2
18.6849,73.03841,303.38,0.39,0.36,2023-01-05,2043,N,VIIRS,n,2,293.27,1.12,N,2
18.68434,73.04207,308.99,0.39,0.36,2023-01-05,2043,N,VIIRS,n,2,294.94,2.04,N,2
18.68214,73.03419,324.25,0.39,0.36,2023-01-05,2043,N,VIIRS,n,2,294.29,1.12,N,2
18.6827,73.03054,302.12,0.39,0.36,2023-01-05,2043,N,VIIRS,n,2,291.85,1.56,N,2
18.68158,73.03785,312.96,0.39,0.36,2023-01-05,2043,N,VIIRS,n,2,293.79,1.12,N,2
18.11914,75.92262,300.26,0.42,0.38,2023-01-05,2043,N,VIIRS,n,2,289.19,0.19,N,0
17.17878,80.80092,303.51,0.54,0.51,2023-01-05,2043,N,VIIRS,n,2,289.61,1.12,N,0
16.87099,81.99106,300.07,0.33,0.55,2023-01-05,2043,N,VIIRS,n,2,289.04,0.3,N,0
17.82396,75.07359,305.55,0.4,0.37,2023-01-05,2043,N,VIIRS,n,2,288.37,0.77,N,0
17.43175,76.69522,301.7,0.46,0.39,2023-01-05,2043,N,VIIRS,n,2,289.33,0.48,N,0
17.62985,74.39754,327.85,0.39,0.36,2023-01-05,2043,N,VIIRS,n,2,287.43,2.46,N,0
17.39394,75.77917,306.99,0.43,0.38,2023-01-05,2043,N,VIIRS,n,2,288.9,0.7,N,0
17.39047,75.77854,304.94,0.43,0.38,2023-01-05,2043,N,VIIRS,n,2,288.35,0.7,N,0
17.1398,77.18397,303.96,0.49,0.41,2023-01-05,2043,N,VIIRS,n,2,290.76,0.84,N,2
17.19701,76.79466,305.49,0.47,0.4,2023-01-05,2043,N,VIIRS,n,2,289.61,0.88,N,0
17.68113,73.11727,310.46,0.38,0.36,2023-01-05,2043,N,VIIRS,n,2,293.19,1.98,N,0
17.31993,75.21977,304.14,0.41,0.37,2023-01-05,2043,N,VIIRS,n,2,286.21,0.51,N,0
15.52227,74.66018,302.75,0.41,0.37,2023-01-05,2044,N,VIIRS,n,2,286.61,0.49,N,0
16.56379,75.40343,299.23,0.42,0.38,2023-01-05,2044,N,VIIRS,n,2,287.88,0.39,N,0
16.29869,75.6013,307.42,0.43,0.38,2023-01-05,2044,N,VIIRS,n,2,288.99,0.59,N,0
16.29453,75.60468,305.76,0.43,0.38,2023-01-05,2044,N,VIIRS,n,2,289.66,0.77,N,0
16.08881,75.41022,315.6,0.42,0.38,2023-01-05,2044,N,VIIRS,n,2,287.75,1.42,N,0
16.08734,75.41055,313.79,0.42,0.38,2023-01-05,2044,N,VIIRS,n,2,287.75,1.46,N,0
16.14423,74.70844,308.77,0.4,0.37,2023-01-05,2044,N,VIIRS,n,2,288.33,0.6,N,0
15.95542,75.31488,301.91,0.42,0.38,2023-01-05,2044,N,VIIRS,n,2,287.75,0.67,N,0
15.74739,75.99068,305.93,0.45,0.39,2023-01-05,2044,N,VIIRS,n,2,290.13,0.98,N,0
15.85457,75.16503,311.55,0.42,0.38,2023-01-05,2044,N,VIIRS,n,2,288.17,1.06,N,0
15.80935,74.97496,321.17,0.41,0.37,2023-01-05,2044,N,VIIRS,n,2,289.24,0.87,N,0
15.334,76.28545,304.46,0.47,0.4,2023-01-05,2044,N,VIIRS,n,2,289.14,1.08,N,2
15.02317,78.01449,310.48,0.39,0.44,2023-01-05,2044,N,VIIRS,n,2,292.67,1.25,N,2
15.65947,73.98954,319.55,0.39,0.36,2023-01-05,2044,N,VIIRS,n,2,291.77,1.24,N,2
15.17244,76.37533,304.36,0.48,0.4,2023-01-05,2044,N,VIIRS,n,2,292.14,1.27,N,2
15.17166,76.37972,307.23,0.48,0.4,2023-01-05,2044,N,VIIRS,n,2,292.47,1.29,N,2
15.16801,76.37904,304.08,0.48,0.4,2023-01-05,2044,N,VIIRS,n,2,291.32,0.9,N,2
15.52621,73.99313,309.67,0.39,0.36,2023-01-05,2044,N,VIIRS,n,2,294.44,1.29,N,2
15.34231,74.96221,300.36,0.42,0.37,2023-01-05,2044,N,VIIRS,n,2,287.56,0.33,N,0
14.27427,80.13271,304.25,0.55,0.51,2023-01-05,2044,N,VIIRS,n,2,292.39,1.87,N,0
14.26959,80.13177,315.11,0.55,0.51,2023-01-05,2044,N,VIIRS,n,2,293.07,1.87,N,0
14.27292,80.12956,308.32,0.55,0.51,2023-01-05,2044,N,VIIRS,n,2,292.62,1.96,N,0
14.27198,80.13465,307.56,0.55,0.51,2023-01-05,2044,N,VIIRS,n,2,292.99,1.9,N,0
14.86915,75.30106,319.6,0.43,0.38,2023-01-05,2044,N,VIIRS,n,2,287.07,1.2,N,0
14.59661,75.35279,319.32,0.44,0.38,2023-01-05,2044,N,VIIRS,n,2,289.81,1.12,N,0
14.3288,75.60631,301.32,0.45,0.39,2023-01-05,2044,N,VIIRS,n,2,290.69,0.63,N,0
14.32523,75.60575,301.13,0.45,0.39,2023-01-05,2044,N,VIIRS,n,2,290.22,0.43,N,0
14.41031,74.88817,300.81,0.42,0.38,2023-01-05,2044,N,VIIRS,n,2,289.17,0.58,N,0
13.68606,76.57751,299.93,0.51,0.41,2023-01-05,2044,N,VIIRS,n,2,288.57,0.74,N,0
13.58172,76.70472,308.78,0.52,0.42,2023-01-05,2044,N,VIIRS,n,2,288.11,1.27,N,0
13.5779,76.70415,304.36,0.52,0.42,2023-01-05,2044,N,VIIRS,n,2,288.78,1.27,N,0
13.5784,76.70702,319.8,0.52,0.42,2023-01-05,2044,N,VIIRS,n,2,288.9,1.9,N,0
12.98743,76.60335,297.1,0.52,0.42,2023-01-05,2044,N,VIIRS,n,2,286.36,0.34,N,0
16.61612,75.26054,299.75,0.42,0.37,2023-01-05,2044,N,VIIRS,n,2,287.63,0.51,N,0
15.18506,76.65053,304.61,0.49,0.4,2023-01-05,2044,N,VIIRS,n,2,292.24,1.99,N,2
15.17581,76.68175,318.52,0.49,0.41,2023-01-05,2044,N,VIIRS,n,2,291.14,1.89,N,2
15.17607,76.65823,336.78,0.49,0.4,2023-01-05,2044,N,VIIRS,n,2,293.6,5.15,N,2
15.17687,76.65367,315.66,0.49,0.4,2023-01-05,2044,N,VIIRS,n,2,293.2,2.99,N,2
15.17131,76.68555,303.11,0.49,0.41,2023-01-05,2044,N,VIIRS,n,2,291.68,0.92,N,2
15.17237,76.65752,306.79,0.49,0.4,2023-01-05,2044,N,VIIRS,n,2,290.75,1.56,N,2
15.16947,76.65224,308.64,0.49,0.4,2023-01-05,2044,N,VIIRS,n,2,289.94,1.48,N,0
10.82523,76.3575,306.04,0.54,0.42,2023-01-05,2045,N,VIIRS,n,2,293.53,1.39,N,0
10.82486,76.35557,303.52,0.54,0.42,2023-01-05,2045,N,VIIRS,n,2,293.15,0.88,N,0
9.97861,76.37426,305.44,0.56,0.43,2023-01-05,2045,N,VIIRS,n,2,294.9,1.22,N,2
9.43383,77.08075,302.62,0.42,0.45,2023-01-05,2045,N,VIIRS,n,2,290.17,0.62,N,0
12.11341,77.20393,312.1,0.39,0.44,2023-01-05,2045,N,VIIRS,n,2,288.61,1.28,N,0
11.81676,77.91734,302.43,0.43,0.46,2023-01-05,2045,N,VIIRS,n,2,291.91,0.81,N,2
10.92162,77.06242,309.15,0.4,0.44,2023-01-05,2045,N,VIIRS,n,2,290.09,1.03,N,0
10.92146,77.06295,308.2,0.4,0.44,2023-01-05,2045,N,VIIRS,n,2,290.03,1.01,N,0
24.45827,93.69656,326.62,0.38,0.59,2023-01-06,614,N,VIIRS,n,2,290.55,2.31,D,0
24.91428,93.96525,337.07,0.36,0.57,2023-01-06,614,N,VIIRS,n,2,297.38,3.85,D,0
25.52979,92.19131,327.76,0.45,0.63,2023-01-06,614,N,VIIRS,n,2,294.26,4.0,D,0
25.52964,92.19183,327.99,0.45,0.63,2023-01-06,614,N,VIIRS,n,2,294.82,4.48,D,0
25.57653,94.26565,367.0,0.34,0.56,2023-01-06,614,N,VIIRS,h,2,291.53,12.2,D,0
25.57336,94.26575,367.0,0.34,0.56,2023-01-06,614,N,VIIRS,h,2,292.76,9.41,D,0
25.28328,92.84246,326.04,0.41,0.61,2023-01-06,614,N,VIIRS,n,2,290.86,1.53,D,0
25.34487,92.72799,325.43,0.42,0.61,2023-01-06,614,N,VIIRS,n,2,290.39,2.25,D,0
25.33565,92.57464,346.62,0.43,0.62,2023-01-06,614,N,VIIRS,n,2,296.41,6.0,D,0
25.45393,92.30947,346.19,0.44,0.63,2023-01-06,614,N,VIIRS,n,2,297.42,7.87,D,0
25.45463,92.30764,351.38,0.44,0.63,2023-01-06,614,N,VIIRS,n,2,295.86,8.46,D,0
25.96928,94.3752,326.12,0.32,0.55,2023-01-06,614,N,VIIRS,n,2,293.79,2.06,D,0
26.93363,92.33816,331.31,0.41,0.6,2023-01-06,615,N,VIIRS,n,2,294.29,3.62,D,0
26.45097,94.98003,339.02,0.58,0.52,2023-01-06,615,N,VIIRS,n,2,293.46,24.75,D,0
26.4491,94.97141,328.19,0.58,0.52,2023-01-06,615,N,VIIRS,n,2,296.3,24.75,D,0
26.53512,95.04604,336.32,0.57,0.52,2023-01-06,615,N,VIIRS,n,2,290.75,10.63,D,0
25.93713,92.08984,334.6,0.45,0.63,2023-01-06,615,N,VIIRS,n,2,294.15,2.73,D,0
25.93666,92.08795,329.09,0.44,0.63,2023-01-06,615,N,VIIRS,n,2,293.68,3.66,D,0
26.60094,94.82574,347.85,0.59,0.53,2023-01-06,615,N,VIIRS,n,2,293.77,11.44,D,0
26.6316,94.94235,367.0,0.58,0.52,2023-01-06,615,N,VIIRS,h,2,303.83,12.1,D,0
26.60769,94.83346,347.72,0.59,0.53,2023-01-06,615,N,VIIRS,n,2,299.25,41.37,D,0
26.63648,94.94169,346.45,0.58,0.52,2023-01-06,615,N,VIIRS,n,2,293.79,12.1,D,0
26.6351,94.93542,326.59,0.58,0.52,2023-01-06,615,N,VIIRS,n,2,292.22,12.1,D,0
26.72148,94.89697,325.38,0.58,0.52,2023-01-06,615,N,VIIRS,n,2,293.11,4.18,D,0
26.72373,94.8615,325.64,0.58,0.52,2023-01-06,615,N,VIIRS,n,2,290.24,3.63,D,0
26.8737,95.30328,332.82,0.55,0.51,2023-01-06,615,N,VIIRS,n,2,293.82,5.89,D,0
26.8051,94.98238,341.34,0.57,0.52,2023-01-06,615,N,VIIRS,n,2,296.82,16.63,D,0
26.87957,95.30801,349.74,0.55,0.51,2023-01-06,615,N,VIIRS,n,2,294.14,7.5,D,0
26.88271,95.29979,329.4,0.55,0.51,2023-01-06,615,N,VIIRS,n,2,294.59,7.5,D,0
26.88187,95.1802,338.2,0.55,0.51,2023-01-06,615,N,VIIRS,n,2,292.21,8.49,D,0
26.88046,95.17348,336.79,0.56,0.51,2023-01-06,615,N,VIIRS,n,2,292.21,8.49,D,0
26.88495,95.17146,329.5,0.56,0.51,2023-01-06,615,N,VIIRS,n,2,291.84,8.49,D,0
26.88208,95.17665,346.81,0.55,0.51,2023-01-06,615,N,VIIRS,n,2,294.22,19.19,D,0
26.89916,95.09661,336.62,0.56,0.51,2023-01-06,615,N,VIIRS,n,2,293.19,6.31,D,0
26.99366,95.49105,332.89,0.53,0.5,2023-01-06,615,N,VIIRS,n,2,292.34,3.61,D,0
26.76684,93.37811,367.0,0.36,0.57,2023-01-06,615,N,VIIRS,h,2,299.23,7.86,D,3
27.31807,95.26694,326.13,0.54,0.51,2023-01-06,615,N,VIIRS,n,2,296.35,1.9,D,0
27.55187,95.86328,329.61,0.49,0.49,2023-01-06,615,N,VIIRS,n,2,297.45,3.28,D,0
27.46869,93.80905,325.87,0.33,0.55,2023-01-06,615,N,VIIRS,n,2,295.63,3.08,D,0
27.47388,93.80862,352.94,0.33,0.55,2023-01-06,615,N,VIIRS,n,2,293.33,3.86,D,0
27.98594,95.78655,329.56,0.48,0.48,2023-01-06,615,N,VIIRS,n,2,298.68,4.0,D,0
28.1369,93.32699,367.0,0.34,0.56,2023-01-06,615,N,VIIRS,h,2,290.45,10.5,D,0
28.79617,95.86157,328.13,0.46,0.47,2023-01-06,615,N,VIIRS,n,2,289.45,3.04,D,0
28.80078,95.86192,353.69,0.46,0.47,2023-01-06,615,N,VIIRS,n,2,299.41,43.82,D,0
10.81591,76.38707,340.17,0.42,0.45,2023-01-06,751,N,VIIRS,n,2,301.96,5.6,D,0
10.82016,76.38688,331.74,0.42,0.45,2023-01-06,751,N,VIIRS,n,2,301.09,5.6,D,0
9.54863,77.10734,330.29,0.4,0.44,2023-01-06,751,N,VIIRS,n,2,291.56,1.61,D,0
9.80403,77.38776,330.68,0.57,0.43,2023-01-06,751,N,VIIRS,n,2,298.02,4.31,D,0
9.88939,76.92783,334.08,0.4,0.44,2023-01-06,751,N,VIIRS,n,2,295.71,4.21,D,0
10.81658,76.39098,340.61,0.42,0.45,2023-01-06,751,N,VIIRS,n,2,300.95,5.6,D,0
12.67506,76.71522,341.73,0.57,0.43,2023-01-06,752,N,VIIRS,n,2,302.67,19.07,D,0
12.67902,76.71456,341.3,0.57,0.43,2023-01-06,752,N,VIIRS,n,2,299.55,8.65,D,0
12.67291,76.71374,332.24,0.57,0.43,2023-01-06,752,N,VIIRS,n,2,299.18,11.95,D,0
12.67776,76.71816,331.36,0.56,0.43,2023-01-06,752,N,VIIRS,n,2,299.96,11.95,D,0
12.67687,76.71309,330.91,0.57,0.43,2023-01-06,752,N,VIIRS,l,2,300.92,11.95,D,0
12.78248,76.78403,337.32,0.56,0.43,2023-01-06,752,N,VIIRS,n,2,301.77,4.8,D,0
12.78161,76.77888,332.43,0.56,0.43,2023-01-06,752,N,VIIRS,n,2,299.98,4.8,D,0
13.2732,79.43841,330.4,0.41,0.37,2023-01-06,752,N,VIIRS,n,2,291.65,2.16,D,0
13.34586,79.76189,333.48,0.4,0.37,2023-01-06,752,N,VIIRS,n,2,297.06,2.74,D,0
12.86793,76.7194,331.37,0.56,0.43,2023-01-06,752,N,VIIRS,n,2,300.02,4.78,D,0
12.58927,75.00562,341.6,0.48,0.48,2023-01-06,752,N,VIIRS,n,2,306.02,4.64,D,0
12.59223,75.00607,342.85,0.48,0.48,2023-01-06,752,N,VIIRS,n,2,305.74,4.02,D,0
13.1613,77.68595,332.52,0.49,0.4,2023-01-06,752,N,VIIRS,n,2,295.54,3.27,D,0
13.16329,77.68699,333.39,0.49,0.4,2023-01-06,752,N,VIIRS,n,2,296.08,3.73,D,0
13.28854,76.78644,332.34,0.55,0.43,2023-01-06,752,N,VIIRS,n,2,299.73,4.88,D,0
13.49147,77.80771,335.73,0.48,0.4,2023-01-06,752,N,VIIRS,n,2,296.5,5.0,D,0
13.31056,76.16711,330.91,0.4,0.44,2023-01-06,752,N,VIIRS,n,2,299.28,2.42,D,0
13.43717,76.10162,330.44,0.4,0.44,2023-01-06,752,N,VIIRS,n,2,298.37,1.91,D,0
13.43652,76.1021,332.84,0.4,0.44,2023-01-06,752,N,VIIRS,n,2,298.22,1.33,D,0
14.27112,80.13407,337.47,0.39,0.36,2023-01-06,752,N,VIIRS,n,2,297.5,4.94,D,0
14.27055,80.13046,333.24,0.39,0.36,2023-01-06,752,N,VIIRS,n,2,295.46,4.94,D,0
13.71564,76.58428,343.15,0.56,0.43,2023-01-06,752,N,VIIRS,n,2,301.24,10.05,D,0
14.35641,80.1418,331.84,0.39,0.36,2023-01-06,752,N,VIIRS,n,2,294.01,2.63,D,0
13.81627,76.26676,332.5,0.38,0.44,2023-01-06,752,N,VIIRS,n,2,301.3,2.36,D,0
13.82029,76.26624,343.13,0.38,0.44,2023-01-06,752,N,VIIRS,n,2,301.13,5.34,D,0
14.71535,76.02402,337.1,0.39,0.44,2023-01-06,752,N,VIIRS,n,2,300.83,3.33,D,0
14.81113,77.80831,335.71,0.46,0.39,2023-01-06,752,N,VIIRS,n,2,297.89,5.48,D,0
14.81412,77.80698,335.48,0.46,0.39,2023-01-06,752,N,VIIRS,n,2,297.3,3.09,D,0
14.81051,77.80762,335.5,0.46,0.39,2023-01-06,752,N,VIIRS,n,2,296.23,3.09,D,0
13.93196,76.26273,334.36,0.38,0.43,2023-01-06,752,N,VIIRS,n,2,301.36,3.47,D,0
14.2579,75.48542,330.71,0.42,0.45,2023-01-06,752,N,VIIRS,n,2,299.67,1.64,D,0
14.84154,78.93086,331.1,0.42,0.37,2023-01-06,752,N,VIIRS,n,2,293.68,4.27,D,0
14.33317,76.39355,335.28,0.56,0.43,2023-01-06,752,N,VIIRS,n,2,302.32,3.64,D,0
14.10408,75.7943,338.3,0.41,0.45,2023-01-06,752,N,VIIRS,n,2,302.94,6.11,D,0
14.13523,76.59715,334.68,0.55,0.42,2023-01-06,752,N,VIIRS,n,2,302.22,2.91,D,0
14.01165,75.41707,334.67,0.43,0.46,2023-01-06,752,N,VIIRS,n,2,303.34,2.65,D,0
11.8398,76.79256,332.2,0.38,0.43,2023-01-06,752,N,VIIRS,n,2,301.63,1.74,D,0
12.22114,77.13905,332.48,0.54,0.42,2023-01-06,752,N,VIIRS,n,2,298.38,5.1,D,0
11.98547,75.41856,337.23,0.46,0.47,2023-01-06,752,N,VIIRS,n,2,302.87,4.54,D,0
12.36139,76.65029,338.89,0.38,0.43,2023-01-06,752,N,VIIRS,n,2,301.95,2.95,D,0
12.64494,76.58516,330.01,0.38,0.43,2023-01-06,752,N,VIIRS,n,2,301.65,2.18,D,0
17.10888,81.62701,329.55,0.39,0.36,2023-01-06,753,N,VIIRS,l,2,300.81,1.44,D,0
18.06532,75.40346,330.86,0.56,0.43,2023-01-06,753,N,VIIRS,n,2,298.47,5.99,D,0
19.29913,83.30061,333.89,0.46,0.39,2023-01-06,753,N,VIIRS,n,2,298.4,4.14,D,0
18.73674,79.53185,350.91,0.39,0.36,2023-01-06,753,N,VIIRS,n,2,303.63,6.71,D,0
18.72403,79.53778,334.33,0.39,0.36,2023-01-06,753,N,VIIRS,n,2,303.72,4.47,D,2
18.4114,77.68132,338.07,0.43,0.38,2023-01-06,753,N,VIIRS,n,2,297.8,4.0,D,0
18.40792,77.68195,335.08,0.43,0.38,2023-01-06,753,N,VIIRS,n,2,298.82,2.9,D,0
18.91347,81.86312,334.47,0.41,0.37,2023-01-06,753,N,VIIRS,n,2,300.2,4.2,D,0
17.69122,74.94646,346.19,0.4,0.44,2023-01-06,753,N,VIIRS,n,2,296.54,5.22,D,0
17.64426,75.03322,345.82,0.4,0.44,2023-01-06,753,N,VIIRS,n,2,298.18,5.63,D,0
19.11559,84.64577,337.94,0.54,0.42,2023-01-06,753,N,VIIRS,n,2,299.91,6.75,D,0
18.55964,80.70329,346.76,0.39,0.36,2023-01-06,753,N,VIIRS,n,2,300.76,6.73,D,0
18.98978,83.79382,338.21,0.48,0.4,2023-01-06,753,N,VIIRS,n,2,302.57,8.88,D,0
17.3133,73.61676,337.51,0.49,0.49,2023-01-06,753,N,VIIRS,n,2,296.06,4.34,D,0
17.99031,77.49903,331.75,0.44,0.38,2023-01-06,753,N,VIIRS,n,2,296.64,1.54,D,0
17.66519,75.6196,334.31,0.55,0.43,2023-01-06,753,N,VIIRS,n,2,300.92,4.17,D,0
18.4359,80.50751,329.79,0.38,0.36,2023-01-06,753,N,VIIRS,n,2,299.6,3.62,D,0
18.43644,80.51113,332.83,0.38,0.36,2023-01-06,753,N,VIIRS,n,2,298.89,3.62,D,0
18.3238,79.86102,339.81,0.38,0.36,2023-01-06,753,N,VIIRS,n,2,299.24,3.93,D,0
18.31717,79.86214,341.39,0.38,0.36,2023-01-06,753,N,VIIRS,n,2,299.64,4.88,D,0
18.77579,83.26857,336.89,0.46,0.39,2023-01-06,753,N,VIIRS,n,2,300.22,3.9,D,0
18.77411,83.26788,332.6,0.45,0.39,2023-01-06,753,N,VIIRS,n,2,298.65,2.36,D,0
18.76191,84.07823,329.32,0.5,0.41,2023-01-06,753,N,VIIRS,l,2,300.41,2.6,D,0
18.09652,79.77003,331.64,0.39,0.36,2023-01-06,753,N,VIIRS,n,2,298.78,2.02,D,0
18.07351,79.66573,332.26,0.39,0.36,2023-01-06,753,N,VIIRS,n,2,299.75,2.49,D,0
18.15774,80.39104,332.2,0.38,0.36,2023-01-06,753,N,VIIRS,n,2,298.94,2.6,D,0
18.34476,81.90623,336.35,0.4,0.37,2023-01-06,753,N,VIIRS,n,2,302.12,2.31,D,0
18.15326,80.62976,334.46,0.38,0.36,2023-01-06,753,N,VIIRS,n,2,299.67,2.33,D,0
16.55144,73.63969,338.69,0.5,0.49,2023-01-06,753,N,VIIRS,n,2,300.76,3.66,D,0
16.37415,73.54637,331.88,0.52,0.5,2023-01-06,753,N,VIIRS,n,2,301.94,3.29,D,0
16.50594,74.8608,343.67,0.42,0.45,2023-01-06,753,N,VIIRS,n,2,299.06,5.47,D,0
17.75306,82.74641,334.24,0.42,0.38,2023-01-06,753,N,VIIRS,n,2,299.03,3.1,D,0
16.57086,75.75207,330.3,0.56,0.43,2023-01-06,753,N,VIIRS,n,2,297.88,1.45,D,0
17.66777,82.7794,332.4,0.43,0.38,2023-01-06,753,N,VIIRS,n,2,298.79,6.11,D,0
17.27806,80.38811,330.24,0.38,0.36,2023-01-06,753,N,VIIRS,n,2,299.03,1.73,D,0
17.37991,81.26775,329.53,0.39,0.36,2023-01-06,753,N,VIIRS,n,2,297.05,2.81,D,0
17.27139,81.081,336.22,0.39,0.36,2023-01-06,753,N,VIIRS,n,2,299.21,5.11,D,0
17.27193,81.08462,334.29,0.39,0.36,2023-01-06,753,N,VIIRS,n,2,300.0,5.11,D,0
16.12656,75.50795,331.6,0.39,0.44,2023-01-06,753,N,VIIRS,n,2,301.73,2.88,D,0
17.01225,81.34248,342.17,0.39,0.36,2023-01-06,753,N,VIIRS,n,2,300.51,5.74,D,0
15.72886,73.82397,336.7,0.51,0.49,2023-01-06,753,N,VIIRS,n,2,299.79,3.23,D,0
15.73648,74.04761,341.54,0.49,0.49,2023-01-06,753,N,VIIRS,n,2,300.44,9.61,D,0
15.96319,75.50574,332.83,0.4,0.44,2023-01-06,753,N,VIIRS,n,2,300.46,2.64,D,0
16.43442,78.34333,332.35,0.42,0.38,2023-01-06,753,N,VIIRS,n,2,299.27,3.29,D,0
16.20502,77.85348,330.5,0.45,0.39,2023-01-06,753,N,VIIRS,n,2,299.64,2.53,D,0
16.55685,80.7375,338.17,0.38,0.36,2023-01-06,753,N,VIIRS,n,2,300.45,2.72,D,0
15.77392,76.38319,332.22,0.53,0.42,2023-01-06,753,N,VIIRS,n,2,297.6,4.72,D,0
15.49926,74.9817,330.05,0.43,0.46,2023-01-06,753,N,VIIRS,n,2,300.9,2.33,D,0
16.42047,80.59856,337.71,0.38,0.36,2023-01-06,753,N,VIIRS,n,2,300.24,3.87,D,0
16.38947,80.6624,330.91,0.38,0.36,2023-01-06,753,N,VIIRS,n,2,301.74,1.28,D,0
16.35045,80.54023,337.99,0.38,0.36,2023-01-06,753,N,VIIRS,n,2,302.91,6.95,D,0
16.36407,80.6739,332.43,0.38,0.36,2023-01-06,753,N,VIIRS,n,2,301.23,1.66,D,0
16.30745,80.34873,331.41,0.38,0.36,2023-01-06,753,N,VIIRS,n,2,297.31,2.7,D,0
16.308,80.35233,331.52,0.38,0.36,2023-01-06,753,N,VIIRS,n,2,297.89,2.7,D,0
16.17694,79.53752,335.55,0.39,0.37,2023-01-06,753,N,VIIRS,n,2,294.26,3.82,D,0
16.34048,80.67104,332.23,0.38,0.36,2023-01-06,753,N,VIIRS,n,2,300.78,2.79,D,0
16.34102,80.67461,340.18,0.38,0.36,2023-01-06,753,N,VIIRS,n,2,301.84,4.45,D,0
16.33335,80.64649,333.25,0.38,0.36,2023-01-06,753,N,VIIRS,n,2,302.0,1.81,D,0
16.33717,80.67158,334.37,0.38,0.36,2023-01-06,753,N,VIIRS,n,2,300.5,1.83,D,0
16.33658,80.69003,334.2,0.38,0.36,2023-01-06,753,N,VIIRS,n,2,301.66,2.34,D,0
16.29487,80.52791,341.26,0.38,0.36,2023-01-06,753,N,VIIRS,n,2,301.01,2.85,D,0
16.29651,80.53867,346.84,0.38,0.36,2023-01-06,753,N,VIIRS,n,2,300.71,5.82,D,0
16.28989,80.53976,347.15,0.38,0.36,2023-01-06,753,N,VIIRS,n,2,302.53,9.81,D,0
16.30904,80.66515,336.73,0.38,0.36,2023-01-06,753,N,VIIRS,n,2,301.63,2.29,D,0
16.27945,80.4937,345.36,0.38,0.36,2023-01-06,753,N,VIIRS,n,2,301.09,4.49,D,0
16.28875,80.57668,331.6,0.38,0.36,2023-01-06,753,N,VIIRS,n,2,300.42,1.48,D,0
16.2776,80.65927,339.02,0.38,0.36,2023-01-06,753,N,VIIRS,n,2,301.51,4.51,D,0
16.16051,80.42549,333.03,0.38,0.36,2023-01-06,753,N,VIIRS,n,2,300.72,2.48,D,0
15.79809,78.3663,334.56,0.43,0.38,2023-01-06,753,N,VIIRS,n,2,302.74,4.6,D,0
16.16632,80.68527,337.63,0.38,0.36,2023-01-06,753,N,VIIRS,n,2,300.49,2.34,D,0
16.16519,80.70013,345.19,0.38,0.36,2023-01-06,753,N,VIIRS,n,2,301.4,2.54,D,0
16.15803,80.69763,330.96,0.38,0.36,2023-01-06,753,N,VIIRS,n,2,300.74,2.23,D,0
15.06876,74.88343,334.58,0.45,0.47,2023-01-06,753,N,VIIRS,n,2,301.56,4.2,D,0
15.06588,74.88334,335.21,0.45,0.47,2023-01-06,753,N,VIIRS,n,2,302.18,5.3,D,0
15.96254,80.88027,329.9,0.38,0.36,2023-01-06,753,N,VIIRS,n,2,297.95,1.28,D,0
15.0695,76.45015,335.98,0.54,0.42,2023-01-06,753,N,VIIRS,n,2,299.63,8.61,D,0
14.90053,75.51304,340.16,0.41,0.45,2023-01-06,753,N,VIIRS,n,2,302.35,3.56,D,0
15.0173,76.33492,331.37,0.55,0.43,2023-01-06,753,N,VIIRS,n,2,298.75,6.24,D,0
14.82329,75.82796,342.05,0.39,0.44,2023-01-06,753,N,VIIRS,n,2,300.58,2.64,D,0
20.85401,81.20999,332.12,0.4,0.37,2023-01-06,754,N,VIIRS,n,2,298.87,3.18,D,0
17.92437,74.35529,331.53,0.43,0.46,2023-01-06,754,N,VIIRS,n,2,298.31,3.67,D,0
17.8089,73.74308,340.19,0.47,0.48,2023-01-06,754,N,VIIRS,n,2,297.92,5.6,D,0
18.96193,79.80732,329.56,0.38,0.36,2023-01-06,754,N,VIIRS,n,2,299.28,1.96,D,0
19.48252,82.75632,331.25,0.44,0.38,2023-01-06,754,N,VIIRS,n,2,297.82,2.57,D,0
19.95362,86.35537,344.49,0.46,0.47,2023-01-06,754,N,VIIRS,n,2,302.09,7.57,D,0
18.33768,75.05862,339.49,0.39,0.44,2023-01-06,754,N,VIIRS,n,2,296.51,4.85,D,0
19.61341,82.81904,330.18,0.44,0.39,2023-01-06,754,N,VIIRS,n,2,298.27,1.49,D,0
19.57808,82.50758,332.71,0.43,0.38,2023-01-06,754,N,VIIRS,n,2,299.7,9.99,D,0
19.58158,82.50704,353.68,0.43,0.38,2023-01-06,754,N,VIIRS,n,2,302.26,9.99,D,0
18.65724,76.54924,340.04,0.48,0.4,2023-01-06,754,N,VIIRS,n,2,298.2,5.73,D,0
18.11712,73.52877,340.23,0.48,0.48,2023-01-06,754,N,VIIRS,n,2,296.56,9.86,D,0
19.59959,82.53387,340.0,0.43,0.38,2023-01-06,754,N,VIIRS,n,2,298.91,3.82,D,0
18.79377,77.13351,333.77,0.45,0.39,2023-01-06,754,N,VIIRS,n,2,297.41,6.36,D,0
18.82406,77.20563,330.79,0.44,0.39,2023-01-06,754,N,VIIRS,l,2,302.37,12.12,D,0
19.68755,82.52126,334.63,0.43,0.38,2023-01-06,754,N,VIIRS,n,2,298.84,3.89,D,0
19.69104,82.52067,335.2,0.43,0.38,2023-01-06,754,N,VIIRS,n,2,297.56,3.89,D,0
18.16863,73.27986,338.28,0.5,0.49,2023-01-06,754,N,VIIRS,n,2,297.91,3.82,D,0
18.94916,77.32891,342.57,0.44,0.38,2023-01-06,754,N,VIIRS,n,2,295.32,4.12,D,0
18.22254,73.22076,332.45,0.5,0.49,2023-01-06,754,N,VIIRS,n,2,297.85,3.38,D,0
18.5482,74.95222,340.15,0.39,0.44,2023-01-06,754,N,VIIRS,n,2,294.72,6.44,D,0
19.01135,77.56714,337.58,0.43,0.38,2023-01-06,754,N,VIIRS,n,2,299.77,6.32,D,0
18.54956,74.9525,340.66,0.39,0.44,2023-01-06,754,N,VIIRS,n,2,297.31,6.02,D,0
18.22471,73.22292,335.07,0.5,0.49,2023-01-06,754,N,VIIRS,n,2,298.84,3.49,D,0
19.0583,77.61266,330.79,0.43,0.38,2023-01-06,754,N,VIIRS,n,2,299.54,5.2,D,0
18.2866,73.18111,343.33,0.5,0.49,2023-01-06,754,N,VIIRS,n,2,301.13,5.18,D,0
18.94391,76.49845,330.51,0.48,0.4,2023-01-06,754,N,VIIRS,n,2,295.8,5.59,D,0
19.06428,77.06813,332.8,0.45,0.39,2023-01-06,754,N,VIIRS,n,2,299.19,5.59,D,0
18.55067,74.19444,330.03,0.43,0.46,2023-01-06,754,N,VIIRS,n,2,296.22,1.41,D,0
19.0067,76.68802,341.36,0.47,0.39,2023-01-06,754,N,VIIRS,n,2,299.23,5.12,D,0
19.17252,76.95693,331.37,0.45,0.39,2023-01-06,754,N,VIIRS,n,2,299.32,3.56,D,0
19.23702,77.1667,332.15,0.44,0.38,2023-01-06,754,N,VIIRS,n,2,298.01,2.26,D,0
20.56469,86.25234,340.57,0.47,0.47,2023-01-06,754,N,VIIRS,n,2,300.33,2.36,D,0
18.75418,74.16685,335.37,0.43,0.46,2023-01-06,754,N,VIIRS,n,2,296.34,3.18,D,0
19.30549,77.16735,330.01,0.44,0.38,2023-01-06,754,N,VIIRS,n,2,295.79,1.61,D,0
19.34535,77.27537,335.37,0.44,0.38,2023-01-06,754,N,VIIRS,n,2,297.22,3.12,D,0
19.10369,75.64785,332.0,0.52,0.42,2023-01-06,754,N,VIIRS,n,2,295.31,4.37,D,0
18.88007,74.34773,332.09,0.42,0.45,2023-01-06,754,N,VIIRS,n,2,294.28,3.0,D,0
18.78522,73.84812,335.67,0.45,0.47,2023-01-06,754,N,VIIRS,n,2,298.12,4.89,D,0
19.40127,77.13306,332.52,0.44,0.38,2023-01-06,754,N,VIIRS,n,2,291.61,2.74,D,0
19.40479,77.1324,334.26,0.44,0.38,2023-01-06,754,N,VIIRS,n,2,290.62,4.84,D,0
20.83468,86.96404,350.9,0.52,0.5,2023-01-06,754,N,VIIRS,n,2,308.83,12.21,D,0
19.54191,77.54593,331.37,0.42,0.38,2023-01-06,754,N,VIIRS,n,2,297.87,3.95,D,0
19.53991,77.54725,332.98,0.42,0.38,2023-01-06,754,N,VIIRS,n,2,299.35,3.13,D,0
20.83313,86.96215,334.73,0.52,0.5,2023-01-06,754,N,VIIRS,l,2,305.51,6.53,D,0
20.83775,86.9616,331.47,0.52,0.5,2023-01-06,754,N,VIIRS,l,2,301.87,6.53,D,0
20.80144,85.77229,343.44,0.44,0.46,2023-01-06,754,N,VIIRS,n,2,303.17,8.61,D,0
19.39638,76.12171,339.36,0.49,0.4,2023-01-06,754,N,VIIRS,n,2,297.68,6.56,D,0
20.79173,85.25977,339.0,0.41,0.45,2023-01-06,754,N,VIIRS,n,2,300.88,3.38,D,2
18.85682,72.92817,342.08,0.51,0.49,2023-01-06,754,N,VIIRS,n,2,300.15,7.63,D,2
20.79538,85.2552,341.16,0.41,0.45,2023-01-06,754,N,VIIRS,n,2,303.21,3.38,D,2
18.86131,72.9271,343.26,0.51,0.49,2023-01-06,754,N,VIIRS,n,2,299.42,7.63,D,2
20.95042,86.04815,341.33,0.46,0.47,2023-01-06,754,N,VIIRS,n,2,303.33,4.38,D,2
19.15656,74.15783,330.68,0.42,0.45,2023-01-06,754,N,VIIRS,n,2,292.56,3.52,D,0
20.98102,86.26829,346.45,0.47,0.48,2023-01-06,754,N,VIIRS,n,2,305.56,6.73,D,0
19.15186,74.10857,332.17,0.43,0.46,2023-01-06,754,N,VIIRS,n,2,295.08,2.74,D,0
19.15602,74.10773,331.11,0.43,0.46,2023-01-06,754,N,VIIRS,n,2,293.59,2.74,D,0
19.15725,74.15786,333.37,0.42,0.45,2023-01-06,754,N,VIIRS,n,2,293.33,3.99,D,0
20.95102,86.04872,340.3,0.46,0.47,2023-01-06,754,N,VIIRS,n,2,303.31,5.36,D,2
19.15221,74.1087,339.92,0.43,0.46,2023-01-06,754,N,VIIRS,n,2,295.22,4.1,D,0
20.98006,86.26939,346.72,0.47,0.48,2023-01-06,754,N,VIIRS,n,2,304.95,8.75,D,0
20.96927,86.01494,341.38,0.45,0.47,2023-01-06,754,N,VIIRS,n,2,303.44,5.14,D,2
20.99232,85.90961,339.55,0.45,0.47,2023-01-06,754,N,VIIRS,n,2,302.79,6.42,D,0
20.94787,85.49586,330.57,0.42,0.45,2023-01-06,754,N,VIIRS,n,2,299.85,2.39,D,0
20.80692,84.34589,330.2,0.54,0.42,2023-01-06,754,N,VIIRS,n,2,298.48,2.59,D,0
20.96242,85.17664,331.86,0.4,0.45,2023-01-06,754,N,VIIRS,l,2,304.61,3.41,D,2
20.96196,85.17274,343.26,0.4,0.45,2023-01-06,754,N,VIIRS,n,2,308.07,6.93,D,2
20.96654,85.17612,331.95,0.4,0.45,2023-01-06,754,N,VIIRS,l,2,305.48,3.41,D,2
20.97154,85.14767,331.01,0.4,0.44,2023-01-06,754,N,VIIRS,n,2,304.48,2.2,D,2
19.12631,73.14882,333.18,0.49,0.48,2023-01-06,754,N,VIIRS,n,2,300.82,3.04,D,0
19.14218,73.06312,342.09,0.49,0.49,2023-01-06,754,N,VIIRS,n,2,298.91,6.12,D,0
21.20628,86.18365,335.55,0.47,0.48,2023-01-06,754,N,VIIRS,n,2,300.51,3.5,D,0
21.07434,85.04366,338.98,0.4,0.44,2023-01-06,754,N,VIIRS,n,2,306.34,3.96,D,2
21.07844,85.04313,335.05,0.4,0.44,2023-01-06,754,N,VIIRS,l,2,307.17,5.16,D,2
21.27397,86.66949,335.7,0.5,0.49,2023-01-06,754,N,VIIRS,n,2,302.14,3.44,D,0
21.22367,86.13989,342.23,0.47,0.47,2023-01-06,754,N,VIIRS,n,2,300.83,3.59,D,0
20.0887,77.9197,340.26,0.41,0.37,2023-01-06,754,N,VIIRS,n,2,298.29,4.24,D,0
19.53193,74.59219,343.07,0.39,0.44,2023-01-06,754,N,VIIRS,n,2,294.64,7.22,D,0
20.10975,77.91993,333.06,0.41,0.37,2023-01-06,754,N,VIIRS,n,2,299.02,1.39,D,0
20.11378,77.92321,337.13,0.41,0.37,2023-01-06,754,N,VIIRS,n,2,299.4,2.58,D,0
20.95597,83.65077,331.8,0.5,0.41,2023-01-06,754,N,VIIRS,n,2,299.83,1.92,D,0
20.11781,77.92647,343.79,0.41,0.37,2023-01-06,754,N,VIIRS,n,2,298.53,2.58,D,0
20.11718,77.92259,338.48,0.41,0.37,2023-01-06,754,N,VIIRS,n,2,299.45,2.58,D,0
20.96479,83.68887,343.36,0.5,0.41,2023-01-06,754,N,VIIRS,n,2,302.12,7.86,D,0
20.12058,77.92197,339.2,0.41,0.37,2023-01-06,754,N,VIIRS,n,2,299.21,2.96,D,0
20.11995,77.91809,347.18,0.41,0.37,2023-01-06,754,N,VIIRS,n,2,300.1,4.91,D,0
20.12398,77.92134,343.14,0.41,0.37,2023-01-06,754,N,VIIRS,n,2,298.46,2.96,D,0
20.68352,81.52712,336.37,0.41,0.37,2023-01-06,754,N,VIIRS,n,2,299.4,3.9,D,0
21.01532,83.75296,328.75,0.51,0.41,2023-01-06,754,N,VIIRS,l,2,300.38,4.38,D,0
19.63084,74.80771,334.59,0.57,0.43,2023-01-06,754,N,VIIRS,n,2,299.2,18.22,D,0
21.01114,83.65942,336.72,0.5,0.41,2023-01-06,754,N,VIIRS,n,2,299.96,4.15,D,0
19.6348,74.80689,337.19,0.57,0.43,2023-01-06,754,N,VIIRS,n,2,292.64,18.22,D,0
21.0107,83.56639,329.53,0.5,0.41,2023-01-06,754,N,VIIRS,l,2,300.31,5.06,D,0
21.03428,83.72036,339.54,0.5,0.41,2023-01-06,754,N,VIIRS,n,2,300.64,4.71,D,0
21.03753,83.56735,332.56,0.5,0.41,2023-01-06,754,N,VIIRS,n,2,299.6,3.04,D,0
19.76751,75.11451,335.1,0.55,0.42,2023-01-06,754,N,VIIRS,n,2,295.99,5.21,D,0
21.1037,83.78018,333.23,0.51,0.41,2023-01-06,754,N,VIIRS,n,2,300.29,3.6,D,0
21.1024,83.77721,343.83,0.51,0.41,2023-01-06,754,N,VIIRS,n,2,301.06,5.47,D,0
19.76694,75.11185,332.69,0.55,0.42,2023-01-06,754,N,VIIRS,n,2,295.89,5.34,D,0
21.1147,83.66083,333.06,0.5,0.41,2023-01-06,754,N,VIIRS,n,2,301.47,3.45,D,0
21.49838,86.85853,340.26,0.52,0.5,2023-01-06,754,N,VIIRS,n,2,302.22,4.57,D,0
20.64365,80.01253,336.47,0.38,0.36,2023-01-06,754,N,VIIRS,n,2,298.72,4.41,D,0
21.37029,85.34173,340.86,0.42,0.45,2023-01-06,754,N,VIIRS,n,2,302.61,3.55,D,0
21.17119,83.59357,332.25,0.5,0.41,2023-01-06,754,N,VIIRS,n,2,300.15,2.16,D,0
21.1655,83.55022,329.83,0.5,0.41,2023-01-06,754,N,VIIRS,l,2,301.03,1.76,D,0
21.54359,86.51557,337.76,0.5,0.49,2023-01-06,754,N,VIIRS,n,2,301.77,6.18,D,0
18.83382,79.72427,334.33,0.39,0.36,2023-01-06,754,N,VIIRS,n,2,300.82,2.29,D,0
21.57181,86.89883,345.78,0.53,0.5,2023-01-06,754,N,VIIRS,n,2,303.23,7.13,D,0
21.54461,86.51241,333.36,0.5,0.49,2023-01-06,754,N,VIIRS,n,2,302.23,3.36,D,0
21.24302,83.82466,331.85,0.51,0.41,2023-01-06,754,N,VIIRS,n,2,301.97,3.11,D,0
21.22704,83.60715,332.38,0.5,0.41,2023-01-06,754,N,VIIRS,n,2,300.43,2.3,D,0
20.88196,81.06017,333.29,0.4,0.37,2023-01-06,754,N,VIIRS,n,2,299.16,2.84,D,0
21.15981,83.05852,331.24,0.47,0.4,2023-01-06,754,N,VIIRS,n,2,300.89,2.35,D,0
21.20703,83.30488,335.46,0.48,0.4,2023-01-06,754,N,VIIRS,n,2,300.5,3.21,D,0
21.01893,81.85668,352.08,0.42,0.38,2023-01-06,754,N,VIIRS,n,2,302.88,9.48,D,0
21.27793,83.76408,331.14,0.51,0.41,2023-01-06,754,N,VIIRS,n,2,301.36,2.96,D,0
21.10734,82.05201,336.91,0.43,0.38,2023-01-06,754,N,VIIRS,n,2,303.55,7.46,D,0
21.11387,82.02164,335.53,0.43,0.38,2023-01-06,754,N,VIIRS,n,2,303.19,6.85,D,0
21.36632,83.89127,344.75,0.52,0.42,2023-01-06,754,N,VIIRS,n,2,302.28,5.28,D,0
21.37147,83.83945,333.04,0.52,0.41,2023-01-06,754,N,VIIRS,n,2,301.52,3.55,D,0
21.07985,81.62268,329.58,0.41,0.37,2023-01-06,754,N,VIIRS,n,2,300.43,1.8,D,0
21.38738,83.90366,334.67,0.52,0.42,2023-01-06,754,N,VIIRS,n,2,301.21,4.1,D,0
21.41733,83.86343,329.51,0.52,0.41,2023-01-06,754,N,VIIRS,n,2,300.19,3.18,D,0
21.15601,81.88991,330.36,0.42,0.38,2023-01-06,754,N,VIIRS,l,2,301.87,2.81,D,0
21.43061,83.81566,333.63,0.52,0.41,2023-01-06,754,N,VIIRS,n,2,300.29,2.72,D,0
21.31955,82.94891,333.23,0.47,0.39,2023-01-06,754,N,VIIRS,n,2,300.89,2.74,D,0
21.33233,83.01611,332.94,0.47,0.4,2023-01-06,754,N,VIIRS,n,2,302.43,2.57,D,0
21.31936,82.94569,331.52,0.47,0.39,2023-01-06,754,N,VIIRS,n,2,299.52,1.16,D,0
21.4879,84.16348,330.73,0.54,0.42,2023-01-06,754,N,VIIRS,n,2,303.24,4.65,D,0
19.93965,74.19788,334.43,0.41,0.45,2023-01-06,754,N,VIIRS,n,2,294.05,4.87,D,0
21.52937,84.43858,335.93,0.56,0.43,2023-01-06,754,N,VIIRS,n,2,301.53,6.95,D,0
21.52871,84.43317,339.59,0.56,0.43,2023-01-06,754,N,VIIRS,n,2,303.41,6.95,D,0
21.53267,84.43261,341.25,0.56,0.43,2023-01-06,754,N,VIIRS,n,2,302.08,6.58,D,0
21.11265,81.23625,328.56,0.4,0.37,2023-01-06,754,N,VIIRS,n,2,298.1,2.34,D,0
21.176,81.58743,330.15,0.41,0.37,2023-01-06,754,N,VIIRS,n,2,299.84,2.36,D,0
21.1818,81.38061,329.16,0.41,0.37,2023-01-06,754,N,VIIRS,n,2,298.26,1.67,D,2
21.41332,82.9823,335.93,0.47,0.4,2023-01-06,754,N,VIIRS,n,2,300.19,2.95,D,0
21.57428,84.15656,343.66,0.54,0.42,2023-01-06,754,N,VIIRS,n,2,302.17,8.81,D,0
21.57454,84.15902,332.65,0.54,0.42,2023-01-06,754,N,VIIRS,n,2,301.24,5.6,D,0
21.57391,84.15379,332.81,0.54,0.42,2023-01-06,754,N,VIIRS,n,2,300.87,4.38,D,0
21.47536,83.23724,331.86,0.48,0.4,2023-01-06,754,N,VIIRS,n,2,300.33,3.21,D,0
21.50292,83.30497,331.12,0.49,0.4,2023-01-06,754,N,VIIRS,n,2,299.85,2.01,D,0
22.05402,88.12309,328.46,0.32,0.54,2023-01-06,754,N,VIIRS,l,2,302.07,1.28,D,2
22.06446,88.12511,337.77,0.32,0.55,2023-01-06,754,N,VIIRS,n,2,296.93,3.39,D,2
22.06415,88.12197,336.02,0.32,0.54,2023-01-06,754,N,VIIRS,n,2,297.18,2.33,D,2
21.3903,81.7549,333.32,0.42,0.38,2023-01-06,754,N,VIIRS,n,2,302.13,2.32,D,0
21.80802,84.98,330.55,0.4,0.44,2023-01-06,754,N,VIIRS,n,2,303.05,1.79,D,0
21.40792,81.80593,330.77,0.42,0.38,2023-01-06,754,N,VIIRS,l,2,302.8,4.04,D,0
21.41596,81.81297,330.69,0.42,0.38,2023-01-06,754,N,VIIRS,n,2,303.93,1.49,D,0
21.41729,81.7713,330.06,0.42,0.38,2023-01-06,754,N,VIIRS,n,2,303.48,1.65,D,0
21.74756,84.23957,332.21,0.55,0.43,2023-01-06,754,N,VIIRS,n,2,304.37,4.27,D,0
21.82926,84.87798,331.11,0.4,0.44,2023-01-06,754,N,VIIRS,l,2,301.9,1.9,D,0
21.75214,84.24435,342.54,0.55,0.43,2023-01-06,754,N,VIIRS,n,2,304.26,6.7,D,0
21.75148,84.23903,341.33,0.55,0.43,2023-01-06,754,N,VIIRS,n,2,304.15,4.27,D,0
21.83475,84.88915,347.84,0.4,0.44,2023-01-06,754,N,VIIRS,n,2,304.87,10.89,D,0
21.77851,84.32781,348.27,0.56,0.43,2023-01-06,754,N,VIIRS,n,2,304.87,17.19,D,0
21.86134,84.93703,340.02,0.4,0.44,2023-01-06,754,N,VIIRS,n,2,303.05,3.88,D,0
21.86087,84.93311,340.55,0.4,0.44,2023-01-06,754,N,VIIRS,n,2,303.1,3.63,D,0
21.99204,85.74278,342.52,0.45,0.47,2023-01-06,754,N,VIIRS,n,2,310.57,44.28,D,0
21.54931,82.28853,333.26,0.44,0.38,2023-01-06,754,N,VIIRS,n,2,303.32,2.29,D,0
22.12525,86.97099,328.46,0.54,0.51,2023-01-06,754,N,VIIRS,n,2,300.08,2.55,D,0
21.99331,85.74319,340.08,0.45,0.47,2023-01-06,754,N,VIIRS,n,2,303.44,34.54,D,0
21.99282,85.73881,294.78,0.45,0.47,2023-01-06,754,N,VIIRS,l,2,306.93,35.92,D,0
21.77389,83.84187,332.78,0.52,0.42,2023-01-06,754,N,VIIRS,n,2,299.86,2.54,D,0
22.00934,85.65211,331.58,0.45,0.47,2023-01-06,754,N,VIIRS,n,2,302.48,2.77,D,0
21.71511,83.22437,354.4,0.49,0.4,2023-01-06,754,N,VIIRS,n,2,306.76,19.64,D,0
21.7145,83.21967,347.1,0.49,0.4,2023-01-06,754,N,VIIRS,n,2,304.19,7.4,D,0
22.34857,88.81676,328.55,0.36,0.57,2023-01-06,754,N,VIIRS,n,2,295.5,1.8,D,0
21.7349,83.20228,336.46,0.48,0.4,2023-01-06,754,N,VIIRS,n,2,302.25,4.43,D,0
21.72298,82.88453,332.21,0.47,0.4,2023-01-06,754,N,VIIRS,n,2,301.7,2.82,D,0
21.91664,84.22389,334.26,0.55,0.43,2023-01-06,754,N,VIIRS,n,2,302.5,5.83,D,0
21.91598,84.22246,338.13,0.55,0.43,2023-01-06,754,N,VIIRS,n,2,302.72,3.84,D,0
21.91991,84.22187,334.26,0.55,0.43,2023-01-06,754,N,VIIRS,n,2,303.75,3.4,D,0
22.28758,87.47079,329.36,0.58,0.52,2023-01-06,754,N,VIIRS,n,2,298.96,2.9,D,0
21.70995,82.4458,334.91,0.45,0.39,2023-01-06,754,N,VIIRS,n,2,303.03,2.85,D,0
21.9228,84.01765,342.37,0.54,0.42,2023-01-06,754,N,VIIRS,n,2,303.54,7.82,D,0
21.77622,82.86484,333.62,0.47,0.4,2023-01-06,754,N,VIIRS,n,2,302.88,2.73,D,0
21.92668,84.0171,335.79,0.54,0.42,2023-01-06,754,N,VIIRS,n,2,303.6,4.44,D,0
21.78045,82.86881,332.08,0.47,0.4,2023-01-06,754,N,VIIRS,n,2,300.14,2.69,D,0
21.26304,79.19064,333.34,0.38,0.36,2023-01-06,754,N,VIIRS,n,2,300.08,2.57,D,0
22.32901,87.44274,367.0,0.58,0.52,2023-01-06,754,N,VIIRS,h,2,301.86,13.72,D,0
21.78674,82.77588,348.46,0.46,0.39,2023-01-06,754,N,VIIRS,n,2,303.31,8.62,D,0
21.79037,82.77534,335.0,0.46,0.39,2023-01-06,754,N,VIIRS,n,2,302.45,6.1,D,0
21.76917,82.56129,335.86,0.45,0.39,2023-01-06,754,N,VIIRS,n,2,307.52,3.67,D,0
21.77276,82.56074,333.95,0.45,0.39,2023-01-06,754,N,VIIRS,n,2,303.17,3.67,D,0
21.79535,82.67435,345.2,0.46,0.39,2023-01-06,754,N,VIIRS,n,2,305.36,5.15,D,0
21.88985,83.36094,347.3,0.49,0.41,2023-01-06,754,N,VIIRS,n,2,305.58,6.53,D,0
21.80257,82.67326,342.96,0.46,0.39,2023-01-06,754,N,VIIRS,n,2,304.65,5.37,D,0
21.8842,83.23074,333.36,0.49,0.4,2023-01-06,754,N,VIIRS,l,2,304.34,1.9,D,0
21.88791,83.2302,330.14,0.49,0.4,2023-01-06,754,N,VIIRS,l,2,302.87,2.51,D,0
21.88612,82.97055,335.3,0.47,0.4,2023-01-06,754,N,VIIRS,n,2,301.53,3.47,D,0
21.91985,83.17413,341.11,0.49,0.4,2023-01-06,754,N,VIIRS,n,2,304.07,5.8,D,0
21.92356,83.17358,344.99,0.49,0.4,2023-01-06,754,N,VIIRS,n,2,302.98,5.8,D,0
21.92174,83.15945,331.55,0.48,0.4,2023-01-06,754,N,VIIRS,n,2,302.1,2.02,D,0
21.91389,83.0985,335.58,0.48,0.4,2023-01-06,754,N,VIIRS,n,2,302.71,2.88,D,0
22.07799,84.34544,338.1,0.56,0.43,2023-01-06,754,N,VIIRS,n,2,306.63,12.15,D,0
21.90983,83.00924,343.79,0.48,0.4,2023-01-06,754,N,VIIRS,n,2,303.18,5.55,D,0
22.08196,84.34492,346.62,0.56,0.43,2023-01-06,754,N,VIIRS,n,2,303.06,13.15,D,0
21.44815,79.69588,331.72,0.38,0.36,2023-01-06,754,N,VIIRS,n,2,299.32,3.24,D,0
22.08257,84.2841,334.12,0.56,0.43,2023-01-06,754,N,VIIRS,l,2,306.05,28.82,D,0
22.08586,84.27814,332.82,0.56,0.43,2023-01-06,754,N,VIIRS,l,2,302.92,11.67,D,0
21.9037,82.73643,336.5,0.46,0.39,2023-01-06,754,N,VIIRS,n,2,305.57,3.91,D,0
21.92051,82.83501,339.65,0.47,0.4,2023-01-06,754,N,VIIRS,n,2,303.96,3.94,D,0
21.92476,82.83902,330.27,0.47,0.4,2023-01-06,754,N,VIIRS,l,2,304.16,6.5,D,0
21.92415,82.83448,337.25,0.47,0.4,2023-01-06,754,N,VIIRS,l,2,309.17,3.94,D,0
21.82475,82.04611,334.51,0.43,0.38,2023-01-06,754,N,VIIRS,n,2,302.54,4.88,D,0
21.90632,82.50996,333.05,0.45,0.39,2023-01-06,754,N,VIIRS,l,2,304.11,4.56,D,0
21.88499,82.35352,347.03,0.45,0.39,2023-01-06,754,N,VIIRS,n,2,307.83,8.85,D,0
21.94721,82.78494,345.5,0.47,0.39,2023-01-06,754,N,VIIRS,n,2,308.46,16.35,D,0
21.88408,82.35468,347.18,0.45,0.39,2023-01-06,754,N,VIIRS,n,2,308.31,10.59,D,0
21.90765,82.50642,333.47,0.45,0.39,2023-01-06,754,N,VIIRS,l,2,307.75,3.57,D,0
21.94771,82.78625,341.94,0.47,0.39,2023-01-06,754,N,VIIRS,n,2,308.91,30.92,D,0
21.95076,82.78117,354.38,0.47,0.39,2023-01-06,754,N,VIIRS,n,2,310.83,30.92,D,0
21.95439,82.78063,335.02,0.47,0.39,2023-01-06,754,N,VIIRS,n,2,304.43,2.99,D,0
22.21481,84.86976,333.34,0.4,0.44,2023-01-06,754,N,VIIRS,n,2,302.58,2.82,D,2
22.58241,88.10493,334.05,0.32,0.55,2023-01-06,754,N,VIIRS,n,2,295.8,1.98,D,0
22.07683,83.44093,334.22,0.5,0.41,2023-01-06,754,N,VIIRS,n,2,305.23,3.53,D,0
21.87265,81.89478,336.51,0.43,0.38,2023-01-06,754,N,VIIRS,n,2,302.85,3.02,D,0
22.09377,83.45335,334.58,0.5,0.41,2023-01-06,754,N,VIIRS,l,2,305.94,38.33,D,0
22.09252,83.44359,332.55,0.5,0.41,2023-01-06,754,N,VIIRS,l,2,304.23,5.81,D,0
22.02867,82.95087,333.74,0.47,0.4,2023-01-06,754,N,VIIRS,n,2,303.48,3.34,D,0
22.09691,83.44791,340.08,0.5,0.41,2023-01-06,754,N,VIIRS,n,2,308.58,38.33,D,0
22.09628,83.44303,343.65,0.5,0.41,2023-01-06,754,N,VIIRS,n,2,307.87,5.81,D,0
22.09566,83.43816,336.22,0.5,0.41,2023-01-06,754,N,VIIRS,n,2,305.36,5.81,D,0
21.98824,82.53447,336.5,0.45,0.39,2023-01-06,754,N,VIIRS,n,2,303.7,2.97,D,0
22.05309,82.99424,330.72,0.48,0.4,2023-01-06,754,N,VIIRS,l,2,303.16,4.32,D,0
22.01748,82.67031,346.24,0.46,0.39,2023-01-06,754,N,VIIRS,n,2,314.71,29.41,D,0
22.0223,82.67869,334.25,0.46,0.39,2023-01-06,754,N,VIIRS,l,2,308.03,6.78,D,0
22.0211,82.66975,344.62,0.46,0.39,2023-01-06,754,N,VIIRS,n,2,305.18,14.96,D,0
22.02651,82.68262,334.0,0.46,0.39,2023-01-06,754,N,VIIRS,l,2,304.37,6.78,D,0
22.02591,82.67814,340.44,0.46,0.39,2023-01-06,754,N,VIIRS,n,2,308.37,6.78,D,0
22.00921,82.473,340.86,0.45,0.39,2023-01-06,754,N,VIIRS,n,2,304.57,7.22,D,0
22.00862,82.46861,341.33,0.45,0.39,2023-01-06,754,N,VIIRS,n,2,304.04,3.2,D,0
22.0128,82.47246,344.14,0.45,0.39,2023-01-06,754,N,VIIRS,n,2,306.63,7.22,D,0
22.01074,82.47366,346.17,0.45,0.39,2023-01-06,754,N,VIIRS,n,2,306.47,10.68,D,0
22.01017,82.46926,342.25,0.45,0.39,2023-01-06,754,N,VIIRS,n,2,305.9,4.26,D,0
22.01433,82.47311,337.33,0.45,0.39,2023-01-06,754,N,VIIRS,n,2,302.89,3.05,D,0
22.01503,82.45061,334.89,0.45,0.39,2023-01-06,754,N,VIIRS,n,2,303.38,9.43,D,0
22.0889,82.93372,341.16,0.47,0.4,2023-01-06,754,N,VIIRS,n,2,301.38,4.08,D,0
22.03559,82.52364,331.76,0.45,0.39,2023-01-06,754,N,VIIRS,l,2,305.44,3.49,D,0
22.04394,82.53136,331.61,0.45,0.39,2023-01-06,754,N,VIIRS,l,2,305.91,3.26,D,0
22.11916,82.31221,340.51,0.45,0.39,2023-01-06,754,N,VIIRS,n,2,305.01,4.85,D,0
21.52036,78.20092,349.59,0.39,0.37,2023-01-06,754,N,VIIRS,n,2,297.92,4.48,D,0
21.52371,78.20033,346.22,0.39,0.37,2023-01-06,754,N,VIIRS,n,2,297.76,4.48,D,0
22.15496,82.22746,336.2,0.44,0.39,2023-01-06,754,N,VIIRS,l,2,306.28,2.62,D,0
22.16967,81.93991,332.31,0.43,0.38,2023-01-06,754,N,VIIRS,l,2,303.86,12.48,D,0
22.17318,81.93935,332.51,0.43,0.38,2023-01-06,754,N,VIIRS,n,2,302.03,11.21,D,0
22.22303,82.06931,334.6,0.44,0.38,2023-01-06,754,N,VIIRS,n,2,305.01,2.49,D,0
23.40287,93.19154,341.14,0.69,0.74,2023-01-06,754,N,VIIRS,n,2,293.69,8.02,D,0
22.78868,86.20683,328.71,0.49,0.49,2023-01-06,754,N,VIIRS,l,2,302.93,4.1,D,2
22.78556,86.20416,336.59,0.49,0.49,2023-01-06,754,N,VIIRS,n,2,304.92,3.06,D,2
22.78956,86.19881,335.46,0.49,0.49,2023-01-06,754,N,VIIRS,n,2,305.55,3.06,D,2
23.40182,93.19067,345.97,0.69,0.74,2023-01-06,754,N,VIIRS,n,2,294.34,7.95,D,0
23.2679,88.03329,340.08,0.33,0.55,2023-01-06,754,N,VIIRS,n,2,297.68,3.0,D,0
21.10901,72.64773,336.41,0.48,0.48,2023-01-06,754,N,VIIRS,n,2,298.87,8.57,D,2
23.32436,87.64021,335.57,0.62,0.54,2023-01-06,754,N,VIIRS,n,2,299.34,4.68,D,0
23.37332,87.62041,336.72,0.61,0.54,2023-01-06,754,N,VIIRS,n,2,299.27,5.0,D,0
23.47551,88.04153,330.23,0.33,0.55,2023-01-06,754,N,VIIRS,n,2,297.16,1.94,D,0
22.47537,79.39789,341.09,0.38,0.36,2023-01-06,755,N,VIIRS,n,2,306.71,4.24,D,0
23.92809,92.75995,332.63,0.66,0.73,2023-01-06,755,N,VIIRS,n,2,291.34,3.53,D,0
21.66902,74.49802,342.47,0.55,0.43,2023-01-06,755,N,VIIRS,n,2,296.64,8.68,D,0
23.64034,88.0933,331.07,0.33,0.55,2023-01-06,755,N,VIIRS,n,2,296.47,1.98,D,0
23.55823,87.23935,338.26,0.58,0.52,2023-01-06,755,N,VIIRS,n,2,299.48,6.47,D,2
22.45527,78.51803,329.58,0.39,0.36,2023-01-06,755,N,VIIRS,n,2,297.5,3.97,D,0
23.58122,87.12605,333.62,0.58,0.52,2023-01-06,755,N,VIIRS,n,2,298.07,3.91,D,0
23.7151,88.11215,326.88,0.33,0.56,2023-01-06,755,N,VIIRS,n,2,295.94,1.95,D,0
23.75642,87.98398,349.26,0.33,0.55,2023-01-06,755,N,VIIRS,n,2,298.57,3.57,D,0
23.66421,86.49524,329.47,0.53,0.5,2023-01-06,755,N,VIIRS,n,2,297.9,2.4,D,0
23.16911,82.34435,334.08,0.46,0.39,2023-01-06,755,N,VIIRS,n,2,302.15,3.5,D,2
23.66567,86.37977,331.06,0.52,0.5,2023-01-06,755,N,VIIRS,n,2,297.62,3.21,D,0
22.59311,78.31525,343.17,0.39,0.36,2023-01-06,755,N,VIIRS,n,2,297.2,6.51,D,0
23.6652,86.38226,330.28,0.52,0.5,2023-01-06,755,N,VIIRS,n,2,297.5,1.66,D,0
23.81461,87.8583,356.97,0.32,0.55,2023-01-06,755,N,VIIRS,n,2,298.63,4.35,D,0
23.68525,86.39539,340.71,0.52,0.5,2023-01-06,755,N,VIIRS,n,2,302.65,5.5,D,2
23.68472,86.39037,330.67,0.52,0.5,2023-01-06,755,N,VIIRS,l,2,301.69,5.5,D,2
20.89015,70.71763,354.83,0.32,0.55,2023-01-06,755,N,VIIRS,n,2,295.77,4.84,D,0
23.68121,86.09414,329.0,0.5,0.49,2023-01-06,755,N,VIIRS,n,2,300.41,3.03,D,2
23.76078,86.4016,333.37,0.52,0.5,2023-01-06,755,N,VIIRS,l,2,307.21,5.04,D,2
23.7595,86.40367,336.97,0.52,0.5,2023-01-06,755,N,VIIRS,n,2,305.29,4.13,D,2
23.77997,86.37498,330.55,0.52,0.5,2023-01-06,755,N,VIIRS,n,2,303.81,3.89,D,2
23.79168,86.35275,338.78,0.52,0.5,2023-01-06,755,N,VIIRS,n,2,302.88,4.22,D,2
23.79629,86.35219,342.93,0.52,0.5,2023-01-06,755,N,VIIRS,n,2,304.94,7.77,D,2
23.78136,86.20965,333.42,0.51,0.49,2023-01-06,755,N,VIIRS,l,2,304.21,4.66,D,2
23.80335,86.33044,344.54,0.52,0.5,2023-01-06,755,N,VIIRS,n,2,307.73,9.72,D,2
21.7678,72.62977,334.25,0.47,0.48,2023-01-06,755,N,VIIRS,n,2,296.84,3.69,D,0
24.0417,87.96823,325.08,0.33,0.55,2023-01-06,755,N,VIIRS,l,2,295.15,2.95,D,0
22.99499,78.80794,333.43,0.38,0.36,2023-01-06,755,N,VIIRS,n,2,302.28,11.0,D,0
23.14684,79.63677,328.51,0.39,0.36,2023-01-06,755,N,VIIRS,n,2,297.61,1.91,D,0
23.15453,79.59689,334.21,0.39,0.36,2023-01-06,755,N,VIIRS,n,2,303.08,6.14,D,0
22.85187,77.62724,348.11,0.4,0.37,2023-01-06,755,N,VIIRS,n,2,300.98,13.31,D,0
23.01462,78.63116,335.42,0.39,0.36,2023-01-06,755,N,VIIRS,n,2,300.06,6.0,D,0
22.85586,77.63049,350.16,0.4,0.37,2023-01-06,755,N,VIIRS,n,2,299.93,13.31,D,0
22.85523,77.62661,348.88,0.4,0.37,2023-01-06,755,N,VIIRS,n,2,302.2,13.31,D,0
24.62049,93.81743,329.29,0.77,0.78,2023-01-06,755,N,VIIRS,n,2,291.01,4.96,D,0
24.64782,93.78394,339.71,0.77,0.77,2023-01-06,755,N,VIIRS,n,2,290.97,9.07,D,0
24.6551,93.78357,349.07,0.77,0.77,2023-01-06,755,N,VIIRS,n,2,289.81,14.26,D,0
23.15219,79.3088,344.84,0.38,0.36,2023-01-06,755,N,VIIRS,n,2,300.28,4.03,D,0
23.15162,79.30507,331.54,0.38,0.36,2023-01-06,755,N,VIIRS,n,2,300.19,2.17,D,0
23.03725,78.29943,331.57,0.39,0.36,2023-01-06,755,N,VIIRS,n,2,299.58,1.84,D,0
24.64907,93.77952,356.17,0.77,0.77,2023-01-06,755,N,VIIRS,n,2,291.47,20.21,D,0
23.04113,77.45634,329.75,0.4,0.37,2023-01-06,755,N,VIIRS,n,2,301.99,3.21,D,0
23.0445,77.4557,341.21,0.4,0.37,2023-01-06,755,N,VIIRS,n,2,300.68,3.21,D,0
22.12485,72.15923,340.29,0.49,0.49,2023-01-06,755,N,VIIRS,n,2,296.43,7.24,D,0
23.16601,77.74755,339.86,0.4,0.37,2023-01-06,755,N,VIIRS,n,2,300.45,4.05,D,0
23.69195,79.84509,327.16,0.39,0.36,2023-01-06,755,N,VIIRS,n,2,298.6,1.69,D,0
22.26687,71.52242,336.84,0.54,0.51,2023-01-06,755,N,VIIRS,n,2,296.53,4.65,D,0
24.16998,82.55908,327.68,0.48,0.4,2023-01-06,755,N,VIIRS,l,2,302.42,3.11,D,2
24.16855,82.56076,327.01,0.48,0.4,2023-01-06,755,N,VIIRS,l,2,300.7,3.09,D,2
25.48379,92.2767,326.98,0.63,0.72,2023-01-06,755,N,VIIRS,n,2,294.1,2.95,D,0
24.44168,80.92259,348.2,0.42,0.37,2023-01-06,755,N,VIIRS,n,2,298.62,12.31,D,0
25.68642,93.73907,326.2,0.78,0.78,2023-01-06,755,N,VIIRS,n,2,292.45,4.31,D,0
25.12461,84.44254,325.77,0.41,0.45,2023-01-06,755,N,VIIRS,n,2,292.8,1.69,D,0
24.06803,76.5924,346.74,0.42,0.37,2023-01-06,755,N,VIIRS,n,2,301.51,2.89,D,0
24.06735,76.58833,341.63,0.42,0.37,2023-01-06,755,N,VIIRS,n,2,300.23,2.89,D,0
24.83292,80.86101,339.16,0.42,0.37,2023-01-06,755,N,VIIRS,n,2,300.28,3.34,D,0
24.83235,80.85686,327.37,0.42,0.37,2023-01-06,755,N,VIIRS,l,2,301.01,3.34,D,0
24.8358,80.85629,333.57,0.42,0.37,2023-01-06,755,N,VIIRS,n,2,300.86,3.32,D,0
22.89777,69.91364,336.86,0.33,0.55,2023-01-06,755,N,VIIRS,n,2,300.94,3.12,D,0
23.21115,69.98931,348.31,0.32,0.55,2023-01-06,755,N,VIIRS,n,2,295.83,4.19,D,0
24.07994,72.40019,331.21,0.44,0.46,2023-01-06,755,N,VIIRS,n,2,298.62,2.4,D,0
25.83751,83.56185,327.92,0.56,0.43,2023-01-06,755,N,VIIRS,n,2,286.4,3.73,D,0
26.88697,92.13644,329.45,0.64,0.72,2023-01-06,755,N,VIIRS,n,2,298.12,4.79,D,0
25.02581,75.89688,328.01,0.43,0.38,2023-01-06,755,N,VIIRS,n,2,298.68,1.95,D,0
25.8898,78.96104,328.42,0.39,0.36,2023-01-06,755,N,VIIRS,n,2,288.16,2.17,D,0
27.26438,92.4345,326.99,0.68,0.74,2023-01-06,755,N,VIIRS,n,2,290.0,7.57,D,0
28.88299,77.33557,333.03,0.38,0.36,2023-01-06,756,N,VIIRS,n,2,288.14,2.85,D,0
26.46957,81.85088,329.94,0.47,0.4,2023-01-06,756,N,VIIRS,n,2,287.43,2.62,D,0
27.35879,88.2312,344.43,0.37,0.58,2023-01-06,756,N,VIIRS,n,2,294.49,6.93,D,0
27.35855,88.22807,330.84,0.37,0.58,2023-01-06,756,N,VIIRS,n,2,293.72,4.45,D,0
27.2309,84.27944,333.77,0.43,0.46,2023-01-06,756,N,VIIRS,n,2,292.85,2.43,D,0
26.28208,75.2992,328.74,0.44,0.38,2023-01-06,756,N,VIIRS,n,2,298.48,2.23,D,0
27.57838,80.9268,334.09,0.44,0.38,2023-01-06,756,N,VIIRS,n,2,289.81,3.23,D,0
27.83403,80.26238,327.23,0.42,0.38,2023-01-06,756,N,VIIRS,n,2,287.61,2.39,D,0
27.83903,78.9315,333.63,0.39,0.36,2023-01-06,756,N,VIIRS,n,2,286.87,1.96,D,0
28.01923,79.91183,336.5,0.41,0.37,2023-01-06,756,N,VIIRS,n,2,288.01,4.09,D,0
28.29597,80.68089,348.33,0.44,0.38,2023-01-06,756,N,VIIRS,n,2,285.38,6.66,D,0
28.28721,77.86972,329.26,0.38,0.36,2023-01-06,756,N,VIIRS,n,2,289.79,3.02,D,0
28.56402,77.95328,334.46,0.38,0.36,2023-01-06,756,N,VIIRS,n,2,288.86,4.36,D,0
28.55811,77.64445,325.01,0.38,0.36,2023-01-06,756,N,VIIRS,n,2,288.47,1.78,D,0
28.75797,77.46929,337.74,0.38,0.36,2023-01-06,756,N,VIIRS,n,2,289.36,4.87,D,0
28.89603,77.88631,326.5,0.38,0.36,2023-01-06,756,N,VIIRS,n,2,281.99,2.01,D,0
28.83062,77.45494,333.55,0.38,0.36,2023-01-06,756,N,VIIRS,n,2,288.64,3.55,D,0
29.2246,79.72225,326.86,0.42,0.37,2023-01-06,756,N,VIIRS,n,2,297.05,3.24,D,0
28.92026,77.40091,326.23,0.38,0.36,2023-01-06,756,N,VIIRS,n,2,288.64,1.81,D,0
28.92657,77.41987,330.21,0.38,0.36,2023-01-06,756,N,VIIRS,n,2,289.17,4.16,D,0
29.09205,78.09206,330.42,0.39,0.36,2023-01-06,756,N,VIIRS,n,2,285.67,2.19,D,0
29.27962,79.05995,328.9,0.4,0.37,2023-01-06,756,N,VIIRS,n,2,288.4,7.45,D,0
29.12149,77.85514,331.96,0.38,0.36,2023-01-06,756,N,VIIRS,n,2,288.43,2.35,D,0
28.88355,76.20907,325.81,0.39,0.37,2023-01-06,756,N,VIIRS,n,2,287.7,0.9,D,0
29.35379,78.87109,329.09,0.4,0.37,2023-01-06,756,N,VIIRS,n,2,287.79,2.42,D,0
29.61761,79.59515,335.68,0.41,0.37,2023-01-06,756,N,VIIRS,n,2,296.42,6.35,D,0
29.68511,79.6267,336.84,0.42,0.37,2023-01-06,756,N,VIIRS,n,2,298.85,3.94,D,0
29.7515,79.84286,331.25,0.42,0.38,2023-01-06,756,N,VIIRS,n,2,293.7,3.96,D,0
29.26855,76.4029,329.16,0.39,0.36,2023-01-06,756,N,VIIRS,n,2,288.19,2.18,D,0
30.70539,78.40066,325.14,0.39,0.37,2023-01-06,757,N,VIIRS,n,2,278.61,2.76,D,0
30.75957,78.55617,330.98,0.4,0.37,2023-01-06,757,N,VIIRS,n,2,287.54,3.33,D,0
30.76207,78.50023,339.57,0.4,0.37,2023-01-06,757,N,VIIRS,n,2,286.38,7.32,D,0
30.76543,78.49971,335.29,0.4,0.37,2023-01-06,757,N,VIIRS,n,2,279.5,7.32,D,0
30.98326,77.8012,329.32,0.39,0.36,2023-01-06,757,N,VIIRS,n,2,282.55,2.12,D,0
30.98717,77.80464,327.07,0.39,0.36,2023-01-06,757,N,VIIRS,n,2,283.71,2.93,D,0
30.98657,77.80047,326.95,0.39,0.36,2023-01-06,757,N,VIIRS,n,2,280.15,1.73,D,0
30.9971,77.8026,328.17,0.39,0.36,2023-01-06,757,N,VIIRS,n,2,280.08,2.55,D,0
31.079,78.20479,343.86,0.39,0.36,2023-01-06,757,N,VIIRS,n,2,277.66,8.74,D,0
31.2201,78.10197,336.46,0.39,0.36,2023-01-06,757,N,VIIRS,n,2,276.11,3.35,D,0
31.17574,77.49849,326.06,0.39,0.36,2023-01-06,757,N,VIIRS,n,2,279.99,2.45,D,0
31.17903,77.49775,341.48,0.39,0.36,2023-01-06,757,N,VIIRS,n,2,280.12,5.75,D,0
31.17844,77.49377,338.14,0.39,0.36,2023-01-06,757,N,VIIRS,n,2,280.93,5.75,D,0
31.9923,77.09606,329.49,0.39,0.36,2023-01-06,757,N,VIIRS,n,2,286.55,3.38,D,0
30.07022,80.5043,325.92,0.45,0.39,2023-01-06,757,N,VIIRS,l,2,296.91,11.08,D,0
30.06958,80.49928,336.53,0.45,0.39,2023-01-06,757,N,VIIRS,n,2,303.23,9.35,D,0
30.0441,80.18793,336.81,0.44,0.38,2023-01-06,757,N,VIIRS,n,2,302.12,8.2,D,0
30.0475,80.18652,326.74,0.44,0.38,2023-01-06,757,N,VIIRS,l,2,297.89,2.77,D,0
30.08235,80.37246,337.34,0.44,0.39,2023-01-06,757,N,VIIRS,n,2,299.93,10.23,D,0
29.92616,79.10073,328.15,0.4,0.37,2023-01-06,757,N,VIIRS,n,2,297.84,2.01,D,0
30.03461,78.22258,333.95,0.39,0.36,2023-01-06,757,N,VIIRS,n,2,284.5,5.42,D,0
29.97273,80.24757,331.48,0.44,0.38,2023-01-06,757,N,VIIRS,n,2,295.3,8.98,D,0
30.20356,79.11865,326.77,0.41,0.37,2023-01-06,757,N,VIIRS,n,2,301.42,3.58,D,0
30.61922,78.97723,330.67,0.41,0.37,2023-01-06,757,N,VIIRS,n,2,298.7,5.86,D,0
30.61861,78.97274,351.61,0.41,0.37,2023-01-06,757,N,VIIRS,n,2,303.99,15.08,D,0
31.99559,77.09531,327.92,0.39,0.36,2023-01-06,757,N,VIIRS,n,2,284.33,3.38,D,0
29.89367,79.42081,325.34,0.41,0.37,2023-01-06,757,N,VIIRS,n,2,295.15,3.71,D,0
27.56059,96.03767,295.88,0.36,0.57,2023-01-06,1840,N,VIIRS,n,2,282.56,0.21,N,2
27.55735,96.039,313.37,0.36,0.57,2023-01-06,1840,N,VIIRS,n,2,283.28,0.93,N,2
27.48854,96.09101,296.8,0.35,0.57,2023-01-06,1840,N,VIIRS,n,2,284.85,0.56,N,0
27.47058,95.42285,298.7,0.39,0.59,2023-01-06,1840,N,VIIRS,n,2,284.28,0.64,N,2
27.46083,95.47454,296.72,0.39,0.59,2023-01-06,1840,N,VIIRS,n,2,283.95,0.33,N,0
27.39251,95.43338,295.61,0.39,0.59,2023-01-06,1840,N,VIIRS,n,2,283.19,0.31,N,0
27.37542,95.08708,295.97,0.41,0.6,2023-01-06,1840,N,VIIRS,n,2,282.9,0.39,N,2
27.33869,95.4801,301.97,0.39,0.59,2023-01-06,1840,N,VIIRS,n,2,283.77,0.41,N,0
27.31647,95.26553,343.47,0.4,0.6,2023-01-06,1840,N,VIIRS,n,2,284.77,3.07,N,0
27.31768,95.26531,343.3,0.4,0.6,2023-01-06,1840,N,VIIRS,n,2,285.06,3.0,N,0
27.33404,92.44769,306.44,0.59,0.7,2023-01-06,1840,N,VIIRS,n,2,279.19,2.39,N,0
31.31013,77.61936,310.71,0.48,0.4,2023-01-06,2021,N,VIIRS,n,2,278.21,2.1,N,0
25.29266,92.28708,316.41,0.49,0.65,2023-01-06,2021,N,VIIRS,n,2,284.7,1.93,N,0
25.29493,92.28913,314.99,0.49,0.65,2023-01-06,2021,N,VIIRS,n,2,284.1,2.12,N,0
28.34214,77.28934,295.65,0.46,0.39,2023-01-06,2021,N,VIIRS,n,2,277.85,0.59,N,0
29.90712,74.94334,316.74,0.42,0.45,2023-01-06,2021,N,VIIRS,n,2,278.74,6.94,N,2
29.90665,74.94775,352.99,0.42,0.45,2023-01-06,2021,N,VIIRS,n,2,278.4,6.94,N,2
29.91038,74.95279,303.62,0.42,0.45,2023-01-06,2021,N,VIIRS,n,2,278.18,3.49,N,2
29.91179,74.93953,296.47,0.42,0.45,2023-01-06,2021,N,VIIRS,n,2,277.91,1.05,N,0
29.91085,74.94838,348.53,0.42,0.45,2023-01-06,2021,N,VIIRS,n,2,290.27,18.5,N,2
29.91132,74.94395,337.96,0.42,0.45,2023-01-06,2021,N,VIIRS,n,2,279.95,18.5,N,2
29.91505,74.94898,314.43,0.42,0.45,2023-01-06,2021,N,VIIRS,n,2,279.0,18.5,N,0
29.91552,74.94457,304.63,0.42,0.45,2023-01-06,2021,N,VIIRS,n,2,278.71,18.5,N,0
29.91925,74.9496,295.74,0.42,0.45,2023-01-06,2021,N,VIIRS,n,2,279.03,1.09,N,0
29.98352,79.44937,298.15,0.41,0.37,2023-01-06,2021,N,VIIRS,n,2,280.8,0.79,N,0
29.96524,80.24907,306.04,0.39,0.36,2023-01-06,2021,N,VIIRS,n,2,278.43,1.18,N,0
29.96583,80.24513,303.95,0.39,0.36,2023-01-06,2021,N,VIIRS,n,2,278.81,0.86,N,0
29.96643,80.24102,296.03,0.39,0.36,2023-01-06,2021,N,VIIRS,n,2,277.6,0.86,N,0
29.99183,80.09206,297.65,0.39,0.36,2023-01-06,2021,N,VIIRS,n,2,278.39,0.77,N,0
30.04127,79.91874,295.04,0.4,0.37,2023-01-06,2021,N,VIIRS,n,2,277.34,0.49,N,0
30.03966,80.18594,299.74,0.39,0.36,2023-01-06,2021,N,VIIRS,n,2,277.54,0.7,N,0
30.04233,80.19102,300.93,0.39,0.36,2023-01-06,2021,N,VIIRS,n,2,275.52,1.27,N,0
30.04203,80.28486,298.69,0.39,0.36,2023-01-06,2021,N,VIIRS,n,2,276.17,1.15,N,0
30.04261,80.28098,314.62,0.39,0.36,2023-01-06,2021,N,VIIRS,n,2,277.74,1.15,N,0
30.11598,80.07845,322.54,0.39,0.36,2023-01-06,2021,N,VIIRS,n,2,278.52,2.34,N,0
30.07565,80.37402,299.02,0.39,0.36,2023-01-06,2021,N,VIIRS,n,2,276.09,0.8,N,0
30.07624,80.37019,304.43,0.39,0.36,2023-01-06,2021,N,VIIRS,n,2,276.02,0.8,N,0
30.18815,80.22867,312.05,0.39,0.36,2023-01-06,2021,N,VIIRS,n,2,279.06,2.8,N,0
30.18757,80.23259,335.41,0.39,0.36,2023-01-06,2021,N,VIIRS,n,2,281.4,3.75,N,0
30.1891,80.24543,295.37,0.39,0.36,2023-01-06,2021,N,VIIRS,n,2,279.61,1.07,N,0
27.31752,95.26701,307.19,0.65,0.73,2023-01-06,2021,N,VIIRS,n,2,283.65,1.8,N,0
27.56019,96.03886,303.12,0.71,0.75,2023-01-06,2021,N,VIIRS,n,2,282.38,1.36,N,2
31.23259,77.85564,303.45,0.47,0.4,2023-01-06,2021,N,VIIRS,n,2,273.71,1.86,N,0
31.23553,77.86169,306.02,0.47,0.4,2023-01-06,2021,N,VIIRS,n,2,271.04,1.35,N,0
27.55998,96.03745,298.08,0.71,0.75,2023-01-06,2021,N,VIIRS,n,2,282.1,0.44,N,2
31.30578,77.62424,296.92,0.48,0.4,2023-01-06,2021,N,VIIRS,n,2,278.24,0.97,N,0
23.79122,85.55521,297.02,0.41,0.45,2023-01-06,2022,N,VIIRS,n,2,284.22,0.72,N,0
27.6723,71.96517,302.44,0.6,0.53,2023-01-06,2022,N,VIIRS,n,2,274.97,1.09,N,0
26.27315,74.1908,295.53,0.42,0.45,2023-01-06,2022,N,VIIRS,n,2,284.46,0.4,N,2
26.26475,74.18962,296.88,0.42,0.45,2023-01-06,2022,N,VIIRS,n,2,283.93,1.21,N,2
24.12054,86.35697,296.42,0.45,0.47,2023-01-06,2022,N,VIIRS,n,2,282.79,0.51,N,2
24.11719,86.35152,297.83,0.45,0.47,2023-01-06,2022,N,VIIRS,n,2,282.81,0.82,N,2
23.80177,87.04877,317.32,0.5,0.49,2023-01-06,2022,N,VIIRS,n,2,290.79,2.03,N,2
23.79731,87.04765,299.25,0.5,0.49,2023-01-06,2022,N,VIIRS,n,2,283.87,2.03,N,2
23.69497,87.10764,299.25,0.51,0.49,2023-01-06,2022,N,VIIRS,n,2,284.38,1.39,N,2
23.69395,87.11259,296.84,0.51,0.49,2023-01-06,2022,N,VIIRS,n,2,284.01,1.05,N,2
23.69293,87.11758,299.34,0.51,0.49,2023-01-06,2022,N,VIIRS,n,2,284.91,1.05,N,2
23.69191,87.12254,310.02,0.51,0.49,2023-01-06,2022,N,VIIRS,n,2,286.11,1.81,N,2
23.68741,87.12148,301.17,0.51,0.49,2023-01-06,2022,N,VIIRS,n,2,284.18,1.15,N,2
23.65261,87.24427,296.62,0.52,0.5,2023-01-06,2022,N,VIIRS,n,2,283.85,0.65,N,0
23.80763,86.32991,299.99,0.45,0.47,2023-01-06,2022,N,VIIRS,n,2,286.14,0.78,N,2
23.80336,86.32889,339.0,0.45,0.47,2023-01-06,2022,N,VIIRS,n,2,291.59,6.44,N,2
23.80602,86.3158,299.92,0.45,0.47,2023-01-06,2022,N,VIIRS,n,2,289.11,2.17,N,2
23.79456,86.35011,337.43,0.46,0.47,2023-01-06,2022,N,VIIRS,n,2,292.29,4.3,N,2
23.79366,86.3545,327.12,0.46,0.47,2023-01-06,2022,N,VIIRS,n,2,289.37,4.3,N,2
23.79636,86.34124,295.21,0.46,0.47,2023-01-06,2022,N,VIIRS,n,2,284.73,1.83,N,0
23.79005,86.37224,296.12,0.46,0.47,2023-01-06,2022,N,VIIRS,n,2,284.22,0.7,N,2
23.78939,86.35348,303.17,0.46,0.47,2023-01-06,2022,N,VIIRS,n,2,286.01,1.46,N,2
23.78123,86.39345,312.15,0.46,0.47,2023-01-06,2022,N,VIIRS,n,2,289.03,1.19,N,2
23.78032,86.39794,295.39,0.46,0.47,2023-01-06,2022,N,VIIRS,n,2,283.55,1.19,N,2
23.78872,86.33479,300.93,0.45,0.47,2023-01-06,2022,N,VIIRS,n,2,286.01,0.78,N,0
23.78148,86.37024,299.98,0.46,0.47,2023-01-06,2022,N,VIIRS,n,2,285.02,1.89,N,2
23.78057,86.37466,313.99,0.46,0.47,2023-01-06,2022,N,VIIRS,n,2,285.81,1.34,N,2
23.77786,86.38795,307.88,0.46,0.47,2023-01-06,2022,N,VIIRS,n,2,287.23,1.91,N,2
23.77694,86.39245,300.07,0.46,0.47,2023-01-06,2022,N,VIIRS,n,2,288.63,1.19,N,2
23.66782,86.9213,309.39,0.5,0.49,2023-01-06,2022,N,VIIRS,n,2,283.67,1.23,N,2
23.78443,86.33379,314.78,0.45,0.47,2023-01-06,2022,N,VIIRS,n,2,289.96,2.16,N,2
23.78172,86.34709,313.89,0.46,0.47,2023-01-06,2022,N,VIIRS,n,2,287.82,1.1,N,2
23.77356,86.38699,308.53,0.46,0.47,2023-01-06,2022,N,VIIRS,n,2,288.72,1.28,N,2
23.77264,86.39146,304.54,0.46,0.47,2023-01-06,2022,N,VIIRS,n,2,290.16,1.33,N,2
23.78556,86.30634,304.25,0.45,0.47,2023-01-06,2022,N,VIIRS,n,2,286.45,1.83,N,2
23.77744,86.3461,297.57,0.46,0.47,2023-01-06,2022,N,VIIRS,n,2,284.91,1.1,N,2
23.77381,86.36378,296.23,0.46,0.47,2023-01-06,2022,N,VIIRS,n,2,285.73,1.42,N,2
23.76926,86.38601,296.6,0.46,0.47,2023-01-06,2022,N,VIIRS,n,2,286.31,1.28,N,2
23.76834,86.39048,300.8,0.46,0.47,2023-01-06,2022,N,VIIRS,n,2,289.72,1.33,N,2
23.76742,86.39496,309.39,0.46,0.47,2023-01-06,2022,N,VIIRS,n,2,291.7,1.33,N,2
23.61165,87.14471,296.45,0.51,0.5,2023-01-06,2022,N,VIIRS,n,2,284.23,1.26,N,2
23.79567,86.23502,306.53,0.45,0.47,2023-01-06,2022,N,VIIRS,n,2,285.82,1.39,N,2
23.76772,86.3716,295.68,0.46,0.47,2023-01-06,2022,N,VIIRS,n,2,285.62,0.79,N,0
23.7668,86.37608,300.08,0.46,0.47,2023-01-06,2022,N,VIIRS,n,2,287.07,0.79,N,0
23.76312,86.39397,307.75,0.46,0.47,2023-01-06,2022,N,VIIRS,n,2,290.42,1.38,N,2
23.76131,86.40282,302.62,0.46,0.47,2023-01-06,2022,N,VIIRS,n,2,285.82,1.61,N,2
23.757,86.40184,322.86,0.46,0.47,2023-01-06,2022,N,VIIRS,n,2,287.25,1.61,N,2
23.75883,86.39297,296.4,0.46,0.47,2023-01-06,2022,N,VIIRS,n,2,285.61,1.38,N,2
23.75791,86.39742,304.43,0.46,0.47,2023-01-06,2022,N,VIIRS,n,2,288.01,1.61,N,2
23.7481,86.42318,303.37,0.46,0.47,2023-01-06,2022,N,VIIRS,n,2,286.67,1.39,N,2
23.79361,86.23209,298.5,0.45,0.47,2023-01-06,2022,N,VIIRS,n,2,283.9,0.61,N,2
23.79274,86.23647,297.51,0.45,0.47,2023-01-06,2022,N,VIIRS,n,2,285.03,0.61,N,2
23.76568,86.37348,298.2,0.46,0.47,2023-01-06,2022,N,VIIRS,n,2,284.81,1.47,N,0
23.7639,86.38245,299.54,0.46,0.47,2023-01-06,2022,N,VIIRS,n,2,287.16,1.02,N,0
23.76213,86.3914,298.01,0.46,0.47,2023-01-06,2022,N,VIIRS,n,2,286.77,1.07,N,2
23.76124,86.39587,308.12,0.46,0.47,2023-01-06,2022,N,VIIRS,n,2,289.89,1.07,N,2
23.76036,86.40031,319.97,0.46,0.47,2023-01-06,2022,N,VIIRS,n,2,289.13,2.52,N,2
23.75948,86.40474,307.17,0.46,0.47,2023-01-06,2022,N,VIIRS,n,2,285.76,2.52,N,2
23.61038,87.14792,297.41,0.51,0.5,2023-01-06,2022,N,VIIRS,n,2,284.46,1.2,N,2
23.75694,86.39488,296.64,0.46,0.47,2023-01-06,2022,N,VIIRS,n,2,285.58,1.07,N,2
23.75252,86.41717,298.33,0.46,0.47,2023-01-06,2022,N,VIIRS,n,2,285.95,0.87,N,2
23.74731,86.42068,298.92,0.46,0.47,2023-01-06,2022,N,VIIRS,n,2,285.67,1.21,N,2
23.74641,86.42521,298.23,0.46,0.47,2023-01-06,2022,N,VIIRS,n,2,286.16,1.22,N,2
23.78521,86.20706,295.57,0.45,0.47,2023-01-06,2022,N,VIIRS,n,2,283.83,0.41,N,0
23.78095,86.20612,314.37,0.45,0.47,2023-01-06,2022,N,VIIRS,n,2,287.67,2.26,N,2
23.77584,86.20953,319.61,0.45,0.47,2023-01-06,2022,N,VIIRS,n,2,287.77,3.2,N,2
23.7335,86.42215,296.25,0.46,0.47,2023-01-06,2022,N,VIIRS,n,2,283.17,1.04,N,2
23.72811,86.44909,304.57,0.46,0.47,2023-01-06,2022,N,VIIRS,n,2,287.15,0.76,N,2
23.77331,86.19985,300.69,0.45,0.47,2023-01-06,2022,N,VIIRS,n,2,286.56,1.04,N,2
23.77244,86.20425,307.78,0.45,0.47,2023-01-06,2022,N,VIIRS,n,2,287.32,1.04,N,2
23.72559,86.43912,300.96,0.46,0.47,2023-01-06,2022,N,VIIRS,n,2,286.73,1.66,N,2
23.55813,87.2408,320.22,0.52,0.5,2023-01-06,2022,N,VIIRS,n,2,285.01,2.62,N,2
23.71948,86.44707,305.83,0.46,0.47,2023-01-06,2022,N,VIIRS,n,2,291.21,2.52,N,2
23.58187,87.12531,296.23,0.51,0.5,2023-01-06,2022,N,VIIRS,n,2,283.91,0.75,N,0
23.55917,87.23575,295.36,0.52,0.5,2023-01-06,2022,N,VIIRS,n,2,283.43,1.37,N,2
23.71607,86.44157,299.46,0.46,0.47,2023-01-06,2022,N,VIIRS,n,2,285.21,0.8,N,2
23.55255,87.24473,302.23,0.52,0.5,2023-01-06,2022,N,VIIRS,n,2,287.16,2.14,N,3
23.56553,87.0899,297.05,0.51,0.49,2023-01-06,2022,N,VIIRS,n,2,283.98,0.82,N,2
23.6143,86.78505,297.65,0.49,0.48,2023-01-06,2022,N,VIIRS,n,2,284.92,1.18,N,2
23.61321,86.79034,305.19,0.49,0.48,2023-01-06,2022,N,VIIRS,n,2,287.04,1.57,N,2
23.69068,86.38866,304.7,0.46,0.47,2023-01-06,2022,N,VIIRS,n,2,287.77,3.05,N,2
23.68548,86.39206,335.19,0.46,0.47,2023-01-06,2022,N,VIIRS,n,2,289.36,3.1,N,2
23.68458,86.39648,312.49,0.46,0.47,2023-01-06,2022,N,VIIRS,n,2,284.92,3.1,N,2
23.66435,86.49579,296.07,0.47,0.48,2023-01-06,2022,N,VIIRS,n,2,282.16,0.64,N,0
23.48487,87.36263,297.13,0.53,0.5,2023-01-06,2022,N,VIIRS,n,2,284.46,1.11,N,2
23.68117,86.39109,299.14,0.46,0.47,2023-01-06,2022,N,VIIRS,n,2,285.37,1.67,N,2
23.68027,86.3955,310.72,0.46,0.47,2023-01-06,2022,N,VIIRS,n,2,287.4,1.67,N,2
23.67935,86.4,304.27,0.46,0.47,2023-01-06,2022,N,VIIRS,n,2,286.66,2.1,N,2
23.48138,87.35635,298.5,0.53,0.5,2023-01-06,2022,N,VIIRS,n,2,284.94,0.96,N,2
23.67047,86.42144,301.61,0.46,0.47,2023-01-06,2022,N,VIIRS,n,2,284.37,1.35,N,0
23.77493,85.8399,295.96,0.43,0.46,2023-01-06,2022,N,VIIRS,n,2,280.85,0.36,N,0
23.82591,85.49935,316.75,0.41,0.45,2023-01-06,2022,N,VIIRS,n,2,289.72,1.34,N,2
23.7063,86.07076,325.45,0.44,0.46,2023-01-06,2022,N,VIIRS,n,2,282.66,3.05,N,2
23.82184,85.49844,297.02,0.41,0.45,2023-01-06,2022,N,VIIRS,n,2,285.63,1.34,N,2
23.70543,86.07503,309.63,0.44,0.46,2023-01-06,2022,N,VIIRS,n,2,281.28,1.83,N,2
23.82721,85.50111,305.19,0.41,0.45,2023-01-06,2022,N,VIIRS,n,2,286.49,1.06,N,2
23.82314,85.50018,308.12,0.41,0.45,2023-01-06,2022,N,VIIRS,n,2,287.32,1.06,N,2
23.7073,86.07317,331.51,0.44,0.46,2023-01-06,2022,N,VIIRS,n,2,282.68,4.65,N,2
23.80249,85.54103,295.27,0.41,0.45,2023-01-06,2022,N,VIIRS,n,2,283.8,0.8,N,0
23.7879,85.55034,304.22,0.41,0.45,2023-01-06,2022,N,VIIRS,n,2,283.5,0.72,N,0
23.68285,86.08525,300.45,0.44,0.46,2023-01-06,2022,N,VIIRS,n,2,283.02,1.15,N,2
23.68114,86.09385,307.6,0.44,0.46,2023-01-06,2022,N,VIIRS,n,2,284.56,1.9,N,2
23.68029,86.09814,295.21,0.44,0.46,2023-01-06,2022,N,VIIRS,n,2,284.08,0.72,N,2
23.67864,86.08422,308.13,0.44,0.46,2023-01-06,2022,N,VIIRS,n,2,286.97,1.47,N,2
23.8801,85.00804,297.78,0.57,0.43,2023-01-06,2022,N,VIIRS,n,2,281.41,0.96,N,0
23.66849,86.09078,303.91,0.44,0.46,2023-01-06,2022,N,VIIRS,n,2,284.87,1.04,N,2
23.54951,86.54737,296.23,0.47,0.48,2023-01-06,2022,N,VIIRS,n,2,283.39,1.26,N,2
23.74527,85.50705,304.51,0.41,0.45,2023-01-06,2022,N,VIIRS,n,2,284.54,0.74,N,2
23.84693,84.86637,297.52,0.56,0.43,2023-01-06,2022,N,VIIRS,n,2,280.68,1.11,N,0
23.80197,84.84502,299.62,0.56,0.43,2023-01-06,2022,N,VIIRS,n,2,281.08,1.13,N,2
23.65758,85.50487,298.82,0.41,0.45,2023-01-06,2022,N,VIIRS,n,2,280.79,1.13,N,2
24.20474,82.52534,306.36,0.43,0.38,2023-01-06,2022,N,VIIRS,n,2,279.74,1.14,N,0
24.19232,82.57532,297.51,0.43,0.38,2023-01-06,2022,N,VIIRS,n,2,281.63,0.65,N,2
23.74168,85.00908,300.05,0.38,0.43,2023-01-06,2022,N,VIIRS,n,2,284.41,0.88,N,2
23.74096,85.01284,297.15,0.38,0.43,2023-01-06,2022,N,VIIRS,n,2,286.57,0.88,N,2
24.17072,82.67683,295.0,0.44,0.38,2023-01-06,2022,N,VIIRS,n,2,280.47,0.53,N,0
23.73773,85.00816,307.29,0.38,0.43,2023-01-06,2022,N,VIIRS,n,2,284.13,1.89,N,2
23.737,85.01192,304.97,0.38,0.43,2023-01-06,2022,N,VIIRS,n,2,287.14,1.89,N,2
24.16722,82.6761,300.54,0.44,0.38,2023-01-06,2022,N,VIIRS,n,2,280.31,0.53,N,0
23.73085,85.02233,310.75,0.38,0.43,2023-01-06,2022,N,VIIRS,n,2,282.77,1.44,N,2
23.72117,85.00836,299.54,0.38,0.43,2023-01-06,2022,N,VIIRS,n,2,281.2,0.9,N,2
24.14788,82.70306,300.78,0.44,0.38,2023-01-06,2022,N,VIIRS,n,2,282.6,0.52,N,0
24.17016,82.55755,295.15,0.43,0.38,2023-01-06,2022,N,VIIRS,n,2,281.38,0.71,N,2
24.16943,82.56169,307.7,0.43,0.38,2023-01-06,2022,N,VIIRS,n,2,282.42,0.71,N,2
24.16668,82.55679,302.01,0.43,0.38,2023-01-06,2022,N,VIIRS,n,2,282.36,0.71,N,2
24.16595,82.56091,295.6,0.43,0.38,2023-01-06,2022,N,VIIRS,n,2,281.6,0.71,N,2
24.13735,82.70095,303.08,0.44,0.38,2023-01-06,2022,N,VIIRS,n,2,281.37,0.41,N,0
24.32616,81.32904,297.3,0.4,0.37,2023-01-06,2022,N,VIIRS,n,2,282.13,0.52,N,2
23.99123,82.62496,297.11,0.44,0.38,2023-01-06,2022,N,VIIRS,n,2,280.31,0.84,N,0
24.0529,80.61508,296.74,0.39,0.36,2023-01-06,2022,N,VIIRS,n,2,283.07,0.69,N,2
24.71503,75.95451,301.42,0.49,0.4,2023-01-06,2022,N,VIIRS,n,2,283.65,1.22,N,2
23.97904,80.4877,298.25,0.39,0.36,2023-01-06,2022,N,VIIRS,n,2,276.95,0.46,N,0
23.91143,80.89892,296.42,0.39,0.36,2023-01-06,2022,N,VIIRS,n,2,278.79,0.45,N,0
24.76313,74.60909,306.93,0.38,0.43,2023-01-06,2022,N,VIIRS,n,2,286.27,1.87,N,2
22.91294,86.07197,296.23,0.46,0.47,2023-01-06,2022,N,VIIRS,n,2,281.65,0.35,N,0
22.87444,86.06287,301.83,0.46,0.47,2023-01-06,2022,N,VIIRS,n,2,283.69,1.28,N,2
22.79998,86.20664,298.66,0.47,0.47,2023-01-06,2022,N,VIIRS,n,2,285.78,2.01,N,2
22.79568,86.20551,338.95,0.47,0.47,2023-01-06,2022,N,VIIRS,n,2,286.88,2.01,N,2
22.79658,86.201,301.47,0.47,0.47,2023-01-06,2022,N,VIIRS,n,2,287.09,2.01,N,2
24.66137,74.63309,308.05,0.57,0.43,2023-01-06,2022,N,VIIRS,n,2,288.25,2.35,N,2
22.79315,86.19546,300.91,0.47,0.47,2023-01-06,2022,N,VIIRS,n,2,288.67,1.2,N,2
22.79047,86.20896,308.12,0.47,0.47,2023-01-06,2022,N,VIIRS,n,2,288.72,1.29,N,2
22.81015,86.08718,300.4,0.46,0.47,2023-01-06,2022,N,VIIRS,n,2,286.68,1.6,N,2
22.78883,86.19447,300.68,0.47,0.47,2023-01-06,2022,N,VIIRS,n,2,286.37,1.2,N,2
22.78794,86.19891,305.71,0.47,0.47,2023-01-06,2022,N,VIIRS,n,2,287.87,2.33,N,2
22.78705,86.20338,316.43,0.47,0.47,2023-01-06,2022,N,VIIRS,n,2,288.48,2.33,N,2
22.78616,86.20788,301.92,0.47,0.47,2023-01-06,2022,N,VIIRS,n,2,288.23,1.29,N,2
23.99081,79.39128,295.52,0.38,0.36,2023-01-06,2022,N,VIIRS,n,2,281.8,0.9,N,2
24.64311,74.68226,297.54,0.57,0.43,2023-01-06,2022,N,VIIRS,n,2,285.1,0.94,N,0
22.80067,86.08967,314.12,0.46,0.47,2023-01-06,2022,N,VIIRS,n,2,287.55,2.23,N,2
24.57972,74.80396,295.72,0.56,0.43,2023-01-06,2022,N,VIIRS,n,2,284.96,1.12,N,2
20.99807,86.01557,299.2,0.49,0.49,2023-01-06,2023,N,VIIRS,n,2,285.14,0.6,N,0
20.82195,86.9631,300.85,0.57,0.52,2023-01-06,2023,N,VIIRS,n,2,287.13,1.99,N,0
20.83249,86.95991,299.94,0.56,0.52,2023-01-06,2023,N,VIIRS,n,2,287.33,2.23,N,0
20.83607,86.96644,312.64,0.57,0.52,2023-01-06,2023,N,VIIRS,n,2,288.62,3.53,N,0
20.8372,86.96103,315.71,0.56,0.52,2023-01-06,2023,N,VIIRS,n,2,289.4,2.23,N,0
21.9674,82.06917,295.39,0.44,0.38,2023-01-06,2023,N,VIIRS,n,2,283.43,0.65,N,0
23.40769,72.41589,299.15,0.5,0.49,2023-01-06,2023,N,VIIRS,n,2,288.19,0.61,N,0
21.67866,84.03706,319.13,0.55,0.43,2023-01-06,2023,N,VIIRS,n,2,285.92,3.42,N,2
21.68156,84.04313,302.22,0.55,0.43,2023-01-06,2023,N,VIIRS,n,2,285.68,1.61,N,2
21.75532,83.81644,311.66,0.53,0.42,2023-01-06,2023,N,VIIRS,n,2,284.85,1.73,N,0
21.75237,83.81738,311.3,0.53,0.42,2023-01-06,2023,N,VIIRS,n,2,285.94,2.25,N,0
21.78104,83.83424,302.42,0.53,0.42,2023-01-06,2023,N,VIIRS,n,2,286.9,1.66,N,2
21.75385,84.02185,300.8,0.55,0.42,2023-01-06,2023,N,VIIRS,n,2,287.52,1.77,N,2
22.00195,82.67068,299.62,0.46,0.39,2023-01-06,2023,N,VIIRS,n,2,286.15,0.97,N,2
22.00275,82.66624,298.68,0.46,0.39,2023-01-06,2023,N,VIIRS,n,2,284.26,0.97,N,2
21.75772,84.02267,303.88,0.55,0.42,2023-01-06,2023,N,VIIRS,n,2,289.41,1.38,N,2
22.00555,82.6714,312.48,0.46,0.39,2023-01-06,2023,N,VIIRS,n,2,286.53,2.06,N,2
21.76159,84.02349,299.33,0.55,0.42,2023-01-06,2023,N,VIIRS,n,2,287.58,1.38,N,2
21.76257,84.01829,306.65,0.54,0.42,2023-01-06,2023,N,VIIRS,n,2,289.06,2.68,N,2
21.76546,84.02434,302.83,0.55,0.42,2023-01-06,2023,N,VIIRS,n,2,286.0,0.94,N,2
21.76644,84.01911,313.66,0.54,0.42,2023-01-06,2023,N,VIIRS,n,2,289.64,2.14,N,2
21.77031,84.01994,302.62,0.54,0.42,2023-01-06,2023,N,VIIRS,n,2,287.47,2.14,N,2
21.80311,83.88691,303.22,0.54,0.42,2023-01-06,2023,N,VIIRS,n,2,286.63,1.63,N,2
21.87523,83.49587,299.64,0.51,0.41,2023-01-06,2023,N,VIIRS,n,2,284.1,1.14,N,2
21.79642,83.98766,298.88,0.54,0.42,2023-01-06,2023,N,VIIRS,n,2,283.19,0.83,N,0
21.92046,83.35423,305.77,0.5,0.41,2023-01-06,2023,N,VIIRS,n,2,289.57,1.78,N,2
21.92133,83.34942,320.62,0.5,0.41,2023-01-06,2023,N,VIIRS,n,2,292.11,1.78,N,2
21.92505,83.3502,301.63,0.5,0.41,2023-01-06,2023,N,VIIRS,n,2,287.63,1.78,N,2
21.98653,83.23164,304.51,0.49,0.4,2023-01-06,2023,N,VIIRS,n,2,288.32,1.78,N,2
22.02148,83.37751,311.59,0.5,0.41,2023-01-06,2023,N,VIIRS,n,2,284.84,1.84,N,0
22.03154,83.36464,296.44,0.5,0.41,2023-01-06,2023,N,VIIRS,n,2,284.56,1.01,N,2
22.03242,83.35982,297.95,0.5,0.41,2023-01-06,2023,N,VIIRS,n,2,284.33,1.01,N,2
22.03788,83.35094,300.05,0.5,0.41,2023-01-06,2023,N,VIIRS,n,2,282.36,1.23,N,2
22.02304,83.76877,305.45,0.52,0.42,2023-01-06,2023,N,VIIRS,n,2,283.96,1.61,N,0
22.03152,83.74437,299.04,0.52,0.42,2023-01-06,2023,N,VIIRS,n,2,285.24,1.27,N,2
22.04096,83.73601,300.16,0.52,0.42,2023-01-06,2023,N,VIIRS,n,2,284.41,2.08,N,0
22.05889,83.72425,300.94,0.52,0.42,2023-01-06,2023,N,VIIRS,n,2,286.75,1.54,N,2
22.10355,83.52319,296.19,0.51,0.41,2023-01-06,2023,N,VIIRS,n,2,280.74,0.79,N,0
22.31647,82.53288,298.95,0.45,0.39,2023-01-06,2023,N,VIIRS,n,2,284.66,0.52,N,2
22.32406,82.59348,299.1,0.46,0.39,2023-01-06,2023,N,VIIRS,n,2,284.87,0.77,N,2
22.33154,82.57236,298.59,0.45,0.39,2023-01-06,2023,N,VIIRS,n,2,284.13,0.76,N,0
22.32962,82.60376,295.94,0.46,0.39,2023-01-06,2023,N,VIIRS,n,2,285.8,0.76,N,2
22.32292,82.66183,305.75,0.46,0.39,2023-01-06,2023,N,VIIRS,n,2,284.88,1.2,N,2
22.32372,82.65739,298.38,0.46,0.39,2023-01-06,2023,N,VIIRS,n,2,284.49,0.93,N,0
21.38925,81.64455,299.61,0.43,0.38,2023-01-06,2023,N,VIIRS,n,2,287.49,1.39,N,2
21.37932,81.68079,303.18,0.43,0.38,2023-01-06,2023,N,VIIRS,n,2,287.38,1.08,N,2
21.38016,81.65547,296.95,0.43,0.38,2023-01-06,2023,N,VIIRS,n,2,286.34,0.94,N,2
21.37585,81.68009,306.86,0.43,0.38,2023-01-06,2023,N,VIIRS,n,2,288.28,1.08,N,2
21.37165,81.68352,304.53,0.43,0.38,2023-01-06,2023,N,VIIRS,n,2,288.07,1.32,N,2
21.37537,81.64181,300.28,0.43,0.38,2023-01-06,2023,N,VIIRS,n,2,287.64,1.32,N,2
21.37744,81.64295,301.33,0.43,0.38,2023-01-06,2023,N,VIIRS,n,2,288.58,1.04,N,2
21.37042,81.68402,300.26,0.43,0.38,2023-01-06,2023,N,VIIRS,n,2,286.61,1.18,N,2
21.36418,81.67851,299.71,0.43,0.38,2023-01-06,2023,N,VIIRS,n,2,286.89,0.83,N,2
21.36633,81.64499,297.37,0.43,0.38,2023-01-06,2023,N,VIIRS,n,2,286.07,0.97,N,2
21.36492,81.6532,302.97,0.43,0.38,2023-01-06,2023,N,VIIRS,n,2,288.11,1.16,N,2
21.34473,81.6662,306.29,0.43,0.38,2023-01-06,2023,N,VIIRS,n,2,285.62,1.05,N,2
21.34402,81.67032,295.36,0.43,0.38,2023-01-06,2023,N,VIIRS,n,2,285.22,0.54,N,2
21.34055,81.66964,298.31,0.43,0.38,2023-01-06,2023,N,VIIRS,n,2,284.68,0.54,N,2
20.57545,85.7489,297.37,0.48,0.48,2023-01-06,2023,N,VIIRS,n,2,282.86,0.51,N,0
22.93593,69.69711,298.74,0.37,0.58,2023-01-06,2023,N,VIIRS,n,2,288.59,0.68,N,2
21.32419,81.57741,295.46,0.43,0.38,2023-01-06,2023,N,VIIRS,n,2,283.79,0.36,N,0
21.31663,81.55904,299.34,0.43,0.38,2023-01-06,2023,N,VIIRS,n,2,282.79,0.68,N,0
21.31096,81.5917,304.73,0.43,0.38,2023-01-06,2023,N,VIIRS,n,2,287.12,0.97,N,2
21.30252,81.61965,303.55,0.43,0.38,2023-01-06,2023,N,VIIRS,n,2,283.98,0.32,N,0
21.30119,81.60667,297.13,0.43,0.38,2023-01-06,2023,N,VIIRS,n,2,285.05,0.43,N,2
21.29773,81.60599,305.84,0.43,0.38,2023-01-06,2023,N,VIIRS,n,2,284.61,1.14,N,2
20.51588,85.72592,298.13,0.48,0.48,2023-01-06,2023,N,VIIRS,n,2,286.26,0.6,N,2
21.1924,81.39056,304.37,0.42,0.38,2023-01-06,2023,N,VIIRS,n,2,289.25,1.63,N,2
21.18895,81.38988,299.7,0.42,0.38,2023-01-06,2023,N,VIIRS,n,2,288.54,1.3,N,2
21.1855,81.38921,310.36,0.42,0.38,2023-01-06,2023,N,VIIRS,n,2,291.61,1.3,N,3
21.18275,81.38451,305.82,0.42,0.38,2023-01-06,2023,N,VIIRS,n,2,289.56,2.2,N,3
21.08025,85.03708,307.95,0.43,0.46,2023-01-06,2023,N,VIIRS,n,2,287.34,1.18,N,2
21.07583,85.03865,303.33,0.43,0.46,2023-01-06,2023,N,VIIRS,n,2,286.03,2.12,N,2
21.07503,85.04267,335.56,0.43,0.46,2023-01-06,2023,N,VIIRS,n,2,288.11,2.58,N,2
21.07919,85.04363,303.8,0.43,0.46,2023-01-06,2023,N,VIIRS,n,2,285.64,2.58,N,0
21.07998,85.03957,309.42,0.43,0.46,2023-01-06,2023,N,VIIRS,n,2,285.7,2.12,N,2
23.26346,70.25101,305.58,0.34,0.56,2023-01-06,2023,N,VIIRS,n,2,288.7,1.12,N,2
20.92525,86.04123,296.72,0.49,0.49,2023-01-06,2023,N,VIIRS,n,2,286.5,1.14,N,0
21.67163,82.07964,299.71,0.44,0.38,2023-01-06,2023,N,VIIRS,n,2,285.46,0.71,N,2
20.94017,86.05946,308.66,0.49,0.49,2023-01-06,2023,N,VIIRS,n,2,287.23,1.24,N,2
20.94112,86.0547,298.94,0.49,0.49,2023-01-06,2023,N,VIIRS,n,2,284.75,1.24,N,2
20.94556,86.05573,298.43,0.49,0.49,2023-01-06,2023,N,VIIRS,n,2,286.89,1.11,N,2
20.95191,86.04715,306.6,0.49,0.49,2023-01-06,2023,N,VIIRS,n,2,287.85,2.12,N,2
20.96475,86.00587,325.19,0.49,0.49,2023-01-06,2023,N,VIIRS,n,2,287.32,3.38,N,2
20.9673,86.0163,308.34,0.49,0.49,2023-01-06,2023,N,VIIRS,n,2,288.42,3.05,N,2
23.33027,70.21441,297.87,0.34,0.56,2023-01-06,2023,N,VIIRS,n,2,286.48,0.55,N,0
20.96824,86.01159,329.19,0.49,0.49,2023-01-06,2023,N,VIIRS,n,2,290.63,3.05,N,2
20.97452,86.00323,297.03,0.49,0.49,2023-01-06,2023,N,VIIRS,n,2,286.4,1.09,N,2
23.31359,70.48557,301.5,0.33,0.55,2023-01-06,2023,N,VIIRS,n,2,288.87,0.55,N,2
20.99572,86.01292,298.69,0.49,0.49,2023-01-06,2023,N,VIIRS,n,2,283.92,0.87,N,0
21.73146,82.21354,304.85,0.45,0.39,2023-01-06,2023,N,VIIRS,n,2,287.54,0.94,N,2
22.20876,84.84824,295.84,0.4,0.44,2023-01-06,2023,N,VIIRS,n,2,282.77,0.56,N,2
22.05597,85.46622,304.56,0.43,0.46,2023-01-06,2023,N,VIIRS,n,2,282.11,1.73,N,2
22.08445,84.86163,299.32,0.4,0.44,2023-01-06,2023,N,VIIRS,n,2,282.02,0.59,N,2
21.99121,85.32679,296.9,0.43,0.46,2023-01-06,2023,N,VIIRS,n,2,279.71,0.43,N,2
21.92992,85.2192,302.6,0.42,0.45,2023-01-06,2023,N,VIIRS,n,2,280.21,1.1,N,2
21.9291,85.22333,303.67,0.42,0.45,2023-01-06,2023,N,VIIRS,n,2,281.32,1.1,N,2
22.33718,82.62356,301.26,0.46,0.39,2023-01-06,2023,N,VIIRS,n,2,285.63,1.48,N,2
22.31576,82.74324,315.82,0.46,0.39,2023-01-06,2023,N,VIIRS,n,2,282.3,1.14,N,0
21.07948,85.04115,297.19,0.43,0.46,2023-01-06,2023,N,VIIRS,n,2,285.54,1.18,N,2
22.37664,87.27896,311.02,0.55,0.51,2023-01-06,2023,N,VIIRS,n,2,286.92,1.88,N,2
22.36746,87.29916,303.73,0.55,0.51,2023-01-06,2023,N,VIIRS,n,2,286.02,1.41,N,0
22.36279,87.29803,296.22,0.55,0.51,2023-01-06,2023,N,VIIRS,n,2,285.17,1.76,N,0
22.37581,87.27769,300.92,0.55,0.51,2023-01-06,2023,N,VIIRS,n,2,283.73,1.58,N,2
22.36678,87.29793,296.49,0.55,0.51,2023-01-06,2023,N,VIIRS,n,2,284.77,1.21,N,2
22.36568,87.30329,302.2,0.55,0.51,2023-01-06,2023,N,VIIRS,n,2,286.38,1.21,N,2
22.35855,87.29029,296.65,0.55,0.51,2023-01-06,2023,N,VIIRS,n,2,285.52,0.78,N,2
22.5929,85.90307,302.47,0.45,0.47,2023-01-06,2023,N,VIIRS,n,2,284.19,1.0,N,2
22.36642,87.01686,312.66,0.53,0.5,2023-01-06,2023,N,VIIRS,n,2,287.14,2.48,N,2
22.58777,85.90641,298.6,0.45,0.47,2023-01-06,2023,N,VIIRS,n,2,284.3,0.75,N,2
22.36183,87.01579,299.94,0.53,0.5,2023-01-06,2023,N,VIIRS,n,2,286.06,1.01,N,2
22.24356,87.39001,295.95,0.56,0.52,2023-01-06,2023,N,VIIRS,n,2,285.85,0.83,N,2
22.06599,88.12074,306.79,0.63,0.54,2023-01-06,2023,N,VIIRS,n,2,284.5,0.96,N,2
22.05483,88.12434,318.87,0.63,0.54,2023-01-06,2023,N,VIIRS,n,2,291.74,2.92,N,2
23.17022,82.34293,311.3,0.44,0.38,2023-01-06,2023,N,VIIRS,n,2,284.44,1.46,N,2
23.16672,82.34222,320.21,0.44,0.38,2023-01-06,2023,N,VIIRS,n,2,284.79,1.46,N,2
23.16746,82.33799,297.57,0.44,0.38,2023-01-06,2023,N,VIIRS,n,2,282.42,1.46,N,2
22.33319,82.60449,305.88,0.46,0.39,2023-01-06,2023,N,VIIRS,n,2,286.32,0.76,N,2
22.21354,84.86414,304.97,0.4,0.44,2023-01-06,2023,N,VIIRS,n,2,286.95,0.93,N,2
22.2128,84.86796,313.97,0.4,0.44,2023-01-06,2023,N,VIIRS,n,2,282.98,0.93,N,2
22.20951,84.86323,300.06,0.4,0.44,2023-01-06,2023,N,VIIRS,n,2,286.38,0.93,N,2
22.20921,84.84327,320.81,0.4,0.44,2023-01-06,2023,N,VIIRS,n,2,282.57,1.53,N,2
22.20847,84.84708,295.24,0.4,0.44,2023-01-06,2023,N,VIIRS,n,2,282.62,0.7,N,2
22.20948,84.84444,317.94,0.4,0.44,2023-01-06,2023,N,VIIRS,n,2,282.37,2.06,N,2
21.18206,81.38854,303.06,0.42,0.38,2023-01-06,2023,N,VIIRS,n,2,289.2,1.02,N,3
21.19831,81.20959,298.99,0.42,0.37,2023-01-06,2023,N,VIIRS,n,2,286.74,1.06,N,0
21.1894,81.19965,297.68,0.42,0.37,2023-01-06,2023,N,VIIRS,n,2,285.72,0.54,N,0
21.2322,79.62936,300.37,0.39,0.36,2023-01-06,2023,N,VIIRS,n,2,286.72,0.78,N,2
21.26921,79.18433,310.78,0.38,0.36,2023-01-06,2023,N,VIIRS,n,2,287.74,1.17,N,0
21.2659,79.18374,301.85,0.38,0.36,2023-01-06,2023,N,VIIRS,n,2,288.0,1.11,N,0
21.26143,79.19051,300.74,0.38,0.36,2023-01-06,2023,N,VIIRS,n,2,286.85,1.05,N,0
21.24625,79.22188,311.78,0.38,0.36,2023-01-06,2023,N,VIIRS,n,2,286.63,1.32,N,2
21.24567,79.22556,312.69,0.38,0.36,2023-01-06,2023,N,VIIRS,n,2,290.82,1.32,N,2
21.2412,79.23233,299.33,0.38,0.36,2023-01-06,2023,N,VIIRS,n,2,285.74,0.7,N,0
22.09774,72.63123,299.69,0.47,0.47,2023-01-06,2023,N,VIIRS,n,2,289.36,1.0,N,0
22.39912,69.01676,301.0,0.4,0.6,2023-01-06,2023,N,VIIRS,n,2,289.96,0.8,N,0
22.40023,69.01825,306.84,0.4,0.6,2023-01-06,2023,N,VIIRS,n,2,290.63,0.9,N,2
21.68192,72.53291,309.68,0.47,0.47,2023-01-06,2023,N,VIIRS,n,2,291.2,1.65,N,0
21.41682,74.45431,300.89,0.54,0.42,2023-01-06,2023,N,VIIRS,n,2,287.8,0.75,N,0
20.69439,78.63878,300.11,0.38,0.36,2023-01-06,2023,N,VIIRS,n,2,288.26,0.87,N,2
21.07871,85.04518,304.27,0.43,0.46,2023-01-06,2023,N,VIIRS,n,2,286.08,0.76,N,2
21.07455,85.04424,332.77,0.43,0.46,2023-01-06,2023,N,VIIRS,n,2,287.43,2.97,N,2
21.07532,85.0402,312.32,0.43,0.46,2023-01-06,2023,N,VIIRS,n,2,286.39,4.19,N,2
21.57669,82.02299,303.43,0.44,0.38,2023-01-06,2023,N,VIIRS,n,2,289.17,1.01,N,2
20.9763,85.14677,306.99,0.43,0.46,2023-01-06,2023,N,VIIRS,n,2,287.28,1.38,N,2
20.97222,85.16753,307.39,0.44,0.46,2023-01-06,2023,N,VIIRS,n,2,288.21,0.95,N,2
20.97211,85.14582,316.12,0.43,0.46,2023-01-06,2023,N,VIIRS,n,2,286.42,1.38,N,2
20.96965,85.1583,299.49,0.43,0.46,2023-01-06,2023,N,VIIRS,n,2,288.22,1.51,N,2
20.96884,85.16243,315.48,0.43,0.46,2023-01-06,2023,N,VIIRS,n,2,288.02,1.51,N,2
20.96803,85.16657,299.68,0.44,0.46,2023-01-06,2023,N,VIIRS,n,2,287.15,0.95,N,2
20.96721,85.17069,297.74,0.44,0.46,2023-01-06,2023,N,VIIRS,n,2,286.51,0.95,N,2
20.9664,85.17484,313.06,0.44,0.46,2023-01-06,2023,N,VIIRS,n,2,288.26,1.38,N,2
20.96558,85.17897,300.64,0.44,0.46,2023-01-06,2023,N,VIIRS,n,2,287.3,1.38,N,2
20.96476,85.18314,297.69,0.44,0.46,2023-01-06,2023,N,VIIRS,n,2,286.71,0.94,N,2
20.96393,85.18735,300.37,0.44,0.46,2023-01-06,2023,N,VIIRS,n,2,288.22,0.94,N,2
20.96309,85.19163,312.49,0.44,0.46,2023-01-06,2023,N,VIIRS,n,2,288.79,1.6,N,2
20.96302,85.16973,328.48,0.44,0.46,2023-01-06,2023,N,VIIRS,n,2,291.51,2.91,N,2
20.9622,85.17387,328.15,0.44,0.46,2023-01-06,2023,N,VIIRS,n,2,292.49,1.97,N,2
20.96546,85.15734,299.39,0.43,0.46,2023-01-06,2023,N,VIIRS,n,2,285.75,1.2,N,2
20.96383,85.16561,309.92,0.44,0.46,2023-01-06,2023,N,VIIRS,n,2,287.79,2.91,N,2
20.96138,85.17803,306.24,0.44,0.46,2023-01-06,2023,N,VIIRS,n,2,289.69,1.97,N,2
20.96056,85.18221,300.78,0.44,0.46,2023-01-06,2023,N,VIIRS,n,2,288.69,2.15,N,2
20.95801,85.17293,303.61,0.44,0.46,2023-01-06,2023,N,VIIRS,n,2,285.84,1.97,N,2
20.962,85.13054,303.78,0.43,0.46,2023-01-06,2023,N,VIIRS,n,2,285.08,0.69,N,0
20.95814,85.10542,298.2,0.43,0.46,2023-01-06,2023,N,VIIRS,n,2,286.12,0.62,N,0
23.11562,70.0827,300.5,0.35,0.56,2023-01-06,2023,N,VIIRS,n,2,287.92,0.67,N,0
23.11528,70.08616,302.99,0.35,0.56,2023-01-06,2023,N,VIIRS,n,2,287.67,0.67,N,2
23.10526,70.18832,302.73,0.34,0.56,2023-01-06,2023,N,VIIRS,n,2,288.66,0.88,N,2
21.48688,81.76871,304.77,0.43,0.38,2023-01-06,2023,N,VIIRS,n,2,286.38,1.13,N,2
20.86724,84.99073,303.73,0.43,0.46,2023-01-06,2023,N,VIIRS,n,2,287.22,1.33,N,2
20.86641,84.9949,308.5,0.43,0.46,2023-01-06,2023,N,VIIRS,n,2,287.92,1.33,N,2
20.87589,84.99011,295.99,0.43,0.46,2023-01-06,2023,N,VIIRS,n,2,284.96,0.89,N,2
20.86678,84.99241,313.18,0.43,0.46,2023-01-06,2023,N,VIIRS,n,2,287.67,1.11,N,2
20.86599,84.99656,297.69,0.43,0.46,2023-01-06,2023,N,VIIRS,n,2,286.14,1.11,N,2
20.86262,84.99151,301.35,0.43,0.46,2023-01-06,2023,N,VIIRS,n,2,284.55,1.11,N,2
20.80732,85.25744,323.66,0.44,0.46,2023-01-06,2023,N,VIIRS,n,2,291.55,1.71,N,2
20.8031,85.25645,299.42,0.44,0.46,2023-01-06,2023,N,VIIRS,n,2,285.42,1.71,N,2
20.79805,85.2597,307.41,0.44,0.46,2023-01-06,2023,N,VIIRS,n,2,287.33,3.15,N,2
20.79464,85.2545,338.31,0.44,0.46,2023-01-06,2023,N,VIIRS,n,2,289.69,3.15,N,2
20.79039,85.25361,299.66,0.44,0.46,2023-01-06,2023,N,VIIRS,n,2,288.12,1.12,N,2
20.78957,85.25786,301.0,0.44,0.46,2023-01-06,2023,N,VIIRS,n,2,287.91,1.12,N,2
20.78874,85.26213,301.78,0.44,0.46,2023-01-06,2023,N,VIIRS,n,2,290.18,1.2,N,2
20.78792,85.26638,312.36,0.44,0.46,2023-01-06,2023,N,VIIRS,n,2,288.71,1.2,N,2
20.7845,85.26121,303.81,0.44,0.46,2023-01-06,2023,N,VIIRS,n,2,286.98,1.2,N,2
20.76092,85.29138,310.27,0.45,0.47,2023-01-06,2023,N,VIIRS,n,2,286.68,1.6,N,0
20.90964,71.45864,309.63,0.53,0.5,2023-01-06,2024,N,VIIRS,n,2,292.02,1.66,N,2
19.78774,79.14711,309.74,0.39,0.36,2023-01-06,2024,N,VIIRS,n,2,291.99,1.39,N,2
20.83471,70.69183,303.46,0.6,0.53,2023-01-06,2024,N,VIIRS,n,2,291.94,1.47,N,2
19.10298,82.1635,299.35,0.48,0.4,2023-01-06,2024,N,VIIRS,n,2,286.83,0.48,N,0
19.10219,82.16801,300.04,0.48,0.4,2023-01-06,2024,N,VIIRS,n,2,288.8,0.9,N,0
18.37939,83.46116,300.75,0.57,0.43,2023-01-06,2024,N,VIIRS,n,2,289.13,0.51,N,0
19.45636,75.69905,301.6,0.44,0.39,2023-01-06,2024,N,VIIRS,n,2,288.02,0.49,N,0
19.36591,75.55187,298.1,0.45,0.39,2023-01-06,2024,N,VIIRS,n,2,287.49,0.66,N,0
19.26114,76.25877,317.52,0.42,0.38,2023-01-06,2024,N,VIIRS,n,2,288.33,2.19,N,0
18.73602,79.52974,337.84,0.39,0.36,2023-01-06,2024,N,VIIRS,n,2,293.79,2.92,N,0
18.73542,79.53344,319.43,0.39,0.36,2023-01-06,2024,N,VIIRS,n,2,292.76,2.92,N,0
18.7248,79.53534,316.58,0.39,0.36,2023-01-06,2024,N,VIIRS,n,2,294.74,1.58,N,2
18.72146,79.53474,315.96,0.39,0.36,2023-01-06,2024,N,VIIRS,n,2,293.31,1.27,N,2
18.72086,79.53844,305.45,0.39,0.36,2023-01-06,2024,N,VIIRS,n,2,292.37,1.27,N,2
18.71203,79.40379,303.93,0.39,0.36,2023-01-06,2024,N,VIIRS,n,2,292.79,0.63,N,0
19.11773,76.28184,305.99,0.42,0.38,2023-01-06,2024,N,VIIRS,n,2,288.17,0.91,N,0
19.21462,74.59278,304.65,0.5,0.41,2023-01-06,2024,N,VIIRS,n,2,288.91,0.79,N,0
19.21786,74.59107,306.47,0.5,0.41,2023-01-06,2024,N,VIIRS,n,2,289.01,0.76,N,0
19.21411,74.59052,300.74,0.5,0.41,2023-01-06,2024,N,VIIRS,n,2,289.46,0.76,N,0
17.61017,83.20489,306.34,0.57,0.43,2023-01-06,2024,N,VIIRS,n,2,291.9,0.96,N,2
17.60622,83.20408,306.38,0.57,0.43,2023-01-06,2024,N,VIIRS,n,2,292.4,0.96,N,2
19.1098,73.05451,310.07,0.4,0.44,2023-01-06,2024,N,VIIRS,n,2,291.32,1.23,N,0
17.95848,80.80073,310.61,0.43,0.38,2023-01-06,2024,N,VIIRS,n,2,293.65,2.09,N,2
18.7634,73.75052,302.79,0.55,0.42,2023-01-06,2024,N,VIIRS,n,2,288.54,0.87,N,0
18.85907,72.92653,342.78,0.41,0.45,2023-01-06,2024,N,VIIRS,n,2,294.6,8.97,N,2
18.39316,75.48759,299.47,0.44,0.39,2023-01-06,2024,N,VIIRS,n,2,288.76,0.64,N,0
18.39257,75.49178,300.97,0.44,0.39,2023-01-06,2024,N,VIIRS,n,2,289.01,0.64,N,0
18.69123,73.04005,313.57,0.4,0.44,2023-01-06,2024,N,VIIRS,n,2,293.79,2.26,N,2
18.68979,73.0515,302.28,0.4,0.44,2023-01-06,2024,N,VIIRS,n,2,292.12,1.06,N,0
18.68402,73.03125,305.27,0.4,0.44,2023-01-06,2024,N,VIIRS,n,2,293.26,1.16,N,2
18.68354,73.03506,308.59,0.4,0.44,2023-01-06,2024,N,VIIRS,n,2,293.89,1.16,N,2
18.68306,73.03886,304.04,0.4,0.44,2023-01-06,2024,N,VIIRS,n,2,292.91,2.39,N,2
18.67945,73.03448,309.82,0.4,0.44,2023-01-06,2024,N,VIIRS,n,2,292.69,1.16,N,2
18.31137,75.43356,299.81,0.45,0.39,2023-01-06,2024,N,VIIRS,n,2,289.44,0.54,N,0
17.17629,80.80148,311.96,0.44,0.38,2023-01-06,2024,N,VIIRS,n,2,291.26,1.18,N,0
17.17588,80.80278,312.24,0.44,0.38,2023-01-06,2024,N,VIIRS,n,2,291.2,1.31,N,0
17.0621,76.97859,309.6,0.39,0.36,2023-01-06,2024,N,VIIRS,n,2,291.89,1.46,N,2
19.92208,79.11421,301.59,0.39,0.36,2023-01-06,2024,N,VIIRS,n,2,290.16,1.02,N,2
21.10744,72.6461,317.8,0.45,0.47,2023-01-06,2024,N,VIIRS,n,2,293.79,2.12,N,2
21.10311,72.64551,331.75,0.45,0.47,2023-01-06,2024,N,VIIRS,n,2,291.73,3.01,N,2
18.14894,73.24902,307.92,0.57,0.43,2023-01-06,2024,N,VIIRS,n,2,291.54,1.06,N,0
16.81039,80.38249,305.43,0.43,0.38,2023-01-06,2024,N,VIIRS,n,2,290.46,0.84,N,0
16.63656,80.92645,306.47,0.45,0.39,2023-01-06,2024,N,VIIRS,n,2,290.57,0.63,N,0
17.07882,78.09408,303.45,0.38,0.36,2023-01-06,2024,N,VIIRS,n,2,289.14,0.65,N,0
17.14061,77.17511,303.08,0.39,0.36,2023-01-06,2024,N,VIIRS,n,2,291.91,0.63,N,0
17.1395,77.18241,300.92,0.39,0.36,2023-01-06,2024,N,VIIRS,n,2,290.63,0.81,N,0
17.50451,74.0796,301.88,0.51,0.41,2023-01-06,2024,N,VIIRS,n,2,289.17,0.91,N,0
15.16736,76.65248,302.63,0.39,0.36,2023-01-06,2025,N,VIIRS,n,2,291.03,0.74,N,0
13.60199,75.88026,306.01,0.4,0.37,2023-01-06,2025,N,VIIRS,n,2,288.85,0.63,N,0
13.15997,80.28529,311.11,0.46,0.39,2023-01-06,2025,N,VIIRS,n,2,292.95,1.84,N,2
13.89857,76.56711,300.54,0.39,0.36,2023-01-06,2025,N,VIIRS,n,2,289.1,0.44,N,0
14.2378,75.50509,298.29,0.41,0.37,2023-01-06,2025,N,VIIRS,n,2,288.09,0.6,N,0
14.88091,75.77665,311.04,0.41,0.37,2023-01-06,2025,N,VIIRS,n,2,290.77,1.0,N,0
15.03563,74.87309,305.03,0.44,0.38,2023-01-06,2025,N,VIIRS,n,2,288.68,0.65,N,0
14.26826,80.13212,303.82,0.44,0.38,2023-01-06,2025,N,VIIRS,n,2,293.04,2.09,N,0
14.27178,80.13275,330.0,0.44,0.38,2023-01-06,2025,N,VIIRS,n,2,294.56,2.09,N,0
14.60556,78.52299,309.71,0.39,0.36,2023-01-06,2025,N,VIIRS,n,2,294.45,1.18,N,2
15.00599,76.99905,316.58,0.39,0.36,2023-01-06,2025,N,VIIRS,n,2,291.58,1.76,N,0
15.36122,74.91238,299.45,0.44,0.38,2023-01-06,2025,N,VIIRS,n,2,289.16,0.45,N,0
15.07081,76.86637,300.86,0.39,0.36,2023-01-06,2025,N,VIIRS,n,2,290.42,0.77,N,2
15.1695,76.38089,309.39,0.39,0.37,2023-01-06,2025,N,VIIRS,n,2,293.75,1.28,N,2
15.5233,73.9959,309.87,0.49,0.4,2023-01-06,2025,N,VIIRS,n,2,295.31,1.28,N,2
15.17341,76.37776,316.65,0.39,0.37,2023-01-06,2025,N,VIIRS,n,2,294.33,1.74,N,2
15.52765,73.99195,306.14,0.49,0.4,2023-01-06,2025,N,VIIRS,n,2,296.04,1.05,N,2
15.52455,73.99831,305.35,0.49,0.4,2023-01-06,2025,N,VIIRS,n,2,294.88,2.04,N,2
15.11914,76.8112,302.54,0.39,0.36,2023-01-06,2025,N,VIIRS,n,2,291.03,0.65,N,2
15.16738,76.67476,303.19,0.39,0.36,2023-01-06,2025,N,VIIRS,n,2,292.02,0.7,N,2
15.16793,76.67113,309.63,0.39,0.36,2023-01-06,2025,N,VIIRS,n,2,292.22,1.75,N,2
15.1707,76.65302,308.2,0.39,0.36,2023-01-06,2025,N,VIIRS,n,2,290.97,1.13,N,0
15.17349,76.65718,318.68,0.39,0.36,2023-01-06,2025,N,VIIRS,n,2,292.65,1.13,N,2
15.17404,76.65356,314.47,0.39,0.36,2023-01-06,2025,N,VIIRS,n,2,291.18,1.13,N,2
15.1735,76.67944,303.99,0.39,0.36,2023-01-06,2025,N,VIIRS,n,2,291.1,0.67,N,2
15.17682,76.65771,325.19,0.39,0.36,2023-01-06,2025,N,VIIRS,n,2,294.61,2.37,N,2
15.17738,76.6541,325.82,0.39,0.36,2023-01-06,2025,N,VIIRS,n,2,295.06,2.37,N,2
15.17683,76.67996,311.4,0.39,0.36,2023-01-06,2025,N,VIIRS,n,2,292.24,0.67,N,2
15.17794,76.67273,304.85,0.39,0.36,2023-01-06,2025,N,VIIRS,n,2,292.6,0.77,N,2
15.18572,76.64429,307.28,0.39,0.36,2023-01-06,2025,N,VIIRS,n,2,291.73,0.81,N,2
15.1835,76.79213,300.5,0.39,0.36,2023-01-06,2025,N,VIIRS,n,2,290.3,0.51,N,0
15.46982,74.8816,301.01,0.44,0.38,2023-01-06,2025,N,VIIRS,n,2,289.75,0.51,N,0
15.02246,78.01385,317.21,0.39,0.36,2023-01-06,2025,N,VIIRS,n,2,294.35,1.57,N,2
15.51541,74.84239,300.24,0.44,0.39,2023-01-06,2025,N,VIIRS,n,2,287.87,0.43,N,0
15.17907,77.10393,306.29,0.39,0.36,2023-01-06,2025,N,VIIRS,n,2,291.86,1.03,N,2
15.18626,77.10144,301.54,0.39,0.36,2023-01-06,2025,N,VIIRS,n,2,290.96,0.7,N,2
15.65651,73.98847,307.99,0.49,0.4,2023-01-06,2025,N,VIIRS,n,2,293.0,1.26,N,2
15.33372,76.24796,314.23,0.4,0.37,2023-01-06,2025,N,VIIRS,n,2,291.94,1.41,N,0
15.66023,73.98899,305.89,0.49,0.4,2023-01-06,2025,N,VIIRS,n,2,293.41,0.67,N,2
15.336,76.27859,309.64,0.4,0.37,2023-01-06,2025,N,VIIRS,n,2,291.46,1.2,N,2
16.81855,75.70641,308.59,0.42,0.38,2023-01-06,2025,N,VIIRS,n,2,289.86,0.41,N,0
16.90895,75.05007,312.25,0.45,0.39,2023-01-06,2025,N,VIIRS,n,2,288.97,1.19,N,0
16.90539,75.04951,306.38,0.45,0.39,2023-01-06,2025,N,VIIRS,n,2,288.38,1.19,N,0
16.86798,74.38351,303.84,0.48,0.4,2023-01-06,2025,N,VIIRS,n,2,288.11,0.78,N,0
16.49189,76.19865,319.72,0.41,0.37,2023-01-06,2025,N,VIIRS,n,2,288.98,1.38,N,0
16.5906,74.66738,300.33,0.46,0.39,2023-01-06,2025,N,VIIRS,n,2,288.5,0.74,N,0
16.36369,75.41634,303.67,0.43,0.38,2023-01-06,2025,N,VIIRS,n,2,291.0,0.87,N,0
16.3602,75.41577,317.59,0.43,0.38,2023-01-06,2025,N,VIIRS,n,2,290.54,1.61,N,0
16.29996,75.63348,328.74,0.42,0.38,2023-01-06,2025,N,VIIRS,n,2,286.8,3.14,N,0
16.21778,75.08447,307.36,0.44,0.38,2023-01-06,2025,N,VIIRS,n,2,288.29,0.9,N,0
16.13414,75.6047,298.86,0.42,0.38,2023-01-06,2025,N,VIIRS,n,2,288.83,0.33,N,0
15.94559,75.76668,305.33,0.41,0.37,2023-01-06,2025,N,VIIRS,n,2,287.96,0.8,N,0
15.98598,75.39259,317.5,0.43,0.38,2023-01-06,2025,N,VIIRS,n,2,289.01,1.24,N,0
15.97561,75.0415,300.88,0.44,0.38,2023-01-06,2025,N,VIIRS,n,2,286.97,0.31,N,0
15.80227,75.21922,305.18,0.43,0.38,2023-01-06,2025,N,VIIRS,n,2,289.05,1.01,N,0
12.90811,74.8895,324.85,0.42,0.38,2023-01-06,2026,N,VIIRS,n,2,296.04,2.7,N,0
12.91156,74.89006,309.12,0.42,0.38,2023-01-06,2026,N,VIIRS,n,2,295.7,1.12,N,0
11.81556,77.91792,305.82,0.39,0.36,2023-01-06,2026,N,VIIRS,n,2,292.49,1.16,N,2
12.84525,77.56043,306.74,0.39,0.36,2023-01-06,2026,N,VIIRS,n,2,289.02,0.56,N,0
13.10689,77.53502,305.15,0.39,0.36,2023-01-06,2026,N,VIIRS,n,2,288.6,0.74,N,0
12.74333,75.4023,305.6,0.4,0.37,2023-01-06,2026,N,VIIRS,n,2,293.08,0.54,N,0
12.22566,79.21557,301.11,0.42,0.38,2023-01-06,2026,N,VIIRS,n,2,289.98,0.61,N,0
9.43428,77.0812,309.39,0.39,0.36,2023-01-06,2027,N,VIIRS,n,2,290.52,0.94,N,0
27.03717,95.55292,337.08,0.5,0.66,2023-01-07,556,N,VIIRS,n,2,295.14,66.27,D,0
27.0442,95.55552,347.5,0.5,0.66,2023-01-07,556,N,VIIRS,n,2,291.33,11.56,D,0
27.0402,95.55888,367.0,0.5,0.66,2023-01-07,556,N,VIIRS,h,2,316.06,204.13,D,0
27.03903,95.55428,208.0,0.5,0.66,2023-01-07,556,N,VIIRS,l,2,311.54,153.39,D,0
26.9848,95.13969,332.8,0.53,0.67,2023-01-07,556,N,VIIRS,n,2,292.34,4.8,D,0
27.50693,96.19799,335.48,0.45,0.63,2023-01-07,556,N,VIIRS,n,2,294.2,2.82,D,0
27.50929,96.18268,327.68,0.45,0.63,2023-01-07,556,N,VIIRS,n,2,293.93,2.0,D,0
27.98788,96.22201,367.0,0.44,0.62,2023-01-07,556,N,VIIRS,h,2,296.13,9.28,D,0
27.98887,96.22221,367.0,0.44,0.62,2023-01-07,556,N,VIIRS,h,2,295.68,7.82,D,0
27.22334,92.2086,357.3,0.78,0.78,2023-01-07,556,N,VIIRS,n,2,283.41,16.72,D,0
28.6692,96.13636,343.97,0.43,0.62,2023-01-07,556,N,VIIRS,n,2,290.13,4.82,D,0
28.66814,96.13208,338.26,0.43,0.62,2023-01-07,556,N,VIIRS,n,2,288.3,4.82,D,0
28.67419,96.13245,332.85,0.43,0.62,2023-01-07,556,N,VIIRS,n,2,290.41,5.77,D,0
28.92894,95.82755,367.0,0.44,0.62,2023-01-07,556,N,VIIRS,h,2,293.83,26.61,D,0
28.92765,95.8224,343.16,0.44,0.62,2023-01-07,556,N,VIIRS,n,2,292.43,14.93,D,0
24.93991,93.81858,330.85,0.71,0.75,2023-01-07,556,N,VIIRS,n,2,289.37,7.03,D,0
24.93852,93.81329,346.96,0.71,0.75,2023-01-07,556,N,VIIRS,n,2,289.44,7.03,D,0
24.93828,93.81712,331.96,0.71,0.75,2023-01-07,556,N,VIIRS,n,2,289.42,13.51,D,0
24.93684,93.81178,335.88,0.71,0.75,2023-01-07,556,N,VIIRS,n,2,289.03,8.4,D,0
26.59177,94.95329,344.11,0.56,0.69,2023-01-07,556,N,VIIRS,n,2,293.78,7.04,D,0
26.5906,94.94866,340.08,0.56,0.69,2023-01-07,556,N,VIIRS,n,2,292.83,7.04,D,0
26.58783,94.95453,332.23,0.56,0.68,2023-01-07,556,N,VIIRS,n,2,293.79,6.96,D,0
26.58668,94.95006,329.32,0.56,0.69,2023-01-07,556,N,VIIRS,n,2,292.42,4.88,D,0
26.77526,95.25098,339.11,0.53,0.67,2023-01-07,556,N,VIIRS,n,2,291.11,7.3,D,0
26.78073,95.25083,334.85,0.53,0.67,2023-01-07,556,N,VIIRS,n,2,292.06,3.48,D,0
26.76913,95.02489,338.16,0.55,0.68,2023-01-07,556,N,VIIRS,n,2,291.37,8.39,D,0
26.80296,94.97545,340.6,0.55,0.68,2023-01-07,556,N,VIIRS,n,2,292.13,20.07,D,0
26.86596,95.14771,334.58,0.53,0.67,2023-01-07,556,N,VIIRS,n,2,291.97,5.4,D,0
26.77497,95.25388,327.28,0.53,0.67,2023-01-07,556,N,VIIRS,n,2,292.79,5.94,D,0
26.80208,94.97198,352.59,0.55,0.68,2023-01-07,556,N,VIIRS,n,2,295.05,20.07,D,0
26.8053,94.97283,367.0,0.55,0.68,2023-01-07,556,N,VIIRS,h,2,296.51,34.28,D,0
26.86269,95.14427,333.25,0.53,0.67,2023-01-07,556,N,VIIRS,n,2,291.34,3.83,D,0
26.84268,95.01497,353.14,0.54,0.68,2023-01-07,556,N,VIIRS,n,2,291.32,26.91,D,0
26.84144,95.01016,351.25,0.54,0.68,2023-01-07,556,N,VIIRS,n,2,294.87,24.2,D,0
27.03953,95.56241,367.0,0.5,0.66,2023-01-07,556,N,VIIRS,h,2,295.51,116.78,D,0
27.03838,95.5578,367.0,0.5,0.66,2023-01-07,556,N,VIIRS,h,2,328.29,116.78,D,0
10.34227,78.8865,341.14,0.6,0.53,2023-01-07,732,N,VIIRS,n,2,293.98,11.57,D,0
9.46531,77.29783,343.41,0.4,0.6,2023-01-07,732,N,VIIRS,n,2,291.07,6.26,D,0
9.46463,77.2942,332.48,0.4,0.6,2023-01-07,732,N,VIIRS,n,2,291.19,6.26,D,0
9.47011,77.29305,367.0,0.4,0.6,2023-01-07,732,N,VIIRS,h,2,291.4,6.26,D,0
9.5239,77.1181,367.0,0.41,0.61,2023-01-07,732,N,VIIRS,h,2,291.18,11.96,D,0
12.28426,76.90804,328.62,0.38,0.59,2023-01-07,733,N,VIIRS,n,2,295.27,4.4,D,0
12.28219,76.90593,367.0,0.38,0.59,2023-01-07,733,N,VIIRS,h,2,298.06,8.93,D,0
10.84588,76.38239,334.15,0.43,0.62,2023-01-07,733,N,VIIRS,n,2,293.07,2.37,D,0
12.76455,77.15582,336.08,0.36,0.57,2023-01-07,733,N,VIIRS,n,2,295.38,2.71,D,0
14.27266,80.13274,334.94,0.43,0.46,2023-01-07,733,N,VIIRS,n,2,297.35,3.11,D,0
13.20143,74.83499,328.75,0.5,0.66,2023-01-07,733,N,VIIRS,n,2,295.59,2.23,D,0
14.11888,79.87272,333.26,0.45,0.47,2023-01-07,733,N,VIIRS,n,2,294.35,4.64,D,0
13.3921,76.56397,340.42,0.38,0.59,2023-01-07,733,N,VIIRS,n,2,294.39,3.53,D,0
13.2251,75.93905,348.11,0.42,0.61,2023-01-07,733,N,VIIRS,n,2,299.28,6.51,D,0
13.01999,76.16953,334.93,0.41,0.61,2023-01-07,733,N,VIIRS,n,2,296.01,4.11,D,0
13.35425,79.65803,328.67,0.48,0.48,2023-01-07,733,N,VIIRS,n,2,294.51,2.42,D,0
12.28357,76.90451,351.55,0.38,0.59,2023-01-07,733,N,VIIRS,n,2,296.6,4.4,D,0
16.85352,78.73762,339.48,0.47,0.48,2023-01-07,734,N,VIIRS,n,2,300.83,2.93,D,0
17.38366,81.1666,332.07,0.5,0.41,2023-01-07,734,N,VIIRS,n,2,303.59,2.45,D,0
16.44277,76.11356,335.15,0.36,0.57,2023-01-07,734,N,VIIRS,n,2,293.83,1.77,D,0
16.11232,74.15979,333.91,0.48,0.65,2023-01-07,734,N,VIIRS,n,2,291.23,6.5,D,0
16.1114,74.1554,350.97,0.49,0.65,2023-01-07,734,N,VIIRS,n,2,294.74,6.5,D,0
17.69957,81.88278,333.54,0.46,0.39,2023-01-07,734,N,VIIRS,n,2,303.57,6.82,D,0
17.7032,81.88235,339.95,0.46,0.39,2023-01-07,734,N,VIIRS,n,2,300.44,4.86,D,0
17.82409,82.30475,338.31,0.44,0.38,2023-01-07,734,N,VIIRS,n,2,298.95,3.7,D,0
17.15985,78.19781,337.2,0.51,0.49,2023-01-07,734,N,VIIRS,n,2,303.72,2.72,D,0
17.82124,81.87455,332.68,0.46,0.39,2023-01-07,734,N,VIIRS,n,2,300.42,3.8,D,0
17.66994,80.91691,337.36,0.51,0.41,2023-01-07,734,N,VIIRS,n,2,304.7,9.73,D,0
17.6698,80.91898,332.85,0.51,0.41,2023-01-07,734,N,VIIRS,l,2,304.82,10.23,D,0
17.57265,80.08748,330.8,0.57,0.43,2023-01-07,734,N,VIIRS,l,2,302.47,2.73,D,0
17.33734,78.68766,344.75,0.47,0.48,2023-01-07,734,N,VIIRS,n,2,301.34,6.43,D,0
18.27023,81.98602,334.56,0.45,0.39,2023-01-07,734,N,VIIRS,l,2,306.97,1.8,D,0
18.26215,79.95576,346.2,0.57,0.43,2023-01-07,734,N,VIIRS,n,2,304.61,7.93,D,0
18.83189,83.43145,331.66,0.4,0.37,2023-01-07,734,N,VIIRS,n,2,305.06,1.5,D,0
18.74306,82.81428,345.25,0.41,0.37,2023-01-07,734,N,VIIRS,n,2,303.89,2.37,D,0
17.43941,75.75867,355.43,0.36,0.57,2023-01-07,734,N,VIIRS,n,2,296.5,5.13,D,0
18.19663,79.72733,332.71,0.39,0.44,2023-01-07,734,N,VIIRS,n,2,302.55,1.88,D,0
18.19195,79.72443,349.88,0.39,0.44,2023-01-07,734,N,VIIRS,n,2,304.4,4.66,D,0
18.22581,79.91294,334.31,0.57,0.43,2023-01-07,734,N,VIIRS,n,2,302.64,5.72,D,0
18.18794,79.72524,343.47,0.39,0.44,2023-01-07,734,N,VIIRS,n,2,304.31,4.66,D,0
18.88189,83.85562,333.05,0.39,0.36,2023-01-07,734,N,VIIRS,n,2,307.01,2.15,D,0
18.81231,83.43874,334.88,0.4,0.37,2023-01-07,734,N,VIIRS,n,2,304.51,2.88,D,0
18.04015,79.15089,334.08,0.43,0.46,2023-01-07,734,N,VIIRS,n,2,300.97,2.63,D,0
18.91356,84.40756,330.51,0.39,0.36,2023-01-07,734,N,VIIRS,n,2,297.65,1.0,D,0
18.73418,83.45644,335.59,0.4,0.37,2023-01-07,734,N,VIIRS,l,2,306.36,5.02,D,0
18.08683,79.7914,330.08,0.39,0.44,2023-01-07,734,N,VIIRS,l,2,302.29,0.96,D,0
18.09339,79.85076,342.27,0.39,0.44,2023-01-07,734,N,VIIRS,n,2,304.36,3.66,D,0
17.51013,77.14455,333.89,0.58,0.52,2023-01-07,734,N,VIIRS,n,2,301.05,6.42,D,0
17.51126,77.15019,341.26,0.58,0.52,2023-01-07,734,N,VIIRS,n,2,302.31,7.37,D,0
17.51217,77.14694,347.95,0.58,0.52,2023-01-07,734,N,VIIRS,n,2,303.81,13.67,D,0
18.3424,81.8992,337.92,0.45,0.39,2023-01-07,734,N,VIIRS,n,2,305.99,3.1,D,0
18.32584,81.82299,336.94,0.46,0.39,2023-01-07,734,N,VIIRS,n,2,305.59,3.26,D,0
17.93359,79.93151,335.04,0.38,0.44,2023-01-07,734,N,VIIRS,n,2,303.13,2.03,D,0
18.51212,83.33665,331.46,0.4,0.37,2023-01-07,734,N,VIIRS,n,2,303.47,1.12,D,0
18.06862,80.68939,330.98,0.52,0.42,2023-01-07,734,N,VIIRS,n,2,304.77,2.34,D,0
17.91691,79.91648,330.85,0.39,0.44,2023-01-07,734,N,VIIRS,n,2,303.18,1.98,D,0
18.25099,83.82557,339.26,0.39,0.36,2023-01-07,734,N,VIIRS,n,2,304.63,3.73,D,0
18.30063,83.91167,331.32,0.39,0.36,2023-01-07,734,N,VIIRS,n,2,302.96,1.81,D,0
17.4046,78.29665,340.3,0.5,0.49,2023-01-07,734,N,VIIRS,n,2,301.74,3.68,D,0
17.57098,79.01344,343.27,0.44,0.46,2023-01-07,734,N,VIIRS,n,2,303.04,4.87,D,0
17.10811,76.55967,367.0,0.32,0.55,2023-01-07,734,N,VIIRS,h,2,300.06,7.02,D,0
18.05553,81.5324,339.15,0.47,0.4,2023-01-07,734,N,VIIRS,n,2,307.49,5.44,D,0
17.77053,79.84254,332.02,0.39,0.44,2023-01-07,734,N,VIIRS,n,2,302.18,1.44,D,0
18.0939,81.62566,333.74,0.47,0.4,2023-01-07,734,N,VIIRS,l,2,305.24,4.11,D,0
17.83139,79.9515,340.63,0.39,0.44,2023-01-07,734,N,VIIRS,n,2,303.39,4.08,D,0
17.83242,79.95161,342.71,0.39,0.44,2023-01-07,734,N,VIIRS,n,2,303.83,3.92,D,0
17.21321,76.62213,330.27,0.32,0.55,2023-01-07,734,N,VIIRS,n,2,297.28,0.79,D,0
14.46722,75.52637,334.08,0.42,0.61,2023-01-07,734,N,VIIRS,n,2,296.09,2.71,D,0
14.87085,76.15286,333.89,0.38,0.59,2023-01-07,734,N,VIIRS,n,2,297.15,2.23,D,0
15.03975,76.62186,340.91,0.35,0.57,2023-01-07,734,N,VIIRS,n,2,292.5,4.16,D,0
15.03908,76.61999,338.45,0.35,0.57,2023-01-07,734,N,VIIRS,n,2,292.87,3.19,D,0
15.6525,78.91264,333.4,0.49,0.48,2023-01-07,734,N,VIIRS,n,2,296.24,8.97,D,0
15.96638,80.44894,330.09,0.39,0.44,2023-01-07,734,N,VIIRS,n,2,297.74,2.32,D,0
15.82347,79.49776,337.42,0.44,0.46,2023-01-07,734,N,VIIRS,n,2,297.77,2.83,D,0
16.12164,80.61034,330.99,0.56,0.43,2023-01-07,734,N,VIIRS,n,2,297.84,2.17,D,0
15.1846,75.59206,330.98,0.41,0.6,2023-01-07,734,N,VIIRS,n,2,297.16,3.27,D,0
16.14644,80.58943,333.34,0.56,0.43,2023-01-07,734,N,VIIRS,n,2,298.94,4.18,D,0
15.20526,75.08038,328.67,0.44,0.62,2023-01-07,734,N,VIIRS,n,2,294.84,3.41,D,0
16.27976,80.68531,335.26,0.55,0.43,2023-01-07,734,N,VIIRS,n,2,304.45,6.3,D,0
16.18985,80.03769,330.85,0.4,0.45,2023-01-07,734,N,VIIRS,n,2,298.88,2.11,D,0
16.31801,80.67278,350.11,0.55,0.43,2023-01-07,734,N,VIIRS,n,2,303.32,15.1,D,0
16.00486,78.83797,339.17,0.48,0.48,2023-01-07,734,N,VIIRS,n,2,296.28,4.0,D,0
16.32684,80.67918,331.68,0.55,0.43,2023-01-07,734,N,VIIRS,n,2,300.7,5.3,D,0
16.00403,78.83952,335.84,0.48,0.48,2023-01-07,734,N,VIIRS,n,2,295.67,4.44,D,0
16.33005,80.53875,335.13,0.56,0.43,2023-01-07,734,N,VIIRS,n,2,299.97,2.26,D,0
16.55701,80.70737,335.38,0.55,0.43,2023-01-07,734,N,VIIRS,n,2,302.53,7.61,D,0
16.5569,80.7056,331.18,0.55,0.42,2023-01-07,734,N,VIIRS,l,2,302.3,4.13,D,0
15.38112,74.45253,332.33,0.48,0.65,2023-01-07,734,N,VIIRS,n,2,293.34,3.03,D,0
16.70406,80.67535,336.95,0.55,0.42,2023-01-07,734,N,VIIRS,n,2,301.4,4.9,D,0
16.77982,81.01658,347.15,0.52,0.42,2023-01-07,734,N,VIIRS,n,2,302.84,8.56,D,0
15.85216,75.59933,330.71,0.4,0.6,2023-01-07,734,N,VIIRS,n,2,295.45,3.29,D,0
16.4377,77.65948,330.94,0.57,0.52,2023-01-07,734,N,VIIRS,n,2,298.05,3.97,D,0
17.08264,80.90683,333.73,0.52,0.42,2023-01-07,734,N,VIIRS,n,2,302.97,3.56,D,0
17.06352,80.45892,332.6,0.56,0.43,2023-01-07,734,N,VIIRS,n,2,300.89,7.85,D,0
17.21266,81.18743,333.84,0.5,0.41,2023-01-07,734,N,VIIRS,n,2,305.28,4.13,D,0
21.34763,83.95109,336.21,0.38,0.36,2023-01-07,735,N,VIIRS,n,2,302.94,3.65,D,0
20.94797,86.65398,347.03,0.42,0.38,2023-01-07,735,N,VIIRS,n,2,304.31,4.4,D,0
20.91174,86.42207,332.24,0.41,0.37,2023-01-07,735,N,VIIRS,n,2,303.17,2.17,D,0
20.9445,86.65452,335.16,0.42,0.38,2023-01-07,735,N,VIIRS,n,2,300.64,4.4,D,0
19.46801,77.72672,343.99,0.49,0.49,2023-01-07,735,N,VIIRS,n,2,300.94,9.27,D,0
19.38087,77.29752,340.49,0.53,0.5,2023-01-07,735,N,VIIRS,n,2,299.81,10.78,D,0
20.79325,85.64502,337.69,0.39,0.37,2023-01-07,735,N,VIIRS,n,2,305.47,3.16,D,0
20.88968,86.34056,331.91,0.41,0.37,2023-01-07,735,N,VIIRS,l,2,302.84,2.34,D,0
20.03884,81.004,330.19,0.47,0.4,2023-01-07,735,N,VIIRS,l,2,303.18,2.0,D,0
20.89109,86.60107,339.74,0.42,0.38,2023-01-07,735,N,VIIRS,n,2,305.05,4.82,D,0
20.39047,83.35499,340.14,0.39,0.36,2023-01-07,735,N,VIIRS,n,2,306.17,2.72,D,0
20.82574,86.3588,334.2,0.41,0.37,2023-01-07,735,N,VIIRS,n,2,302.99,2.86,D,0
20.82286,86.3633,331.23,0.41,0.37,2023-01-07,735,N,VIIRS,n,2,302.74,2.18,D,0
19.77479,79.91364,334.38,0.54,0.42,2023-01-07,735,N,VIIRS,n,2,304.58,4.84,D,0
20.81545,86.42846,333.71,0.41,0.37,2023-01-07,735,N,VIIRS,n,2,302.03,2.51,D,0
19.77402,79.91036,333.91,0.54,0.42,2023-01-07,735,N,VIIRS,n,2,304.77,3.1,D,0
20.79786,86.37866,337.86,0.41,0.37,2023-01-07,735,N,VIIRS,n,2,304.02,3.37,D,0
20.79157,86.3837,355.97,0.41,0.37,2023-01-07,735,N,VIIRS,n,2,307.64,15.85,D,0
20.68273,85.69753,331.84,0.4,0.37,2023-01-07,735,N,VIIRS,n,2,301.68,2.09,D,0
20.76194,86.37225,331.89,0.41,0.37,2023-01-07,735,N,VIIRS,n,2,302.9,1.81,D,0
19.23894,77.34534,342.83,0.53,0.5,2023-01-07,735,N,VIIRS,n,2,299.95,6.06,D,0
20.02386,81.63589,333.47,0.44,0.39,2023-01-07,735,N,VIIRS,n,2,303.9,1.79,D,0
20.76732,86.46042,331.51,0.41,0.37,2023-01-07,735,N,VIIRS,n,2,303.05,2.39,D,0
20.83696,86.96275,345.3,0.43,0.38,2023-01-07,735,N,VIIRS,n,2,309.53,5.58,D,0
20.83345,86.96329,337.74,0.43,0.38,2023-01-07,735,N,VIIRS,l,2,312.42,7.91,D,0
20.25921,83.43974,335.95,0.39,0.36,2023-01-07,735,N,VIIRS,n,2,307.08,10.15,D,0
20.68938,86.32719,333.54,0.41,0.37,2023-01-07,735,N,VIIRS,n,2,302.19,2.07,D,0
20.70004,86.40199,337.7,0.41,0.37,2023-01-07,735,N,VIIRS,n,2,302.78,3.22,D,0
20.74012,86.68521,336.46,0.42,0.38,2023-01-07,735,N,VIIRS,n,2,302.04,3.78,D,0
20.73666,86.68575,334.3,0.42,0.38,2023-01-07,735,N,VIIRS,n,2,303.07,2.7,D,0
20.69661,86.60166,342.04,0.42,0.37,2023-01-07,735,N,VIIRS,n,2,300.86,4.44,D,0
19.17663,77.53604,344.56,0.51,0.5,2023-01-07,735,N,VIIRS,n,2,301.48,6.19,D,0
18.28155,73.33129,343.16,0.49,0.65,2023-01-07,735,N,VIIRS,n,2,295.23,8.99,D,0
19.06424,77.06151,342.5,0.55,0.51,2023-01-07,735,N,VIIRS,n,2,301.7,6.73,D,0
20.20388,83.48032,333.08,0.39,0.36,2023-01-07,735,N,VIIRS,l,2,303.69,1.53,D,0
20.52741,85.65728,334.09,0.39,0.36,2023-01-07,735,N,VIIRS,n,2,302.62,2.21,D,0
18.22871,73.26377,328.07,0.5,0.66,2023-01-07,735,N,VIIRS,n,2,295.71,2.56,D,0
18.90965,76.46767,331.62,0.61,0.53,2023-01-07,735,N,VIIRS,n,2,298.15,5.22,D,0
19.97029,82.17686,339.75,0.42,0.38,2023-01-07,735,N,VIIRS,n,2,304.35,5.2,D,0
20.55044,85.93732,332.14,0.4,0.37,2023-01-07,735,N,VIIRS,n,2,304.69,1.6,D,0
20.65416,86.70279,336.79,0.42,0.38,2023-01-07,735,N,VIIRS,n,2,302.82,3.28,D,0
20.18119,83.55333,329.83,0.39,0.36,2023-01-07,735,N,VIIRS,n,2,301.22,1.65,D,0
19.95368,82.1841,340.62,0.42,0.38,2023-01-07,735,N,VIIRS,n,2,307.32,5.58,D,0
20.60083,86.39353,330.32,0.41,0.37,2023-01-07,735,N,VIIRS,n,2,302.31,1.17,D,0
20.51742,85.81025,336.7,0.4,0.37,2023-01-07,735,N,VIIRS,n,2,302.83,5.28,D,0
19.95231,82.18404,333.45,0.42,0.38,2023-01-07,735,N,VIIRS,l,2,305.59,4.74,D,0
18.90869,76.47032,331.54,0.61,0.53,2023-01-07,735,N,VIIRS,n,2,297.94,3.68,D,0
19.93887,82.2322,337.97,0.42,0.38,2023-01-07,735,N,VIIRS,n,2,303.8,3.6,D,0
19.93409,82.22482,334.39,0.42,0.38,2023-01-07,735,N,VIIRS,n,2,300.79,4.98,D,0
19.93674,82.24086,333.02,0.42,0.38,2023-01-07,735,N,VIIRS,l,2,305.17,2.65,D,0
20.55604,86.36847,337.01,0.41,0.37,2023-01-07,735,N,VIIRS,n,2,304.33,4.57,D,0
18.93658,77.13591,341.61,0.55,0.51,2023-01-07,735,N,VIIRS,n,2,304.07,13.7,D,0
19.86777,82.2329,339.25,0.42,0.38,2023-01-07,735,N,VIIRS,n,2,308.78,3.33,D,0
19.87914,82.30084,331.3,0.42,0.38,2023-01-07,735,N,VIIRS,n,2,301.07,2.45,D,0
20.5008,86.37323,331.21,0.41,0.37,2023-01-07,735,N,VIIRS,l,2,302.98,1.56,D,0
18.93418,77.13365,341.72,0.55,0.51,2023-01-07,735,N,VIIRS,n,2,300.78,8.97,D,0
20.47976,86.42054,337.37,0.41,0.37,2023-01-07,735,N,VIIRS,n,2,303.87,3.38,D,0
20.49301,86.58833,330.68,0.42,0.37,2023-01-07,735,N,VIIRS,n,2,303.49,2.14,D,0
20.48956,86.58887,334.82,0.42,0.37,2023-01-07,735,N,VIIRS,n,2,303.66,2.14,D,0
19.82261,82.29436,339.94,0.42,0.38,2023-01-07,735,N,VIIRS,n,2,306.87,3.26,D,0
19.80537,82.2976,338.1,0.42,0.38,2023-01-07,735,N,VIIRS,n,2,305.67,3.08,D,0
19.80192,82.29823,342.54,0.42,0.38,2023-01-07,735,N,VIIRS,n,2,306.84,3.5,D,0
19.80722,82.33015,335.09,0.42,0.38,2023-01-07,735,N,VIIRS,n,2,304.4,2.51,D,0
20.28224,85.55174,345.72,0.39,0.36,2023-01-07,735,N,VIIRS,n,2,304.4,3.88,D,0
19.76466,82.30932,337.85,0.42,0.38,2023-01-07,735,N,VIIRS,n,2,305.66,4.69,D,0
20.25441,85.53751,342.29,0.39,0.36,2023-01-07,735,N,VIIRS,n,2,304.0,2.86,D,0
20.34501,86.15929,331.62,0.4,0.37,2023-01-07,735,N,VIIRS,n,2,302.91,2.64,D,0
20.34212,86.1874,335.09,0.4,0.37,2023-01-07,735,N,VIIRS,n,2,303.83,3.68,D,0
20.2195,85.46301,333.56,0.39,0.36,2023-01-07,735,N,VIIRS,n,2,306.44,2.87,D,0
18.13765,73.9628,331.15,0.46,0.63,2023-01-07,735,N,VIIRS,n,2,294.12,3.79,D,0
19.70638,82.22481,331.8,0.43,0.38,2023-01-07,735,N,VIIRS,l,2,305.32,3.1,D,0
20.23457,85.68269,333.01,0.39,0.36,2023-01-07,735,N,VIIRS,n,2,304.09,1.53,D,0
19.70971,82.3524,333.26,0.42,0.38,2023-01-07,735,N,VIIRS,n,2,304.67,2.2,D,0
18.26359,79.97597,331.96,0.57,0.43,2023-01-07,735,N,VIIRS,l,2,304.78,3.1,D,0
18.26361,79.95381,334.29,0.57,0.43,2023-01-07,735,N,VIIRS,n,2,302.07,2.52,D,0
18.33183,80.23866,335.59,0.55,0.42,2023-01-07,735,N,VIIRS,n,2,304.95,7.61,D,0
19.07403,84.5932,332.02,0.38,0.36,2023-01-07,735,N,VIIRS,l,2,304.96,3.17,D,0
18.95349,83.7978,336.64,0.39,0.36,2023-01-07,735,N,VIIRS,l,2,310.41,7.18,D,0
19.08727,84.59095,345.71,0.38,0.36,2023-01-07,735,N,VIIRS,n,2,306.07,5.49,D,0
18.32411,79.90295,331.22,0.57,0.43,2023-01-07,735,N,VIIRS,n,2,301.8,1.93,D,0
18.3212,79.88676,336.21,0.57,0.43,2023-01-07,735,N,VIIRS,n,2,305.31,7.36,D,0
17.55222,75.75558,335.55,0.36,0.57,2023-01-07,735,N,VIIRS,n,2,295.99,2.35,D,0
18.34337,79.84969,346.8,0.38,0.43,2023-01-07,735,N,VIIRS,n,2,304.52,5.38,D,0
18.34273,79.84608,341.54,0.38,0.43,2023-01-07,735,N,VIIRS,n,2,305.26,5.38,D,0
18.34144,79.83884,341.21,0.38,0.44,2023-01-07,735,N,VIIRS,n,2,305.48,7.09,D,0
18.56115,80.93328,343.96,0.5,0.41,2023-01-07,735,N,VIIRS,n,2,309.06,11.48,D,0
18.84688,82.55599,332.37,0.42,0.38,2023-01-07,735,N,VIIRS,n,2,304.36,2.34,D,0
17.24726,74.10419,335.82,0.46,0.64,2023-01-07,735,N,VIIRS,n,2,294.53,4.45,D,0
18.48285,80.04521,338.06,0.56,0.43,2023-01-07,735,N,VIIRS,n,2,306.64,11.19,D,0
18.9026,82.48417,345.22,0.42,0.38,2023-01-07,735,N,VIIRS,n,2,307.05,7.02,D,0
18.91709,82.48567,336.11,0.42,0.38,2023-01-07,735,N,VIIRS,n,2,303.12,3.02,D,0
19.24792,84.53658,334.07,0.38,0.36,2023-01-07,735,N,VIIRS,n,2,304.83,1.53,D,0
18.91854,82.48557,333.37,0.42,0.38,2023-01-07,735,N,VIIRS,n,2,302.76,3.25,D,0
18.93344,82.53212,337.05,0.42,0.38,2023-01-07,735,N,VIIRS,n,2,303.89,2.14,D,0
19.15233,83.79287,333.25,0.39,0.36,2023-01-07,735,N,VIIRS,l,2,304.35,4.86,D,0
19.15625,83.79599,349.15,0.39,0.36,2023-01-07,735,N,VIIRS,n,2,306.13,4.86,D,0
19.15841,83.78801,335.12,0.39,0.36,2023-01-07,735,N,VIIRS,n,2,304.79,2.74,D,0
19.24935,84.25961,332.58,0.39,0.36,2023-01-07,735,N,VIIRS,n,2,304.59,1.78,D,0
19.13681,83.43573,333.18,0.4,0.37,2023-01-07,735,N,VIIRS,l,2,304.14,2.84,D,0
18.65288,80.48551,337.69,0.52,0.42,2023-01-07,735,N,VIIRS,n,2,306.15,5.42,D,0
17.50884,74.48866,330.75,0.43,0.62,2023-01-07,735,N,VIIRS,n,2,292.27,2.35,D,0
19.03523,82.67671,332.26,0.42,0.37,2023-01-07,735,N,VIIRS,l,2,306.19,4.35,D,0
18.99137,82.3439,332.89,0.43,0.38,2023-01-07,735,N,VIIRS,l,2,304.57,4.21,D,0
19.05324,82.6572,334.64,0.42,0.37,2023-01-07,735,N,VIIRS,l,2,306.43,2.46,D,0
18.98644,82.2486,332.44,0.43,0.38,2023-01-07,735,N,VIIRS,n,2,305.67,2.87,D,0
17.742,75.5752,333.92,0.36,0.58,2023-01-07,735,N,VIIRS,n,2,295.92,2.37,D,0
17.51065,74.48827,332.22,0.43,0.62,2023-01-07,735,N,VIIRS,n,2,292.36,2.48,D,0
19.46692,85.10874,332.74,0.39,0.36,2023-01-07,735,N,VIIRS,n,2,302.79,1.89,D,0
19.1688,83.08826,348.22,0.4,0.37,2023-01-07,735,N,VIIRS,n,2,306.57,6.06,D,0
19.0422,82.31833,338.81,0.43,0.38,2023-01-07,735,N,VIIRS,n,2,307.43,7.59,D,0
19.04153,82.31428,332.27,0.43,0.38,2023-01-07,735,N,VIIRS,n,2,306.74,4.05,D,0
19.10886,82.31027,334.41,0.43,0.38,2023-01-07,735,N,VIIRS,n,2,308.13,2.91,D,0
19.43915,84.34986,336.51,0.38,0.36,2023-01-07,735,N,VIIRS,n,2,305.32,3.17,D,0
19.11132,82.27676,336.03,0.43,0.38,2023-01-07,735,N,VIIRS,n,2,306.8,2.62,D,0
19.11064,82.27271,334.36,0.43,0.38,2023-01-07,735,N,VIIRS,n,2,304.2,2.62,D,0
18.64536,79.62114,337.48,0.39,0.44,2023-01-07,735,N,VIIRS,n,2,304.32,4.09,D,0
19.12099,82.29169,333.87,0.43,0.38,2023-01-07,735,N,VIIRS,n,2,306.97,2.64,D,0
19.19908,82.67558,335.18,0.42,0.37,2023-01-07,735,N,VIIRS,n,2,303.55,2.39,D,0
19.3882,83.82716,331.66,0.39,0.36,2023-01-07,735,N,VIIRS,n,2,302.16,2.45,D,0
18.6822,79.68591,330.87,0.39,0.44,2023-01-07,735,N,VIIRS,n,2,303.39,3.69,D,0
19.22285,82.75592,332.06,0.41,0.37,2023-01-07,735,N,VIIRS,n,2,303.99,2.23,D,0
18.74596,79.76449,335.38,0.57,0.43,2023-01-07,735,N,VIIRS,n,2,305.41,4.97,D,0
18.72164,79.53697,337.54,0.39,0.44,2023-01-07,735,N,VIIRS,l,2,310.55,4.85,D,2
18.44648,78.01683,330.97,0.49,0.49,2023-01-07,735,N,VIIRS,n,2,302.3,3.68,D,0
18.73424,79.53511,331.97,0.39,0.44,2023-01-07,735,N,VIIRS,l,2,304.84,2.99,D,0
18.44402,78.01517,331.34,0.49,0.49,2023-01-07,735,N,VIIRS,n,2,302.49,2.14,D,0
18.73758,79.53058,335.59,0.39,0.44,2023-01-07,735,N,VIIRS,l,2,306.44,4.56,D,0
19.32503,82.54402,334.42,0.42,0.38,2023-01-07,735,N,VIIRS,l,2,305.33,3.78,D,0
21.7615,82.48266,331.17,0.4,0.37,2023-01-07,735,N,VIIRS,l,2,302.71,51.44,D,0
21.85067,83.05602,333.79,0.39,0.36,2023-01-07,735,N,VIIRS,n,2,303.19,3.3,D,0
21.69201,82.10396,338.53,0.41,0.37,2023-01-07,735,N,VIIRS,n,2,306.67,7.03,D,0
21.78304,82.6574,342.1,0.4,0.37,2023-01-07,735,N,VIIRS,n,2,303.81,3.4,D,0
21.78802,82.6881,333.32,0.4,0.37,2023-01-07,735,N,VIIRS,n,2,301.26,1.94,D,0
21.79582,82.75755,333.21,0.4,0.37,2023-01-07,735,N,VIIRS,l,2,303.69,5.34,D,0
21.79644,82.76136,332.71,0.4,0.37,2023-01-07,735,N,VIIRS,n,2,301.59,6.29,D,0
21.81243,82.86039,341.82,0.39,0.37,2023-01-07,735,N,VIIRS,n,2,303.64,3.75,D,0
21.82524,82.94006,338.26,0.39,0.36,2023-01-07,735,N,VIIRS,n,2,304.75,4.1,D,0
22.40147,86.87468,332.5,0.44,0.38,2023-01-07,735,N,VIIRS,n,2,300.59,1.95,D,0
21.80663,82.84579,336.23,0.4,0.37,2023-01-07,735,N,VIIRS,n,2,304.18,3.45,D,0
21.75916,82.57467,347.89,0.4,0.37,2023-01-07,735,N,VIIRS,n,2,305.24,5.93,D,0
21.80328,82.84641,330.32,0.4,0.37,2023-01-07,735,N,VIIRS,n,2,304.34,2.3,D,0
22.54338,88.03703,326.84,0.5,0.41,2023-01-07,735,N,VIIRS,n,2,297.3,2.52,D,0
21.75579,82.57529,337.53,0.4,0.37,2023-01-07,735,N,VIIRS,n,2,305.22,5.93,D,0
21.78452,82.75175,356.5,0.4,0.37,2023-01-07,735,N,VIIRS,n,2,305.23,8.2,D,0
21.78514,82.75558,355.46,0.4,0.37,2023-01-07,735,N,VIIRS,n,2,303.78,8.61,D,0
21.78281,82.74828,336.65,0.4,0.37,2023-01-07,735,N,VIIRS,n,2,303.06,6.27,D,0
21.78342,82.7521,356.75,0.4,0.37,2023-01-07,735,N,VIIRS,n,2,306.69,6.27,D,0
21.78403,82.75592,355.87,0.4,0.37,2023-01-07,735,N,VIIRS,n,2,304.42,5.22,D,0
21.78464,82.75974,337.13,0.4,0.37,2023-01-07,735,N,VIIRS,n,2,305.55,5.22,D,0
21.77946,82.74889,338.37,0.4,0.37,2023-01-07,735,N,VIIRS,n,2,305.17,6.27,D,0
21.79648,82.85568,345.81,0.4,0.37,2023-01-07,735,N,VIIRS,n,2,305.18,7.25,D,0
21.81756,82.98843,338.72,0.39,0.36,2023-01-07,735,N,VIIRS,n,2,303.71,3.9,D,0
21.77671,82.75333,356.2,0.4,0.37,2023-01-07,735,N,VIIRS,n,2,307.47,8.57,D,0
21.7822,82.7877,341.36,0.4,0.37,2023-01-07,735,N,VIIRS,n,2,308.2,11.48,D,0
21.78281,82.79151,356.06,0.4,0.37,2023-01-07,735,N,VIIRS,n,2,310.79,11.48,D,0
22.54303,88.03534,326.22,0.5,0.41,2023-01-07,735,N,VIIRS,n,2,297.47,2.1,D,0
21.77275,82.75013,336.05,0.4,0.37,2023-01-07,735,N,VIIRS,n,2,304.07,8.57,D,0
21.77336,82.75396,348.06,0.4,0.37,2023-01-07,735,N,VIIRS,n,2,305.86,8.57,D,0
21.81806,83.035,345.99,0.39,0.36,2023-01-07,735,N,VIIRS,n,2,307.61,8.31,D,0
21.75589,82.66648,332.33,0.4,0.37,2023-01-07,735,N,VIIRS,n,2,302.38,2.78,D,0
21.7565,82.67032,333.8,0.4,0.37,2023-01-07,735,N,VIIRS,n,2,305.53,2.78,D,0
21.76939,82.75076,331.13,0.4,0.37,2023-01-07,735,N,VIIRS,n,2,302.55,6.52,D,0
21.77061,82.75839,343.64,0.4,0.37,2023-01-07,735,N,VIIRS,n,2,307.23,7.36,D,0
21.77122,82.76221,346.83,0.4,0.37,2023-01-07,735,N,VIIRS,n,2,305.91,7.36,D,0
21.77,82.75457,367.0,0.4,0.37,2023-01-07,735,N,VIIRS,h,2,308.57,6.52,D,0
21.73616,82.58693,352.38,0.4,0.37,2023-01-07,735,N,VIIRS,n,2,305.33,7.94,D,0
21.80086,82.99148,336.85,0.39,0.36,2023-01-07,735,N,VIIRS,n,2,304.43,4.02,D,0
20.87778,77.77901,332.88,0.46,0.47,2023-01-07,735,N,VIIRS,n,2,302.01,3.62,D,0
22.39359,87.18575,333.62,0.45,0.39,2023-01-07,735,N,VIIRS,n,2,300.92,3.31,D,0
22.39,87.18629,336.91,0.45,0.39,2023-01-07,735,N,VIIRS,n,2,301.59,3.31,D,0
21.73337,82.74163,331.1,0.4,0.37,2023-01-07,735,N,VIIRS,n,2,304.99,2.2,D,0
21.74626,82.86489,333.16,0.4,0.37,2023-01-07,735,N,VIIRS,n,2,306.28,2.54,D,0
21.6809,82.48175,330.53,0.4,0.37,2023-01-07,735,N,VIIRS,l,2,302.8,3.08,D,0
21.74718,82.8921,330.18,0.39,0.37,2023-01-07,735,N,VIIRS,l,2,301.8,3.27,D,0
21.74383,82.89271,346.78,0.39,0.37,2023-01-07,735,N,VIIRS,n,2,305.13,5.76,D,0
21.913,83.97245,343.12,0.38,0.36,2023-01-07,735,N,VIIRS,n,2,305.71,8.69,D,0
21.71474,82.73325,343.81,0.4,0.37,2023-01-07,735,N,VIIRS,n,2,302.4,3.8,D,0
21.77009,83.07868,337.55,0.39,0.36,2023-01-07,735,N,VIIRS,n,2,305.99,2.78,D,0
21.84261,83.53902,335.28,0.39,0.36,2023-01-07,735,N,VIIRS,n,2,301.75,2.19,D,0
22.30381,86.73288,333.94,0.43,0.38,2023-01-07,735,N,VIIRS,n,2,300.98,6.26,D,0
21.92343,84.10751,329.99,0.38,0.36,2023-01-07,735,N,VIIRS,n,2,298.6,2.32,D,0
21.92012,84.10809,334.4,0.38,0.36,2023-01-07,735,N,VIIRS,n,2,301.03,2.18,D,0
21.92069,84.11179,333.12,0.38,0.36,2023-01-07,735,N,VIIRS,n,2,302.66,2.18,D,0
22.3793,87.35592,328.17,0.46,0.39,2023-01-07,735,N,VIIRS,n,2,301.35,1.9,D,0
21.70502,82.75867,367.0,0.4,0.37,2023-01-07,735,N,VIIRS,h,2,304.64,11.3,D,0
21.70166,82.75929,357.17,0.4,0.37,2023-01-07,735,N,VIIRS,n,2,308.83,11.99,D,0
21.91971,84.14998,338.63,0.38,0.36,2023-01-07,735,N,VIIRS,n,2,302.15,2.94,D,0
21.53862,81.83519,333.53,0.42,0.38,2023-01-07,735,N,VIIRS,n,2,303.22,1.57,D,0
21.6382,82.43371,342.5,0.4,0.37,2023-01-07,735,N,VIIRS,n,2,307.66,15.9,D,0
21.79683,83.42083,332.5,0.39,0.36,2023-01-07,735,N,VIIRS,n,2,302.37,3.14,D,0
21.93287,84.34916,335.72,0.38,0.36,2023-01-07,735,N,VIIRS,n,2,301.36,2.79,D,0
21.8943,84.13921,335.37,0.38,0.36,2023-01-07,735,N,VIIRS,n,2,304.39,2.67,D,0
21.58539,82.24109,336.03,0.41,0.37,2023-01-07,735,N,VIIRS,n,2,302.59,3.86,D,0
21.58198,82.24173,341.2,0.41,0.37,2023-01-07,735,N,VIIRS,n,2,305.21,3.86,D,0
21.8947,84.22993,328.99,0.38,0.36,2023-01-07,735,N,VIIRS,l,2,302.06,2.61,D,0
21.66373,82.76952,330.72,0.4,0.37,2023-01-07,735,N,VIIRS,l,2,303.56,3.35,D,0
21.66038,82.77014,339.34,0.4,0.37,2023-01-07,735,N,VIIRS,n,2,305.66,3.35,D,0
21.88302,84.19775,339.93,0.38,0.36,2023-01-07,735,N,VIIRS,n,2,311.23,19.99,D,0
22.35835,87.537,332.45,0.47,0.4,2023-01-07,735,N,VIIRS,n,2,298.26,3.27,D,0
21.63114,82.60964,335.98,0.4,0.37,2023-01-07,735,N,VIIRS,n,2,304.9,3.86,D,0
21.63176,82.61349,339.97,0.4,0.37,2023-01-07,735,N,VIIRS,n,2,303.2,3.86,D,0
21.87971,84.19833,332.44,0.38,0.36,2023-01-07,735,N,VIIRS,n,2,302.17,3.48,D,0
21.62901,82.61797,331.07,0.4,0.37,2023-01-07,735,N,VIIRS,l,2,305.4,0.91,D,0
21.68826,82.98808,343.03,0.39,0.36,2023-01-07,735,N,VIIRS,n,2,304.05,7.06,D,0
21.73761,83.30037,332.97,0.39,0.36,2023-01-07,735,N,VIIRS,n,2,302.72,1.78,D,0
21.62565,82.61861,346.74,0.4,0.37,2023-01-07,735,N,VIIRS,n,2,306.11,4.1,D,0
21.85458,84.10011,343.46,0.38,0.36,2023-01-07,735,N,VIIRS,n,2,304.49,3.49,D,0
21.87035,84.20376,332.27,0.38,0.36,2023-01-07,735,N,VIIRS,n,2,300.93,1.69,D,0
21.87428,84.22968,338.16,0.38,0.36,2023-01-07,735,N,VIIRS,n,2,302.29,6.31,D,0
21.87484,84.23338,353.04,0.38,0.36,2023-01-07,735,N,VIIRS,n,2,305.64,6.31,D,0
21.87541,84.23708,337.6,0.38,0.36,2023-01-07,735,N,VIIRS,n,2,306.32,16.05,D,0
21.72881,83.30965,340.89,0.39,0.36,2023-01-07,735,N,VIIRS,n,2,302.74,5.09,D,0
21.87153,84.23396,339.5,0.38,0.36,2023-01-07,735,N,VIIRS,n,2,302.68,2.66,D,0
21.81454,83.8829,334.6,0.38,0.36,2023-01-07,735,N,VIIRS,n,2,303.83,3.4,D,0
21.67002,83.0031,331.21,0.39,0.36,2023-01-07,735,N,VIIRS,n,2,302.61,1.54,D,0
21.67303,83.022,333.7,0.39,0.36,2023-01-07,735,N,VIIRS,n,2,302.6,2.46,D,0
21.67363,83.02577,347.03,0.39,0.36,2023-01-07,735,N,VIIRS,n,2,302.03,5.43,D,0
21.66909,83.01882,331.92,0.39,0.36,2023-01-07,735,N,VIIRS,l,2,304.42,7.55,D,0
21.66969,83.02261,333.47,0.39,0.36,2023-01-07,735,N,VIIRS,l,2,304.54,7.55,D,0
21.67029,83.02638,337.64,0.39,0.36,2023-01-07,735,N,VIIRS,n,2,305.62,10.01,D,0
19.95518,73.95448,348.24,0.42,0.61,2023-01-07,735,N,VIIRS,n,2,294.27,5.41,D,0
19.95605,73.95844,336.69,0.42,0.61,2023-01-07,735,N,VIIRS,n,2,293.19,5.41,D,0
21.66635,83.02321,353.54,0.39,0.36,2023-01-07,735,N,VIIRS,n,2,307.92,7.55,D,0
21.67681,83.11057,342.0,0.39,0.36,2023-01-07,735,N,VIIRS,n,2,304.98,3.22,D,0
21.43456,81.65141,335.82,0.43,0.38,2023-01-07,735,N,VIIRS,n,2,303.73,4.0,D,0
21.6424,82.98089,343.29,0.39,0.36,2023-01-07,735,N,VIIRS,n,2,304.54,3.71,D,0
21.65868,83.08286,342.22,0.39,0.36,2023-01-07,735,N,VIIRS,n,2,302.72,3.73,D,0
22.18586,86.68544,345.99,0.43,0.38,2023-01-07,735,N,VIIRS,n,2,304.68,9.24,D,0
21.41926,81.68829,339.1,0.43,0.38,2023-01-07,735,N,VIIRS,n,2,302.94,2.76,D,0
21.41579,81.68895,348.47,0.43,0.38,2023-01-07,735,N,VIIRS,n,2,304.94,9.4,D,0
21.41648,81.69306,347.26,0.43,0.38,2023-01-07,735,N,VIIRS,n,2,302.29,5.46,D,0
21.62539,82.96061,349.09,0.39,0.36,2023-01-07,735,N,VIIRS,n,2,309.18,52.22,D,0
21.64353,83.07398,352.83,0.39,0.36,2023-01-07,735,N,VIIRS,n,2,308.1,13.81,D,0
21.64413,83.07776,332.93,0.39,0.36,2023-01-07,735,N,VIIRS,n,2,302.29,6.69,D,0
21.64019,83.07459,346.89,0.39,0.36,2023-01-07,735,N,VIIRS,n,2,310.2,13.81,D,0
21.80673,84.14265,332.56,0.38,0.36,2023-01-07,735,N,VIIRS,l,2,302.7,6.41,D,0
21.61688,82.95047,353.37,0.39,0.37,2023-01-07,735,N,VIIRS,n,2,304.21,10.71,D,0
21.77817,84.02229,344.66,0.38,0.36,2023-01-07,735,N,VIIRS,n,2,303.5,3.45,D,0
22.21298,87.07754,330.97,0.45,0.39,2023-01-07,735,N,VIIRS,n,2,299.25,2.54,D,0
22.21355,87.08189,333.53,0.45,0.39,2023-01-07,735,N,VIIRS,n,2,301.87,2.54,D,0
21.73554,83.76748,338.67,0.39,0.36,2023-01-07,735,N,VIIRS,n,2,301.97,6.35,D,0
21.74299,83.81564,338.2,0.38,0.36,2023-01-07,735,N,VIIRS,n,2,305.61,5.14,D,0
21.59556,82.90362,344.26,0.4,0.37,2023-01-07,735,N,VIIRS,n,2,305.58,5.25,D,0
21.73223,83.76807,334.19,0.39,0.36,2023-01-07,735,N,VIIRS,n,2,302.15,2.54,D,0
21.7494,83.87917,337.32,0.38,0.36,2023-01-07,735,N,VIIRS,n,2,301.66,3.0,D,0
21.79413,84.17146,342.67,0.38,0.36,2023-01-07,735,N,VIIRS,n,2,303.92,3.99,D,0
21.58485,82.85863,331.4,0.4,0.37,2023-01-07,735,N,VIIRS,n,2,303.14,2.31,D,0
21.59221,82.90423,345.18,0.4,0.37,2023-01-07,735,N,VIIRS,n,2,308.37,5.25,D,0
21.74609,83.87975,342.39,0.38,0.36,2023-01-07,735,N,VIIRS,n,2,301.87,3.0,D,0
21.77334,84.05733,332.59,0.38,0.36,2023-01-07,735,N,VIIRS,n,2,301.23,2.68,D,0
21.59089,82.90467,336.2,0.4,0.37,2023-01-07,735,N,VIIRS,n,2,303.36,1.68,D,0
21.41025,81.81195,336.23,0.42,0.38,2023-01-07,735,N,VIIRS,n,2,304.57,3.26,D,0
21.67362,83.47342,334.48,0.39,0.36,2023-01-07,735,N,VIIRS,l,2,304.86,4.51,D,0
21.42038,81.981,334.49,0.42,0.38,2023-01-07,735,N,VIIRS,l,2,306.86,27.75,D,0
21.42105,81.98501,340.72,0.42,0.38,2023-01-07,735,N,VIIRS,n,2,301.03,77.26,D,0
21.73962,84.01044,333.54,0.38,0.36,2023-01-07,735,N,VIIRS,n,2,304.72,2.21,D,0
21.87313,84.94376,335.92,0.39,0.36,2023-01-07,735,N,VIIRS,n,2,302.15,2.92,D,0
21.40996,82.00368,349.82,0.42,0.38,2023-01-07,735,N,VIIRS,n,2,311.35,32.36,D,0
21.86979,84.94432,346.64,0.39,0.36,2023-01-07,735,N,VIIRS,n,2,305.58,4.96,D,0
21.62446,83.35565,330.96,0.39,0.36,2023-01-07,735,N,VIIRS,n,2,304.34,2.18,D,0
21.77534,84.33457,335.5,0.38,0.36,2023-01-07,735,N,VIIRS,n,2,306.78,3.08,D,0
21.60641,83.26273,333.4,0.39,0.36,2023-01-07,735,N,VIIRS,n,2,301.67,2.46,D,0
21.62114,83.35625,334.99,0.39,0.36,2023-01-07,735,N,VIIRS,n,2,304.0,2.6,D,0
21.7496,84.18718,331.71,0.38,0.36,2023-01-07,735,N,VIIRS,n,2,301.24,2.31,D,0
21.74355,84.19203,340.15,0.38,0.36,2023-01-07,735,N,VIIRS,n,2,300.5,3.68,D,0
21.74024,84.1926,343.11,0.38,0.36,2023-01-07,735,N,VIIRS,n,2,305.03,3.68,D,0
22.18671,87.33185,328.16,0.46,0.39,2023-01-07,735,N,VIIRS,n,2,298.89,1.91,D,0
21.60726,83.3549,332.14,0.39,0.36,2023-01-07,735,N,VIIRS,n,2,299.79,2.87,D,0
22.12761,86.97075,344.98,0.44,0.39,2023-01-07,735,N,VIIRS,n,2,304.75,4.79,D,0
21.41724,82.24001,333.51,0.41,0.37,2023-01-07,735,N,VIIRS,n,2,305.44,2.7,D,0
21.75278,84.36506,346.16,0.38,0.36,2023-01-07,735,N,VIIRS,n,2,305.34,5.12,D,0
21.75334,84.36877,331.06,0.38,0.36,2023-01-07,735,N,VIIRS,n,2,300.57,5.12,D,0
21.35328,81.91898,335.19,0.42,0.38,2023-01-07,735,N,VIIRS,n,2,302.5,6.03,D,0
21.34984,81.91963,346.95,0.42,0.38,2023-01-07,735,N,VIIRS,n,2,306.05,6.03,D,0
21.35119,81.92769,344.33,0.42,0.38,2023-01-07,735,N,VIIRS,n,2,305.17,6.9,D,0
21.67023,83.91251,332.31,0.38,0.36,2023-01-07,735,N,VIIRS,n,2,302.31,1.73,D,0
21.73623,84.36793,342.3,0.38,0.36,2023-01-07,735,N,VIIRS,n,2,302.82,6.66,D,0
21.73735,84.37533,329.79,0.38,0.36,2023-01-07,735,N,VIIRS,l,2,301.95,1.6,D,0
19.86769,74.31507,333.65,0.4,0.6,2023-01-07,735,N,VIIRS,n,2,294.64,1.74,D,0
21.20033,81.10723,330.47,0.45,0.39,2023-01-07,735,N,VIIRS,n,2,300.38,1.94,D,0
21.6796,84.03996,334.09,0.38,0.36,2023-01-07,735,N,VIIRS,n,2,306.3,2.95,D,2
21.35023,82.00668,346.63,0.42,0.38,2023-01-07,735,N,VIIRS,n,2,304.46,7.29,D,0
21.58247,83.43613,339.48,0.39,0.36,2023-01-07,735,N,VIIRS,n,2,304.56,3.37,D,0
21.38067,82.21024,339.64,0.41,0.37,2023-01-07,735,N,VIIRS,n,2,306.2,3.86,D,0
21.41125,82.39494,332.69,0.41,0.37,2023-01-07,735,N,VIIRS,l,2,302.92,2.0,D,0
21.21148,81.25091,330.78,0.45,0.39,2023-01-07,735,N,VIIRS,n,2,301.18,2.07,D,0
21.64296,83.93272,332.37,0.38,0.36,2023-01-07,735,N,VIIRS,n,2,302.0,1.44,D,0
21.70501,84.36217,331.89,0.38,0.36,2023-01-07,735,N,VIIRS,n,2,302.49,2.81,D,0
21.70556,84.36586,333.95,0.38,0.36,2023-01-07,735,N,VIIRS,n,2,300.57,4.42,D,0
21.70226,84.36643,333.88,0.38,0.36,2023-01-07,735,N,VIIRS,n,2,302.68,2.67,D,0
21.5292,83.28832,334.65,0.39,0.36,2023-01-07,735,N,VIIRS,n,2,305.45,3.03,D,0
21.65528,84.12414,345.14,0.38,0.36,2023-01-07,735,N,VIIRS,n,2,305.25,13.35,D,0
19.86785,74.3155,333.46,0.4,0.6,2023-01-07,735,N,VIIRS,n,2,294.61,2.2,D,0
21.32473,82.06058,342.71,0.42,0.37,2023-01-07,735,N,VIIRS,n,2,302.8,3.71,D,0
21.98123,86.37807,340.36,0.42,0.38,2023-01-07,735,N,VIIRS,n,2,302.21,6.19,D,0
21.98184,86.38242,334.97,0.42,0.38,2023-01-07,735,N,VIIRS,n,2,298.19,3.95,D,0
22.09782,87.22692,332.55,0.45,0.39,2023-01-07,735,N,VIIRS,n,2,301.77,4.67,D,0
21.51766,83.30196,332.18,0.39,0.36,2023-01-07,735,N,VIIRS,n,2,302.4,1.53,D,0
21.63237,84.04086,333.41,0.38,0.36,2023-01-07,735,N,VIIRS,n,2,301.39,2.16,D,0
21.14557,81.14366,338.95,0.45,0.39,2023-01-07,735,N,VIIRS,n,2,305.6,7.41,D,0
21.40931,82.72983,340.25,0.4,0.37,2023-01-07,735,N,VIIRS,n,2,302.44,3.3,D,0
22.05516,87.09981,343.55,0.45,0.39,2023-01-07,735,N,VIIRS,n,2,300.89,4.02,D,0
21.49534,83.2906,333.71,0.39,0.36,2023-01-07,735,N,VIIRS,n,2,302.66,2.07,D,0
21.26983,81.92181,332.59,0.42,0.38,2023-01-07,735,N,VIIRS,n,2,304.85,2.18,D,0
21.63746,84.25246,332.49,0.38,0.36,2023-01-07,735,N,VIIRS,l,2,304.16,4.4,D,0
21.40821,82.80887,334.59,0.4,0.37,2023-01-07,735,N,VIIRS,n,2,301.67,1.84,D,0
21.60486,84.06087,333.89,0.38,0.36,2023-01-07,735,N,VIIRS,n,2,302.38,2.32,D,0
21.59655,84.05093,341.38,0.38,0.36,2023-01-07,735,N,VIIRS,n,2,302.39,2.91,D,0
19.87406,74.71654,367.0,0.38,0.58,2023-01-07,735,N,VIIRS,h,2,297.39,9.7,D,0
21.38426,82.74631,332.4,0.4,0.37,2023-01-07,735,N,VIIRS,n,2,302.4,2.34,D,0
21.62876,84.30705,333.06,0.38,0.36,2023-01-07,735,N,VIIRS,n,2,301.14,1.82,D,0
21.94439,86.57341,344.07,0.43,0.38,2023-01-07,735,N,VIIRS,n,2,300.93,8.51,D,0
21.575,84.04331,339.79,0.38,0.36,2023-01-07,735,N,VIIRS,n,2,305.88,5.02,D,0
22.03027,87.2417,332.77,0.45,0.39,2023-01-07,735,N,VIIRS,n,2,300.52,2.64,D,0
20.90726,80.07001,331.21,0.51,0.41,2023-01-07,735,N,VIIRS,n,2,302.69,2.48,D,0
21.36931,82.76089,336.2,0.4,0.37,2023-01-07,735,N,VIIRS,n,2,303.22,14.93,D,0
21.37489,82.7953,331.86,0.4,0.37,2023-01-07,735,N,VIIRS,n,2,302.51,4.31,D,0
21.3409,82.60773,334.8,0.4,0.37,2023-01-07,735,N,VIIRS,n,2,300.41,2.7,D,0
21.36595,82.76151,340.44,0.4,0.37,2023-01-07,735,N,VIIRS,n,2,306.81,14.93,D,0
21.57976,84.14111,332.39,0.38,0.36,2023-01-07,735,N,VIIRS,n,2,301.62,1.9,D,0
21.58146,84.1522,331.11,0.38,0.36,2023-01-07,735,N,VIIRS,n,2,301.27,1.34,D,0
21.25051,82.10342,334.16,0.42,0.37,2023-01-07,735,N,VIIRS,l,2,306.23,7.91,D,0
21.5995,84.29317,331.84,0.38,0.36,2023-01-07,735,N,VIIRS,n,2,300.89,2.2,D,0
21.99016,87.04809,331.49,0.44,0.39,2023-01-07,735,N,VIIRS,n,2,301.0,2.6,D,0
21.24775,82.10805,341.5,0.42,0.37,2023-01-07,735,N,VIIRS,l,2,312.52,20.51,D,0
21.34211,82.67893,337.32,0.4,0.37,2023-01-07,735,N,VIIRS,n,2,303.44,2.95,D,0
21.54495,83.9803,333.98,0.38,0.36,2023-01-07,735,N,VIIRS,n,2,300.31,1.95,D,0
21.57547,84.17978,341.97,0.38,0.36,2023-01-07,735,N,VIIRS,n,2,303.79,6.96,D,0
21.42679,83.23781,336.23,0.39,0.36,2023-01-07,735,N,VIIRS,n,2,303.62,2.24,D,0
21.57284,84.18069,335.54,0.38,0.36,2023-01-07,735,N,VIIRS,n,2,302.25,2.69,D,0
21.37143,82.90987,332.56,0.4,0.37,2023-01-07,735,N,VIIRS,n,2,301.95,4.2,D,0
21.37203,82.91367,335.48,0.4,0.37,2023-01-07,735,N,VIIRS,l,2,307.06,4.2,D,0
21.46421,83.54203,346.74,0.39,0.36,2023-01-07,735,N,VIIRS,n,2,303.33,6.87,D,0
21.46089,83.54262,334.3,0.39,0.36,2023-01-07,735,N,VIIRS,n,2,304.34,1.94,D,0
21.46726,83.58351,331.13,0.39,0.36,2023-01-07,735,N,VIIRS,n,2,303.31,1.86,D,0
21.13573,81.55302,334.57,0.44,0.38,2023-01-07,735,N,VIIRS,n,2,304.05,3.7,D,0
21.39112,83.12045,340.62,0.39,0.36,2023-01-07,735,N,VIIRS,n,2,305.58,3.19,D,0
21.22166,82.09224,348.19,0.42,0.37,2023-01-07,735,N,VIIRS,n,2,306.53,9.07,D,0
21.22232,82.09624,333.65,0.42,0.37,2023-01-07,735,N,VIIRS,n,2,305.25,6.56,D,0
22.01315,87.45157,331.22,0.46,0.39,2023-01-07,735,N,VIIRS,n,2,300.59,2.44,D,0
22.00219,87.50822,334.72,0.46,0.39,2023-01-07,735,N,VIIRS,n,2,300.94,2.95,D,0
21.03251,81.13785,331.01,0.45,0.39,2023-01-07,735,N,VIIRS,n,2,301.85,2.58,D,0
21.44682,83.67109,335.54,0.39,0.36,2023-01-07,735,N,VIIRS,n,2,306.39,8.41,D,0
21.50791,84.06691,340.28,0.38,0.36,2023-01-07,735,N,VIIRS,n,2,301.08,3.61,D,0
21.90521,86.81313,335.41,0.43,0.38,2023-01-07,735,N,VIIRS,n,2,303.38,6.03,D,0
21.19278,82.11003,355.03,0.42,0.37,2023-01-07,735,N,VIIRS,n,2,306.78,7.93,D,0
21.40864,83.44863,335.16,0.39,0.36,2023-01-07,735,N,VIIRS,n,2,304.34,4.46,D,0
21.41215,83.47099,339.12,0.39,0.36,2023-01-07,735,N,VIIRS,n,2,303.82,2.85,D,0
21.18935,82.11067,344.2,0.42,0.37,2023-01-07,735,N,VIIRS,n,2,304.94,6.22,D,0
21.32996,82.99555,332.37,0.39,0.37,2023-01-07,735,N,VIIRS,l,2,302.86,2.78,D,0
20.99865,81.02715,353.71,0.46,0.39,2023-01-07,735,N,VIIRS,n,2,303.7,8.73,D,0
21.44796,83.76608,330.08,0.39,0.36,2023-01-07,735,N,VIIRS,n,2,302.3,1.39,D,0
21.23732,82.48733,333.93,0.41,0.37,2023-01-07,735,N,VIIRS,n,2,302.41,2.0,D,0
21.01147,81.18677,344.46,0.45,0.39,2023-01-07,735,N,VIIRS,n,2,304.28,4.51,D,0
21.00791,81.18746,334.42,0.45,0.39,2023-01-07,735,N,VIIRS,n,2,301.49,4.51,D,0
21.39551,83.53899,335.92,0.39,0.36,2023-01-07,735,N,VIIRS,n,2,303.37,2.05,D,0
21.12149,81.87444,333.02,0.42,0.38,2023-01-07,735,N,VIIRS,n,2,303.5,2.98,D,0
21.20371,82.38915,337.39,0.41,0.37,2023-01-07,735,N,VIIRS,n,2,301.71,2.88,D,0
21.92429,87.2526,332.78,0.45,0.39,2023-01-07,735,N,VIIRS,n,2,300.81,2.9,D,0
21.20031,82.38978,336.99,0.41,0.37,2023-01-07,735,N,VIIRS,n,2,300.78,2.0,D,0
21.44779,83.9409,331.71,0.38,0.36,2023-01-07,735,N,VIIRS,n,2,303.5,3.07,D,0
21.01523,81.31476,332.6,0.45,0.39,2023-01-07,735,N,VIIRS,n,2,302.28,3.08,D,0
21.14964,82.10582,337.7,0.42,0.37,2023-01-07,735,N,VIIRS,n,2,303.59,1.67,D,0
21.44732,83.95994,338.16,0.38,0.36,2023-01-07,735,N,VIIRS,n,2,304.76,3.97,D,0
21.2454,82.72855,332.98,0.4,0.37,2023-01-07,735,N,VIIRS,n,2,302.44,2.4,D,0
21.2837,82.96496,337.28,0.4,0.37,2023-01-07,735,N,VIIRS,n,2,303.38,3.84,D,0
21.28035,82.96556,354.87,0.4,0.37,2023-01-07,735,N,VIIRS,n,2,307.85,23.22,D,0
21.28219,82.97695,350.72,0.4,0.37,2023-01-07,735,N,VIIRS,n,2,304.49,10.22,D,0
21.2828,82.98075,335.78,0.4,0.37,2023-01-07,735,N,VIIRS,n,2,307.95,11.16,D,0
21.2889,83.01862,345.1,0.39,0.37,2023-01-07,735,N,VIIRS,n,2,303.54,4.48,D,0
21.20581,82.52921,343.94,0.41,0.37,2023-01-07,735,N,VIIRS,n,2,305.17,10.35,D,0
21.28555,83.01923,337.99,0.39,0.37,2023-01-07,735,N,VIIRS,l,2,308.99,4.48,D,0
21.44885,84.05828,340.64,0.38,0.36,2023-01-07,735,N,VIIRS,n,2,302.92,5.94,D,0
21.20519,82.52918,346.38,0.41,0.37,2023-01-07,735,N,VIIRS,n,2,305.17,9.04,D,0
21.33728,83.38104,331.34,0.39,0.36,2023-01-07,735,N,VIIRS,n,2,303.1,1.68,D,0
21.40093,83.78981,332.31,0.39,0.36,2023-01-07,735,N,VIIRS,n,2,301.86,2.8,D,0
21.4015,83.7935,331.37,0.39,0.36,2023-01-07,735,N,VIIRS,n,2,300.92,2.8,D,0
21.45825,84.16295,333.94,0.38,0.36,2023-01-07,735,N,VIIRS,n,2,301.53,1.48,D,0
21.07378,81.76925,342.92,0.43,0.38,2023-01-07,735,N,VIIRS,n,2,305.66,4.55,D,0
21.37752,83.66071,333.07,0.39,0.36,2023-01-07,735,N,VIIRS,n,2,301.32,1.27,D,0
21.44253,84.08234,332.52,0.38,0.36,2023-01-07,735,N,VIIRS,n,2,302.57,1.82,D,0
21.45445,84.18256,345.65,0.38,0.36,2023-01-07,735,N,VIIRS,n,2,303.78,5.69,D,0
21.29542,83.18049,342.93,0.39,0.36,2023-01-07,735,N,VIIRS,n,2,303.85,6.1,D,0
21.4246,84.00965,329.74,0.38,0.36,2023-01-07,735,N,VIIRS,n,2,301.02,3.4,D,0
21.43817,84.09826,329.51,0.38,0.36,2023-01-07,735,N,VIIRS,n,2,302.13,1.33,D,0
21.04963,81.68884,334.7,0.43,0.38,2023-01-07,735,N,VIIRS,n,2,303.65,2.36,D,0
21.10769,82.039,342.11,0.42,0.38,2023-01-07,735,N,VIIRS,n,2,312.1,21.17,D,0
21.42129,84.01023,334.32,0.38,0.36,2023-01-07,735,N,VIIRS,n,2,302.34,3.4,D,0
21.04615,81.68951,351.23,0.43,0.38,2023-01-07,735,N,VIIRS,n,2,309.88,15.34,D,0
21.37117,83.70756,334.64,0.39,0.36,2023-01-07,735,N,VIIRS,n,2,303.81,1.94,D,0
21.35806,83.64511,332.75,0.39,0.36,2023-01-07,735,N,VIIRS,n,2,302.53,2.27,D,0
21.43558,84.14796,336.44,0.38,0.36,2023-01-07,735,N,VIIRS,n,2,302.34,2.9,D,0
20.42706,78.24671,342.13,0.44,0.46,2023-01-07,735,N,VIIRS,n,2,299.74,4.04,D,0
21.30382,83.364,334.16,0.39,0.36,2023-01-07,735,N,VIIRS,n,2,302.47,4.59,D,0
21.37525,83.84375,333.39,0.39,0.36,2023-01-07,735,N,VIIRS,n,2,303.2,2.57,D,0
21.34783,83.68884,338.42,0.39,0.36,2023-01-07,735,N,VIIRS,n,2,303.5,1.75,D,0
21.4134,84.11395,348.66,0.38,0.36,2023-01-07,735,N,VIIRS,n,2,303.54,8.8,D,0
21.30207,83.41805,334.78,0.39,0.36,2023-01-07,735,N,VIIRS,n,2,302.63,3.12,D,0
21.32948,83.59296,332.38,0.39,0.36,2023-01-07,735,N,VIIRS,n,2,303.78,1.9,D,0
21.35143,83.7339,337.25,0.39,0.36,2023-01-07,735,N,VIIRS,n,2,304.4,5.69,D,0
20.95132,81.29964,338.3,0.45,0.39,2023-01-07,735,N,VIIRS,n,2,304.17,3.32,D,0
21.33196,83.63068,336.23,0.39,0.36,2023-01-07,735,N,VIIRS,n,2,302.28,2.82,D,0
21.3716,83.88616,332.4,0.38,0.36,2023-01-07,735,N,VIIRS,n,2,300.94,2.16,D,0
21.34653,83.74619,334.7,0.39,0.36,2023-01-07,735,N,VIIRS,n,2,302.22,1.76,D,0
20.94581,81.33167,342.92,0.45,0.39,2023-01-07,735,N,VIIRS,n,2,302.9,6.76,D,0
21.3133,83.57676,339.85,0.39,0.36,2023-01-07,735,N,VIIRS,n,2,303.69,2.96,D,0
21.30999,83.57735,333.01,0.39,0.36,2023-01-07,735,N,VIIRS,n,2,302.81,1.98,D,0
21.31579,83.61446,333.11,0.39,0.36,2023-01-07,735,N,VIIRS,n,2,301.3,2.71,D,0
21.31811,83.62932,331.96,0.39,0.36,2023-01-07,735,N,VIIRS,n,2,301.94,3.36,D,0
21.00779,81.73939,333.7,0.43,0.38,2023-01-07,735,N,VIIRS,n,2,304.9,2.87,D,0
21.31248,83.61506,333.57,0.39,0.36,2023-01-07,735,N,VIIRS,n,2,301.85,2.71,D,0
21.35791,83.90754,340.84,0.38,0.36,2023-01-07,735,N,VIIRS,n,2,302.95,5.91,D,0
21.02292,81.85056,340.49,0.43,0.38,2023-01-07,735,N,VIIRS,n,2,304.94,2.76,D,0
21.12666,82.47569,341.49,0.41,0.37,2023-01-07,735,N,VIIRS,n,2,303.22,4.2,D,0
21.19603,82.90269,331.83,0.4,0.37,2023-01-07,735,N,VIIRS,l,2,302.16,3.0,D,0
21.26287,83.32136,338.25,0.39,0.36,2023-01-07,735,N,VIIRS,n,2,303.83,3.19,D,0
21.12391,82.48019,356.28,0.41,0.37,2023-01-07,735,N,VIIRS,l,2,308.7,11.14,D,0
21.20794,82.99825,332.61,0.4,0.37,2023-01-07,735,N,VIIRS,n,2,302.4,1.36,D,0
21.7999,87.01907,331.49,0.44,0.38,2023-01-07,735,N,VIIRS,n,2,300.21,4.23,D,0
21.12115,82.48472,355.75,0.41,0.37,2023-01-07,735,N,VIIRS,l,2,307.92,8.74,D,0
21.12051,82.48083,337.9,0.41,0.37,2023-01-07,735,N,VIIRS,n,2,304.64,8.74,D,0
21.11776,82.48534,356.86,0.41,0.37,2023-01-07,735,N,VIIRS,l,2,305.66,8.74,D,0
21.19942,82.98811,347.64,0.4,0.37,2023-01-07,735,N,VIIRS,n,2,308.0,4.19,D,0
21.34877,83.95847,333.06,0.38,0.36,2023-01-07,735,N,VIIRS,n,2,302.48,2.11,D,0
21.16569,82.82191,347.01,0.4,0.37,2023-01-07,735,N,VIIRS,n,2,307.72,5.41,D,0
21.16631,82.82574,345.65,0.4,0.37,2023-01-07,735,N,VIIRS,n,2,302.32,5.41,D,0
21.30532,83.70019,332.4,0.39,0.36,2023-01-07,735,N,VIIRS,n,2,301.54,3.5,D,0
21.31915,83.78904,331.17,0.39,0.36,2023-01-07,735,N,VIIRS,n,2,300.41,2.11,D,0
21.29811,83.69765,330.14,0.39,0.36,2023-01-07,735,N,VIIRS,l,2,302.27,1.17,D,0
21.29364,83.69083,329.88,0.39,0.36,2023-01-07,735,N,VIIRS,n,2,302.06,2.0,D,0
21.05051,82.20624,343.92,0.41,0.37,2023-01-07,735,N,VIIRS,n,2,302.68,8.35,D,0
21.02169,82.05521,335.04,0.42,0.38,2023-01-07,735,N,VIIRS,n,2,304.12,1.83,D,0
21.28238,83.66235,330.97,0.39,0.36,2023-01-07,735,N,VIIRS,n,2,299.28,1.09,D,0
21.29625,83.75127,333.38,0.39,0.36,2023-01-07,735,N,VIIRS,n,2,301.07,1.69,D,0
21.23158,83.36154,330.27,0.39,0.36,2023-01-07,735,N,VIIRS,n,2,301.52,2.03,D,0
21.30042,83.79995,331.1,0.39,0.36,2023-01-07,735,N,VIIRS,n,2,299.26,1.83,D,0
21.31779,83.92957,329.77,0.38,0.36,2023-01-07,735,N,VIIRS,n,2,303.28,1.51,D,0
21.1745,83.03506,348.62,0.39,0.37,2023-01-07,735,N,VIIRS,n,2,307.87,3.78,D,0
21.27096,83.64886,330.54,0.39,0.36,2023-01-07,735,N,VIIRS,l,2,301.28,1.35,D,0
21.17355,83.0508,354.9,0.39,0.37,2023-01-07,735,N,VIIRS,n,2,306.72,6.93,D,0
21.26764,83.64946,333.13,0.39,0.36,2023-01-07,735,N,VIIRS,n,2,302.45,1.26,D,0
21.06241,82.4024,330.62,0.41,0.37,2023-01-07,735,N,VIIRS,l,2,303.64,1.22,D,0
20.92011,81.58371,332.28,0.44,0.38,2023-01-07,735,N,VIIRS,n,2,300.73,3.87,D,0
21.25452,83.67465,344.77,0.39,0.36,2023-01-07,735,N,VIIRS,n,2,303.09,4.09,D,0
21.23674,83.58246,336.56,0.39,0.36,2023-01-07,735,N,VIIRS,n,2,303.47,2.39,D,0
21.26674,83.77525,338.22,0.39,0.36,2023-01-07,735,N,VIIRS,n,2,303.69,4.23,D,0
21.26285,83.77214,346.68,0.39,0.36,2023-01-07,735,N,VIIRS,n,2,302.8,5.2,D,0
21.29937,84.00866,331.94,0.38,0.36,2023-01-07,735,N,VIIRS,n,2,300.76,3.06,D,0
20.93048,81.73167,332.76,0.43,0.38,2023-01-07,735,N,VIIRS,l,2,304.94,3.79,D,0
21.27328,83.86149,332.34,0.39,0.36,2023-01-07,735,N,VIIRS,n,2,301.77,1.27,D,0
21.05578,82.51219,334.34,0.41,0.37,2023-01-07,735,N,VIIRS,n,2,302.86,3.14,D,0
21.25062,83.75909,335.44,0.39,0.36,2023-01-07,735,N,VIIRS,n,2,302.87,3.15,D,0
21.22799,83.67935,332.09,0.39,0.36,2023-01-07,735,N,VIIRS,n,2,302.53,1.41,D,0
21.25444,83.84962,334.83,0.39,0.36,2023-01-07,735,N,VIIRS,n,2,303.46,8.87,D,0
21.24655,83.82062,339.97,0.39,0.36,2023-01-07,735,N,VIIRS,n,2,301.87,2.89,D,0
20.81406,81.19555,331.21,0.45,0.39,2023-01-07,735,N,VIIRS,n,2,301.69,5.13,D,0
20.81481,81.19987,331.72,0.45,0.39,2023-01-07,735,N,VIIRS,n,2,302.26,5.13,D,0
21.23405,83.76202,339.67,0.39,0.36,2023-01-07,735,N,VIIRS,n,2,304.88,19.84,D,0
21.18136,83.44701,341.09,0.39,0.36,2023-01-07,735,N,VIIRS,n,2,303.3,4.27,D,0
21.23074,83.7626,334.78,0.39,0.36,2023-01-07,735,N,VIIRS,n,2,302.72,2.86,D,0
21.21531,83.68541,334.69,0.39,0.36,2023-01-07,735,N,VIIRS,n,2,303.01,5.84,D,0
19.54165,74.68523,349.55,0.38,0.59,2023-01-07,735,N,VIIRS,n,2,295.3,4.72,D,0
20.94754,82.04755,333.67,0.42,0.38,2023-01-07,735,N,VIIRS,l,2,304.92,3.66,D,0
21.22181,83.74896,332.62,0.39,0.36,2023-01-07,735,N,VIIRS,n,2,300.99,2.43,D,0
21.24417,83.89317,346.81,0.39,0.36,2023-01-07,735,N,VIIRS,n,2,304.56,6.71,D,0
22.40274,93.14293,332.76,0.34,0.56,2023-01-07,735,N,VIIRS,n,2,295.85,1.88,D,0
21.22367,83.78286,336.53,0.39,0.36,2023-01-07,735,N,VIIRS,n,2,301.26,2.93,D,0
20.94133,82.05286,333.17,0.42,0.38,2023-01-07,735,N,VIIRS,l,2,304.95,5.6,D,0
21.21488,83.79202,331.84,0.39,0.36,2023-01-07,735,N,VIIRS,n,2,299.27,1.24,D,0
20.931,82.05481,345.52,0.42,0.38,2023-01-07,735,N,VIIRS,n,2,306.75,6.45,D,0
20.9262,82.04742,337.07,0.42,0.38,2023-01-07,735,N,VIIRS,n,2,302.91,2.46,D,0
21.17875,83.60423,331.67,0.39,0.36,2023-01-07,735,N,VIIRS,n,2,301.65,1.66,D,0
21.1921,83.68953,335.11,0.39,0.36,2023-01-07,735,N,VIIRS,n,2,302.18,2.14,D,0
21.20998,83.80428,340.17,0.39,0.36,2023-01-07,735,N,VIIRS,n,2,300.42,3.58,D,0
21.08199,83.01676,343.18,0.4,0.37,2023-01-07,735,N,VIIRS,n,2,305.28,3.25,D,0
21.20106,83.79065,333.22,0.39,0.36,2023-01-07,735,N,VIIRS,n,2,300.51,1.69,D,0
21.21425,83.87566,344.39,0.39,0.36,2023-01-07,735,N,VIIRS,n,2,301.85,4.37,D,0
21.04328,82.82014,340.72,0.4,0.37,2023-01-07,735,N,VIIRS,n,2,300.67,3.25,D,0
21.03991,82.82076,347.07,0.4,0.37,2023-01-07,735,N,VIIRS,n,2,307.32,7.84,D,0
21.1771,83.68076,341.52,0.39,0.36,2023-01-07,735,N,VIIRS,n,2,302.12,4.77,D,0
21.18867,83.75482,332.52,0.39,0.36,2023-01-07,735,N,VIIRS,n,2,299.97,1.85,D,0
20.88511,81.9092,332.3,0.43,0.38,2023-01-07,735,N,VIIRS,n,2,303.16,1.76,D,0
21.19163,83.81535,340.25,0.39,0.36,2023-01-07,735,N,VIIRS,n,2,300.23,2.24,D,0
20.88342,81.909,330.13,0.43,0.38,2023-01-07,735,N,VIIRS,n,2,302.93,1.48,D,0
21.15378,83.59358,334.44,0.39,0.36,2023-01-07,735,N,VIIRS,n,2,301.39,2.6,D,0
21.1711,83.70488,341.15,0.39,0.36,2023-01-07,735,N,VIIRS,n,2,300.67,3.99,D,0
21.17698,83.76471,333.91,0.39,0.36,2023-01-07,735,N,VIIRS,n,2,301.14,1.7,D,0
19.59249,75.02044,331.64,0.36,0.58,2023-01-07,735,N,VIIRS,n,2,296.19,2.03,D,0
21.17895,83.8214,332.31,0.39,0.36,2023-01-07,735,N,VIIRS,n,2,300.98,3.28,D,0
21.18466,83.85832,329.58,0.39,0.36,2023-01-07,735,N,VIIRS,n,2,302.61,2.02,D,0
21.18078,83.85522,338.57,0.39,0.36,2023-01-07,735,N,VIIRS,n,2,303.55,4.47,D,0
21.67737,87.35792,334.74,0.45,0.39,2023-01-07,735,N,VIIRS,n,2,302.52,2.72,D,0
21.0148,82.88824,332.02,0.4,0.37,2023-01-07,735,N,VIIRS,l,2,302.37,4.72,D,0
21.13765,83.66511,331.12,0.39,0.36,2023-01-07,735,N,VIIRS,l,2,302.44,3.02,D,0
21.15493,83.77621,331.94,0.39,0.36,2023-01-07,735,N,VIIRS,n,2,301.56,1.78,D,0
21.64034,87.11121,330.99,0.44,0.39,2023-01-07,735,N,VIIRS,n,2,301.33,2.89,D,0
19.14597,73.09341,345.68,0.49,0.65,2023-01-07,735,N,VIIRS,n,2,294.57,5.17,D,0
20.83927,81.8585,339.69,0.43,0.38,2023-01-07,735,N,VIIRS,n,2,309.61,5.97,D,0
21.01083,82.92817,331.33,0.4,0.37,2023-01-07,735,N,VIIRS,n,2,301.44,2.05,D,0
21.08238,83.39961,338.71,0.39,0.36,2023-01-07,735,N,VIIRS,n,2,306.25,3.16,D,0
21.12958,83.70081,329.66,0.39,0.36,2023-01-07,735,N,VIIRS,l,2,301.51,2.05,D,0
21.54158,86.49687,333.05,0.42,0.38,2023-01-07,735,N,VIIRS,n,2,301.95,2.45,D,0
21.07964,83.40395,350.65,0.39,0.36,2023-01-07,735,N,VIIRS,n,2,312.46,16.8,D,0
21.07042,83.3672,342.1,0.39,0.36,2023-01-07,735,N,VIIRS,n,2,304.07,4.76,D,0
21.07572,83.40081,330.82,0.39,0.36,2023-01-07,735,N,VIIRS,l,2,301.83,4.28,D,0
21.10382,83.57957,331.11,0.39,0.36,2023-01-07,735,N,VIIRS,n,2,301.39,1.6,D,0
21.13907,83.80561,367.0,0.39,0.36,2023-01-07,735,N,VIIRS,h,2,304.44,10.16,D,0
21.06967,83.53598,331.0,0.39,0.36,2023-01-07,735,N,VIIRS,l,2,301.57,1.9,D,0
21.09715,83.73318,335.44,0.39,0.36,2023-01-07,735,N,VIIRS,n,2,299.68,4.45,D,0
21.09384,83.73376,337.26,0.39,0.36,2023-01-07,735,N,VIIRS,n,2,305.08,4.45,D,0
21.06846,83.59348,333.91,0.39,0.36,2023-01-07,735,N,VIIRS,n,2,301.58,1.82,D,0
21.10448,83.84587,334.6,0.39,0.36,2023-01-07,735,N,VIIRS,n,2,301.8,2.88,D,0
21.03878,83.49174,330.4,0.39,0.36,2023-01-07,735,N,VIIRS,n,2,302.47,1.63,D,0
21.09627,83.8587,330.15,0.39,0.36,2023-01-07,735,N,VIIRS,n,2,301.06,2.6,D,0
21.0106,83.33559,330.17,0.39,0.36,2023-01-07,735,N,VIIRS,l,2,302.3,4.61,D,0
21.07163,83.72249,333.22,0.39,0.36,2023-01-07,735,N,VIIRS,n,2,303.52,2.15,D,0
20.76484,81.84689,330.86,0.43,0.38,2023-01-07,735,N,VIIRS,l,2,305.21,2.81,D,0
21.08025,83.81642,333.34,0.39,0.36,2023-01-07,735,N,VIIRS,n,2,302.65,3.69,D,0
21.0379,83.58784,332.3,0.39,0.36,2023-01-07,735,N,VIIRS,n,2,302.65,2.11,D,0
21.5369,86.98327,334.47,0.44,0.38,2023-01-07,735,N,VIIRS,n,2,301.91,2.7,D,0
21.03922,83.61815,344.4,0.39,0.36,2023-01-07,735,N,VIIRS,n,2,301.45,4.48,D,0
21.2783,85.19424,336.23,0.39,0.36,2023-01-07,735,N,VIIRS,n,2,303.41,3.63,D,0
21.06941,83.85629,331.05,0.39,0.36,2023-01-07,735,N,VIIRS,n,2,301.13,5.5,D,0
21.06998,83.85999,349.22,0.39,0.36,2023-01-07,735,N,VIIRS,n,2,303.76,5.5,D,0
21.02752,83.60877,330.53,0.39,0.36,2023-01-07,735,N,VIIRS,n,2,301.65,1.71,D,0
21.06667,83.86057,348.65,0.39,0.36,2023-01-07,735,N,VIIRS,n,2,307.51,5.5,D,0
21.04399,83.75822,333.05,0.39,0.36,2023-01-07,735,N,VIIRS,n,2,302.83,1.92,D,0
21.01465,83.59199,337.93,0.39,0.36,2023-01-07,735,N,VIIRS,n,2,303.05,3.08,D,0
21.0274,83.67363,344.62,0.39,0.36,2023-01-07,735,N,VIIRS,n,2,301.91,4.42,D,0
21.04023,83.77789,330.36,0.39,0.36,2023-01-07,735,N,VIIRS,l,2,302.38,1.96,D,0
21.0051,83.5746,330.76,0.39,0.36,2023-01-07,735,N,VIIRS,n,2,303.01,1.67,D,0
21.03519,83.76737,336.72,0.39,0.36,2023-01-07,735,N,VIIRS,n,2,300.95,2.83,D,0
21.03979,83.79695,346.74,0.39,0.36,2023-01-07,735,N,VIIRS,n,2,303.84,5.68,D,0
21.03245,83.77166,330.81,0.39,0.36,2023-01-07,735,N,VIIRS,l,2,303.62,1.91,D,0
21.04005,83.84249,335.09,0.39,0.36,2023-01-07,735,N,VIIRS,l,2,306.13,3.96,D,0
21.04062,83.84618,344.52,0.39,0.36,2023-01-07,735,N,VIIRS,n,2,303.73,5.89,D,0
21.03673,83.84307,348.83,0.39,0.36,2023-01-07,735,N,VIIRS,n,2,304.45,3.96,D,0
20.98991,83.69549,333.69,0.39,0.36,2023-01-07,735,N,VIIRS,n,2,304.7,4.3,D,0
20.99049,83.6992,333.01,0.39,0.36,2023-01-07,735,N,VIIRS,n,2,303.77,4.3,D,0
21.44753,86.88127,340.21,0.43,0.38,2023-01-07,735,N,VIIRS,n,2,304.14,2.75,D,0
20.96649,83.87084,351.39,0.39,0.36,2023-01-07,735,N,VIIRS,n,2,306.66,5.77,D,0
20.96706,83.87454,334.09,0.39,0.36,2023-01-07,735,N,VIIRS,n,2,303.78,4.1,D,0
20.98132,83.96679,330.76,0.38,0.36,2023-01-07,735,N,VIIRS,n,2,302.29,2.19,D,0
20.98473,83.98891,333.75,0.38,0.36,2023-01-07,735,N,VIIRS,n,2,302.07,2.53,D,0
21.11785,84.86633,331.2,0.39,0.36,2023-01-07,735,N,VIIRS,n,2,304.55,1.95,D,0
20.96318,83.87142,340.45,0.39,0.36,2023-01-07,735,N,VIIRS,n,2,303.25,2.15,D,0
21.11453,84.8669,336.7,0.39,0.36,2023-01-07,735,N,VIIRS,n,2,306.52,3.22,D,0
20.95987,83.87201,333.85,0.39,0.36,2023-01-07,735,N,VIIRS,n,2,300.89,2.15,D,0
20.96818,83.99179,337.16,0.38,0.36,2023-01-07,735,N,VIIRS,n,2,302.43,2.47,D,0
20.97905,84.0845,336.12,0.38,0.36,2023-01-07,735,N,VIIRS,n,2,303.24,3.03,D,0
19.3108,74.92336,345.71,0.37,0.58,2023-01-07,735,N,VIIRS,n,2,295.33,9.51,D,0
20.97574,84.08508,337.02,0.38,0.36,2023-01-07,735,N,VIIRS,n,2,305.71,5.13,D,0
19.31155,74.92693,367.0,0.37,0.58,2023-01-07,735,N,VIIRS,h,2,300.48,9.51,D,0
18.86004,72.92395,350.57,0.51,0.66,2023-01-07,735,N,VIIRS,n,2,291.7,10.24,D,3
20.92361,83.81386,333.6,0.39,0.36,2023-01-07,735,N,VIIRS,n,2,302.84,4.53,D,0
20.92821,83.84342,333.46,0.39,0.36,2023-01-07,735,N,VIIRS,n,2,302.01,1.78,D,0
21.36926,86.86301,334.21,0.43,0.38,2023-01-07,735,N,VIIRS,n,2,303.01,4.54,D,0
20.92489,83.844,331.54,0.39,0.36,2023-01-07,735,N,VIIRS,l,2,303.13,3.08,D,0
21.35241,86.84439,332.82,0.43,0.38,2023-01-07,735,N,VIIRS,l,2,303.5,3.15,D,0
21.34891,86.84493,336.38,0.43,0.38,2023-01-07,735,N,VIIRS,n,2,304.08,3.78,D,0
19.50836,76.13088,332.96,0.62,0.54,2023-01-07,735,N,VIIRS,n,2,295.9,4.05,D,0
20.91704,83.925,333.27,0.39,0.36,2023-01-07,735,N,VIIRS,n,2,301.69,2.97,D,0
21.32095,86.71851,343.23,0.43,0.38,2023-01-07,735,N,VIIRS,n,2,305.22,7.16,D,0
20.9001,83.85974,334.59,0.39,0.36,2023-01-07,735,N,VIIRS,n,2,303.84,1.83,D,0
20.90297,83.8782,333.13,0.39,0.36,2023-01-07,735,N,VIIRS,l,2,303.22,5.32,D,0
20.91442,83.95199,330.43,0.39,0.36,2023-01-07,735,N,VIIRS,n,2,302.72,1.21,D,0
19.54816,76.39868,340.14,0.6,0.53,2023-01-07,735,N,VIIRS,n,2,297.78,8.74,D,0
20.90023,83.88248,347.11,0.39,0.36,2023-01-07,735,N,VIIRS,n,2,306.06,5.32,D,0
21.07621,85.04465,345.93,0.39,0.36,2023-01-07,735,N,VIIRS,n,2,312.33,6.46,D,2
21.21973,86.03988,332.94,0.41,0.37,2023-01-07,735,N,VIIRS,l,2,304.71,2.35,D,0
20.85273,83.64384,331.56,0.39,0.36,2023-01-07,735,N,VIIRS,n,2,303.89,2.57,D,0
20.87044,83.80045,335.96,0.39,0.36,2023-01-07,735,N,VIIRS,n,2,303.15,1.51,D,0
20.87548,83.8714,335.99,0.39,0.36,2023-01-07,735,N,VIIRS,n,2,302.41,1.34,D,0
21.25664,86.49503,333.52,0.42,0.38,2023-01-07,735,N,VIIRS,n,2,304.87,2.05,D,0
21.3041,86.8338,335.15,0.43,0.38,2023-01-07,735,N,VIIRS,n,2,304.22,5.08,D,0
21.30467,86.83794,338.79,0.43,0.38,2023-01-07,735,N,VIIRS,n,2,305.73,5.39,D,0
19.55092,76.39902,341.35,0.6,0.53,2023-01-07,735,N,VIIRS,n,2,299.06,8.47,D,0
21.3006,86.83434,346.51,0.43,0.38,2023-01-07,735,N,VIIRS,n,2,305.11,5.08,D,0
21.18831,86.13634,334.81,0.41,0.37,2023-01-07,735,N,VIIRS,n,2,305.89,1.47,D,0
20.82291,83.86168,337.71,0.39,0.36,2023-01-07,735,N,VIIRS,n,2,303.98,3.28,D,0
20.85427,84.06442,341.24,0.38,0.36,2023-01-07,735,N,VIIRS,n,2,305.79,3.46,D,0
21.15549,86.10155,334.85,0.41,0.37,2023-01-07,735,N,VIIRS,l,2,305.49,3.09,D,0
21.14813,86.09873,352.7,0.41,0.37,2023-01-07,735,N,VIIRS,n,2,312.24,25.15,D,0
21.14472,86.09927,340.2,0.41,0.37,2023-01-07,735,N,VIIRS,n,2,304.89,3.77,D,0
20.81882,83.92305,331.95,0.39,0.36,2023-01-07,735,N,VIIRS,n,2,302.69,1.09,D,0
18.7971,73.26733,340.13,0.49,0.65,2023-01-07,735,N,VIIRS,n,2,295.43,5.68,D,0
21.21972,86.68734,332.93,0.42,0.38,2023-01-07,735,N,VIIRS,n,2,303.18,3.14,D,0
21.22029,86.69142,331.32,0.42,0.38,2023-01-07,735,N,VIIRS,n,2,302.94,3.68,D,0
20.82174,84.07387,334.37,0.38,0.36,2023-01-07,735,N,VIIRS,n,2,303.09,1.8,D,0
20.96845,85.16161,337.68,0.39,0.36,2023-01-07,735,N,VIIRS,l,2,307.98,4.44,D,2
20.81265,84.14724,334.22,0.38,0.36,2023-01-07,735,N,VIIRS,n,2,302.06,2.6,D,0
20.80957,84.14804,336.58,0.38,0.36,2023-01-07,735,N,VIIRS,n,2,302.42,2.22,D,0
20.96427,85.1739,349.38,0.39,0.36,2023-01-07,735,N,VIIRS,n,2,314.94,10.52,D,2
20.96482,85.17762,345.86,0.39,0.36,2023-01-07,735,N,VIIRS,n,2,311.29,7.32,D,2
19.30404,75.73396,331.53,0.33,0.55,2023-01-07,735,N,VIIRS,n,2,296.57,1.04,D,0
21.12684,86.44134,334.03,0.42,0.37,2023-01-07,735,N,VIIRS,n,2,306.13,5.85,D,0
21.12741,86.44534,336.09,0.42,0.37,2023-01-07,735,N,VIIRS,n,2,306.63,5.85,D,0
21.15627,86.65096,337.85,0.42,0.38,2023-01-07,735,N,VIIRS,n,2,305.14,3.8,D,0
20.76507,84.05756,340.4,0.38,0.36,2023-01-07,735,N,VIIRS,n,2,303.84,3.21,D,0
19.96354,79.33423,337.17,0.39,0.44,2023-01-07,735,N,VIIRS,n,2,304.67,3.53,D,2
20.30408,81.26174,332.46,0.46,0.39,2023-01-07,735,N,VIIRS,n,2,302.38,4.66,D,0
20.93684,85.33548,332.03,0.39,0.36,2023-01-07,735,N,VIIRS,l,2,304.71,3.41,D,0
19.26332,75.89615,367.0,0.33,0.55,2023-01-07,735,N,VIIRS,h,2,299.6,7.64,D,0
20.3139,81.51276,332.16,0.45,0.39,2023-01-07,735,N,VIIRS,n,2,302.72,4.27,D,0
20.86966,84.99548,342.72,0.39,0.36,2023-01-07,735,N,VIIRS,n,2,308.34,4.58,D,2
21.0819,86.49758,340.91,0.42,0.37,2023-01-07,735,N,VIIRS,n,2,304.98,4.65,D,0
20.60699,83.33121,330.42,0.39,0.36,2023-01-07,735,N,VIIRS,n,2,302.02,1.15,D,0
21.08591,86.62882,343.97,0.42,0.38,2023-01-07,735,N,VIIRS,n,2,304.44,3.49,D,0
19.55464,77.60346,335.6,0.5,0.49,2023-01-07,735,N,VIIRS,n,2,299.61,4.48,D,0
21.0437,86.45043,339.82,0.42,0.37,2023-01-07,735,N,VIIRS,n,2,303.76,2.88,D,0
20.31041,81.72623,330.02,0.44,0.38,2023-01-07,735,N,VIIRS,n,2,304.41,2.51,D,0
20.68599,84.02979,334.52,0.39,0.36,2023-01-07,735,N,VIIRS,n,2,301.52,2.29,D,0
20.8645,85.22919,335.45,0.39,0.36,2023-01-07,735,N,VIIRS,n,2,304.08,2.88,D,0
20.39407,82.23164,330.5,0.42,0.38,2023-01-07,735,N,VIIRS,n,2,301.47,2.53,D,0
20.39063,82.23228,337.91,0.42,0.38,2023-01-07,735,N,VIIRS,n,2,302.0,2.64,D,0
20.30214,81.7187,336.64,0.44,0.38,2023-01-07,735,N,VIIRS,n,2,305.47,4.77,D,0
19.55317,77.60227,332.3,0.5,0.49,2023-01-07,735,N,VIIRS,n,2,300.13,3.08,D,0
20.98215,86.20534,334.58,0.41,0.37,2023-01-07,735,N,VIIRS,n,2,305.8,3.34,D,0
20.84059,85.25227,333.01,0.39,0.36,2023-01-07,735,N,VIIRS,l,2,304.47,1.86,D,0
20.83613,85.26833,334.97,0.39,0.36,2023-01-07,735,N,VIIRS,n,2,303.39,3.5,D,0
20.30917,81.99809,341.46,0.43,0.38,2023-01-07,735,N,VIIRS,n,2,307.45,7.92,D,0
20.71128,84.52381,329.51,0.38,0.36,2023-01-07,735,N,VIIRS,n,2,303.83,1.96,D,0
20.70797,84.52438,334.27,0.38,0.36,2023-01-07,735,N,VIIRS,n,2,302.48,1.96,D,0
20.80726,85.25782,336.63,0.39,0.36,2023-01-07,735,N,VIIRS,l,2,307.44,5.2,D,2
20.8111,85.28397,335.47,0.39,0.36,2023-01-07,735,N,VIIRS,n,2,301.86,3.85,D,0
20.79671,85.25574,333.13,0.39,0.36,2023-01-07,735,N,VIIRS,l,2,305.03,4.13,D,2
20.80329,85.30056,332.42,0.39,0.36,2023-01-07,735,N,VIIRS,l,2,302.77,1.23,D,0
20.79338,85.25631,334.44,0.39,0.36,2023-01-07,735,N,VIIRS,l,2,307.14,6.66,D,2
20.95797,86.43133,330.35,0.41,0.37,2023-01-07,735,N,VIIRS,l,2,303.37,2.96,D,0
20.53589,83.60874,335.48,0.39,0.36,2023-01-07,735,N,VIIRS,n,2,302.11,2.31,D,0
20.90536,86.10582,332.81,0.41,0.37,2023-01-07,735,N,VIIRS,l,2,304.41,2.17,D,0
20.91436,86.24426,331.21,0.41,0.37,2023-01-07,735,N,VIIRS,n,2,303.39,1.53,D,0
19.4698,77.723,339.35,0.49,0.49,2023-01-07,735,N,VIIRS,n,2,301.21,7.1,D,0
19.47073,77.72767,340.0,0.49,0.49,2023-01-07,735,N,VIIRS,n,2,300.76,7.1,D,0
20.78643,85.37231,344.41,0.39,0.36,2023-01-07,735,N,VIIRS,n,2,303.55,3.88,D,0
20.76017,85.21602,333.31,0.39,0.36,2023-01-07,735,N,VIIRS,l,2,303.85,2.71,D,0
19.46619,83.37392,334.1,0.4,0.37,2023-01-07,735,N,VIIRS,n,2,305.64,2.76,D,0
19.52814,83.55875,332.62,0.39,0.36,2023-01-07,735,N,VIIRS,n,2,304.47,2.03,D,0
19.90248,85.91381,332.47,0.4,0.37,2023-01-07,735,N,VIIRS,n,2,302.68,2.06,D,0
19.44308,82.84003,332.19,0.41,0.37,2023-01-07,735,N,VIIRS,n,2,301.22,4.81,D,0
19.93329,85.9127,332.43,0.4,0.37,2023-01-07,735,N,VIIRS,n,2,300.52,1.56,D,0
19.58138,83.5263,344.99,0.39,0.36,2023-01-07,735,N,VIIRS,n,2,303.35,4.21,D,0
19.47117,82.81898,331.36,0.41,0.37,2023-01-07,735,N,VIIRS,n,2,303.3,2.28,D,0
19.87874,85.1709,345.91,0.39,0.36,2023-01-07,735,N,VIIRS,n,2,302.47,6.6,D,0
20.04418,86.02674,342.94,0.4,0.37,2023-01-07,735,N,VIIRS,n,2,303.85,3.97,D,0
19.56769,82.76571,339.59,0.41,0.37,2023-01-07,735,N,VIIRS,n,2,305.6,2.25,D,0
20.04559,85.77484,335.52,0.39,0.36,2023-01-07,735,N,VIIRS,n,2,303.41,2.97,D,0
20.02707,85.60143,340.7,0.39,0.36,2023-01-07,735,N,VIIRS,n,2,306.16,5.32,D,0
20.03041,85.60089,336.22,0.39,0.36,2023-01-07,735,N,VIIRS,n,2,304.53,2.98,D,0
20.06071,85.76083,333.6,0.39,0.36,2023-01-07,735,N,VIIRS,n,2,303.56,1.67,D,0
19.88889,84.60954,335.05,0.38,0.36,2023-01-07,735,N,VIIRS,n,2,302.52,2.1,D,0
20.09767,85.99086,333.95,0.4,0.37,2023-01-07,735,N,VIIRS,n,2,305.55,4.69,D,0
20.09712,85.98705,331.57,0.4,0.37,2023-01-07,735,N,VIIRS,n,2,306.06,3.46,D,0
19.82313,84.13693,335.89,0.39,0.36,2023-01-07,735,N,VIIRS,n,2,303.79,9.7,D,0
19.61707,82.74878,340.39,0.41,0.37,2023-01-07,735,N,VIIRS,n,2,305.2,4.55,D,0
19.59518,82.46724,332.47,0.42,0.38,2023-01-07,735,N,VIIRS,n,2,303.77,2.48,D,0
19.60483,82.46141,339.36,0.42,0.38,2023-01-07,735,N,VIIRS,n,2,301.03,1.94,D,0
19.60891,82.4647,335.31,0.42,0.38,2023-01-07,735,N,VIIRS,n,2,305.24,3.89,D,0
19.55809,82.15925,336.08,0.43,0.38,2023-01-07,735,N,VIIRS,n,2,303.38,4.34,D,0
19.6977,82.92115,330.91,0.41,0.37,2023-01-07,735,N,VIIRS,n,2,302.59,2.34,D,0
20.21499,86.29799,333.69,0.41,0.37,2023-01-07,735,N,VIIRS,n,2,303.74,2.11,D,0
19.68859,82.84347,335.37,0.41,0.37,2023-01-07,735,N,VIIRS,n,2,302.16,4.19,D,0
19.64462,82.53127,344.03,0.42,0.37,2023-01-07,735,N,VIIRS,n,2,309.58,11.6,D,0
20.22187,86.27309,334.88,0.41,0.37,2023-01-07,735,N,VIIRS,n,2,302.68,2.07,D,0
19.71305,82.88666,332.77,0.41,0.37,2023-01-07,735,N,VIIRS,n,2,303.32,2.27,D,0
19.69135,82.73125,331.96,0.41,0.37,2023-01-07,735,N,VIIRS,n,2,301.42,1.62,D,0
19.71858,82.87773,338.27,0.41,0.37,2023-01-07,735,N,VIIRS,n,2,301.99,3.61,D,0
19.61759,82.1942,348.86,0.43,0.38,2023-01-07,735,N,VIIRS,n,2,308.87,6.39,D,0
19.62172,82.19759,334.07,0.43,0.38,2023-01-07,735,N,VIIRS,l,2,306.24,3.39,D,0
19.69205,82.52331,343.84,0.42,0.37,2023-01-07,735,N,VIIRS,n,2,310.18,21.81,D,0
19.74615,82.82986,342.89,0.41,0.37,2023-01-07,735,N,VIIRS,n,2,302.65,3.49,D,0
20.25869,86.13766,335.01,0.4,0.37,2023-01-07,735,N,VIIRS,n,2,304.38,3.29,D,0
20.20035,85.73064,344.12,0.39,0.36,2023-01-07,735,N,VIIRS,n,2,305.29,3.86,D,0
20.21087,85.75592,334.22,0.39,0.37,2023-01-07,735,N,VIIRS,n,2,305.18,3.12,D,0
20.24106,85.91756,335.74,0.4,0.37,2023-01-07,735,N,VIIRS,n,2,304.34,2.48,D,0
19.7621,82.79913,338.19,0.41,0.37,2023-01-07,735,N,VIIRS,n,2,306.23,5.12,D,0
18.63529,76.62048,335.32,0.6,0.53,2023-01-07,735,N,VIIRS,n,2,297.37,4.69,D,0
19.72058,82.46095,333.0,0.42,0.37,2023-01-07,735,N,VIIRS,n,2,301.2,3.49,D,0
22.82141,86.06283,332.4,0.42,0.37,2023-01-07,735,N,VIIRS,n,2,303.17,4.55,D,0
22.81797,86.06339,337.04,0.42,0.37,2023-01-07,735,N,VIIRS,n,2,306.07,4.55,D,0
22.18883,81.94993,330.37,0.41,0.37,2023-01-07,735,N,VIIRS,n,2,301.19,1.73,D,0
22.20251,82.03349,335.92,0.41,0.37,2023-01-07,735,N,VIIRS,n,2,304.34,3.47,D,0
22.18903,82.01558,334.64,0.41,0.37,2023-01-07,735,N,VIIRS,n,2,305.43,2.81,D,0
22.13763,81.81083,330.19,0.42,0.38,2023-01-07,735,N,VIIRS,n,2,302.3,1.75,D,0
22.77843,86.05747,332.04,0.42,0.37,2023-01-07,735,N,VIIRS,n,2,300.84,3.07,D,0
22.79819,86.19979,335.36,0.42,0.38,2023-01-07,735,N,VIIRS,n,2,302.89,5.88,D,2
22.18718,82.23947,333.82,0.41,0.37,2023-01-07,735,N,VIIRS,n,2,304.88,2.72,D,0
22.23707,82.54608,352.78,0.4,0.37,2023-01-07,735,N,VIIRS,n,2,305.04,3.81,D,0
22.25564,82.66122,331.86,0.4,0.37,2023-01-07,735,N,VIIRS,n,2,301.74,1.88,D,0
22.23308,82.54285,332.3,0.4,0.37,2023-01-07,735,N,VIIRS,n,2,301.95,2.56,D,0
22.2337,82.54671,330.53,0.4,0.37,2023-01-07,735,N,VIIRS,n,2,304.14,3.81,D,0
22.1335,81.95634,331.76,0.41,0.37,2023-01-07,735,N,VIIRS,l,2,303.08,3.02,D,0
22.13549,81.96832,332.71,0.41,0.37,2023-01-07,735,N,VIIRS,n,2,301.81,6.14,D,0
22.15322,82.07552,341.7,0.41,0.37,2023-01-07,735,N,VIIRS,n,2,305.91,8.34,D,0
22.18004,82.28113,344.69,0.4,0.37,2023-01-07,735,N,VIIRS,n,2,303.57,3.46,D,0
22.16329,82.26413,343.21,0.41,0.37,2023-01-07,735,N,VIIRS,n,2,305.42,7.96,D,0
22.16458,82.27195,331.63,0.41,0.37,2023-01-07,735,N,VIIRS,l,2,302.76,3.1,D,0
22.23252,82.68912,335.9,0.4,0.37,2023-01-07,735,N,VIIRS,n,2,303.91,3.0,D,0
22.16183,82.27649,343.77,0.41,0.37,2023-01-07,735,N,VIIRS,n,2,305.43,3.1,D,0
22.1599,82.26477,367.0,0.41,0.37,2023-01-07,735,N,VIIRS,h,2,305.96,7.96,D,0
22.15845,82.27715,340.45,0.41,0.37,2023-01-07,735,N,VIIRS,n,2,306.26,5.19,D,0
22.21887,82.71135,338.66,0.4,0.37,2023-01-07,735,N,VIIRS,n,2,300.41,3.21,D,0
22.21552,82.71197,337.24,0.4,0.37,2023-01-07,735,N,VIIRS,n,2,301.18,3.42,D,0
22.12337,82.17062,332.83,0.41,0.37,2023-01-07,735,N,VIIRS,n,2,304.86,2.59,D,0
22.72081,86.12469,341.78,0.42,0.37,2023-01-07,735,N,VIIRS,n,2,303.92,7.27,D,0
22.1236,82.17049,333.24,0.41,0.37,2023-01-07,735,N,VIIRS,n,2,304.61,2.03,D,0
22.7189,86.12474,339.94,0.42,0.37,2023-01-07,735,N,VIIRS,n,2,302.61,6.01,D,0
22.08903,82.00159,330.99,0.41,0.37,2023-01-07,735,N,VIIRS,n,2,303.04,1.4,D,0
22.6848,85.9325,337.57,0.41,0.37,2023-01-07,735,N,VIIRS,n,2,304.33,4.27,D,0
22.16552,82.51585,337.32,0.4,0.37,2023-01-07,735,N,VIIRS,n,2,303.73,1.64,D,0
22.08725,82.05519,332.77,0.41,0.37,2023-01-07,735,N,VIIRS,n,2,302.35,2.26,D,0
22.08254,82.04789,330.7,0.41,0.37,2023-01-07,735,N,VIIRS,n,2,301.9,2.25,D,0
22.15014,82.61382,334.42,0.4,0.37,2023-01-07,735,N,VIIRS,n,2,304.41,2.65,D,0
22.15076,82.61766,342.12,0.4,0.37,2023-01-07,735,N,VIIRS,n,2,302.82,3.75,D,0
22.12374,82.47193,333.0,0.4,0.37,2023-01-07,735,N,VIIRS,n,2,301.55,1.93,D,0
22.14678,82.61444,334.49,0.4,0.37,2023-01-07,735,N,VIIRS,n,2,303.22,1.78,D,0
22.1474,82.61829,338.59,0.4,0.37,2023-01-07,735,N,VIIRS,n,2,303.42,2.93,D,0
23.44824,92.68039,367.0,0.32,0.55,2023-01-07,735,N,VIIRS,h,2,299.19,6.69,D,0
22.08552,82.2586,333.58,0.41,0.37,2023-01-07,735,N,VIIRS,n,2,300.53,3.05,D,0
22.08213,82.25924,348.0,0.41,0.37,2023-01-07,735,N,VIIRS,n,2,314.36,30.95,D,0
22.08277,82.26316,336.48,0.41,0.37,2023-01-07,735,N,VIIRS,n,2,305.53,5.25,D,0
22.00707,81.86874,333.73,0.42,0.37,2023-01-07,735,N,VIIRS,n,2,300.63,2.08,D,0
22.0776,82.38068,333.2,0.4,0.37,2023-01-07,735,N,VIIRS,n,2,303.2,2.82,D,0
22.06134,82.38772,330.15,0.4,0.37,2023-01-07,735,N,VIIRS,n,2,303.72,2.75,D,0
22.08728,82.54633,333.48,0.4,0.37,2023-01-07,735,N,VIIRS,n,2,304.39,2.64,D,0
22.63028,86.17212,337.59,0.42,0.38,2023-01-07,735,N,VIIRS,n,2,305.96,3.55,D,0
22.04901,82.33385,332.67,0.4,0.37,2023-01-07,735,N,VIIRS,n,2,303.81,1.83,D,0
22.05733,82.38446,344.71,0.4,0.37,2023-01-07,735,N,VIIRS,n,2,305.15,4.82,D,0
22.05797,82.38834,334.64,0.4,0.37,2023-01-07,735,N,VIIRS,l,2,305.02,2.75,D,0
22.04563,82.33449,350.77,0.4,0.37,2023-01-07,735,N,VIIRS,n,2,307.36,12.64,D,0
22.05459,82.38897,330.88,0.4,0.37,2023-01-07,735,N,VIIRS,l,2,302.37,1.97,D,0
22.05764,82.49937,342.1,0.4,0.37,2023-01-07,735,N,VIIRS,n,2,304.24,6.69,D,0
22.15174,83.09,336.94,0.39,0.36,2023-01-07,735,N,VIIRS,n,2,302.33,2.19,D,0
22.01396,82.25095,333.33,0.41,0.37,2023-01-07,735,N,VIIRS,n,2,302.58,2.58,D,0
22.02476,82.31744,341.97,0.41,0.37,2023-01-07,735,N,VIIRS,n,2,302.11,3.41,D,0
22.02137,82.31807,334.29,0.41,0.37,2023-01-07,735,N,VIIRS,l,2,307.26,3.41,D,0
22.02201,82.32197,332.94,0.41,0.37,2023-01-07,735,N,VIIRS,n,2,300.49,3.48,D,0
22.08668,82.72344,334.77,0.4,0.37,2023-01-07,735,N,VIIRS,n,2,303.66,2.76,D,0
22.01862,82.3226,333.89,0.41,0.37,2023-01-07,735,N,VIIRS,n,2,304.56,2.72,D,0
22.10461,82.85741,334.36,0.39,0.36,2023-01-07,735,N,VIIRS,n,2,301.38,3.7,D,0
22.03354,82.4361,343.58,0.4,0.37,2023-01-07,735,N,VIIRS,n,2,304.77,5.44,D,0
22.10066,82.85423,332.72,0.39,0.36,2023-01-07,735,N,VIIRS,n,2,302.59,3.7,D,0
22.07846,82.73676,334.09,0.4,0.37,2023-01-07,735,N,VIIRS,n,2,302.13,4.5,D,0
22.07572,82.7412,332.97,0.4,0.37,2023-01-07,735,N,VIIRS,l,2,303.06,1.47,D,0
22.77432,87.68485,343.29,0.48,0.4,2023-01-07,735,N,VIIRS,n,2,298.73,4.53,D,0
22.08119,82.90466,338.2,0.39,0.36,2023-01-07,735,N,VIIRS,n,2,304.94,5.71,D,0
22.77063,87.6854,328.56,0.48,0.4,2023-01-07,735,N,VIIRS,n,2,298.0,4.53,D,0
22.07785,82.90526,345.22,0.39,0.36,2023-01-07,735,N,VIIRS,n,2,308.43,11.22,D,0
22.07845,82.90905,335.05,0.39,0.36,2023-01-07,735,N,VIIRS,n,2,305.19,11.22,D,0
21.99197,82.47976,347.55,0.4,0.37,2023-01-07,735,N,VIIRS,n,2,305.24,4.08,D,0
21.99261,82.48363,333.35,0.4,0.37,2023-01-07,735,N,VIIRS,n,2,304.69,4.08,D,0
21.9886,82.48038,340.41,0.4,0.37,2023-01-07,735,N,VIIRS,n,2,306.68,5.15,D,0
21.98923,82.48425,334.22,0.4,0.37,2023-01-07,735,N,VIIRS,n,2,301.95,5.15,D,0
21.83639,81.58556,334.88,0.43,0.38,2023-01-07,735,N,VIIRS,n,2,305.08,3.85,D,0
21.93462,82.17272,332.56,0.41,0.37,2023-01-07,735,N,VIIRS,n,2,302.21,3.11,D,0
21.96327,82.38921,331.63,0.4,0.37,2023-01-07,735,N,VIIRS,l,2,304.55,3.57,D,0
21.88075,81.91235,330.45,0.42,0.37,2023-01-07,735,N,VIIRS,l,2,303.46,1.9,D,0
21.98708,82.55622,332.55,0.4,0.37,2023-01-07,735,N,VIIRS,n,2,303.13,2.1,D,0
21.9877,82.56007,346.6,0.4,0.37,2023-01-07,735,N,VIIRS,n,2,304.52,7.71,D,0
22.05233,82.96059,337.08,0.39,0.36,2023-01-07,735,N,VIIRS,n,2,304.89,3.34,D,0
22.11312,83.34399,332.04,0.39,0.36,2023-01-07,735,N,VIIRS,n,2,304.2,1.86,D,0
21.99559,82.62989,342.17,0.4,0.37,2023-01-07,735,N,VIIRS,n,2,303.4,4.02,D,0
22.04899,82.9612,333.88,0.39,0.36,2023-01-07,735,N,VIIRS,l,2,303.88,3.34,D,0
21.97027,82.49574,346.39,0.4,0.37,2023-01-07,735,N,VIIRS,n,2,306.15,14.69,D,0
22.02129,82.81011,334.06,0.39,0.37,2023-01-07,735,N,VIIRS,n,2,303.56,1.35,D,0
21.95613,82.43058,339.22,0.4,0.37,2023-01-07,735,N,VIIRS,n,2,303.63,2.77,D,0
21.9669,82.49636,351.43,0.4,0.37,2023-01-07,735,N,VIIRS,n,2,309.68,14.69,D,0
22.03504,82.91701,332.9,0.39,0.36,2023-01-07,735,N,VIIRS,l,2,303.24,1.99,D,0
22.03565,82.9208,335.07,0.39,0.36,2023-01-07,735,N,VIIRS,n,2,301.09,2.43,D,0
21.98925,82.65475,341.54,0.4,0.37,2023-01-07,735,N,VIIRS,n,2,305.27,4.1,D,0
22.02744,82.89109,332.02,0.39,0.36,2023-01-07,735,N,VIIRS,n,2,301.06,2.93,D,0
22.0317,82.91763,356.5,0.39,0.36,2023-01-07,735,N,VIIRS,n,2,310.48,16.3,D,0
22.03231,82.92141,341.16,0.39,0.36,2023-01-07,735,N,VIIRS,n,2,300.91,10.46,D,0
21.85482,81.86342,333.6,0.42,0.38,2023-01-07,735,N,VIIRS,n,2,299.81,2.73,D,0
21.97841,82.60936,331.93,0.4,0.37,2023-01-07,735,N,VIIRS,n,2,301.36,0.87,D,0
21.98589,82.65538,340.49,0.4,0.37,2023-01-07,735,N,VIIRS,n,2,303.56,4.1,D,0
22.02836,82.91823,343.84,0.39,0.36,2023-01-07,735,N,VIIRS,n,2,306.35,16.3,D,0
22.02897,82.92202,348.82,0.39,0.36,2023-01-07,735,N,VIIRS,n,2,305.06,10.46,D,0
21.85628,81.86285,334.98,0.42,0.38,2023-01-07,735,N,VIIRS,n,2,299.55,2.4,D,0
21.9408,82.3814,330.55,0.4,0.37,2023-01-07,735,N,VIIRS,l,2,303.01,3.3,D,0
21.98488,82.65568,334.51,0.4,0.37,2023-01-07,735,N,VIIRS,n,2,303.18,2.85,D,0
22.02677,82.91872,333.59,0.39,0.36,2023-01-07,735,N,VIIRS,n,2,301.78,1.96,D,0
22.02737,82.92251,346.11,0.39,0.36,2023-01-07,735,N,VIIRS,n,2,304.59,8.33,D,0
21.97415,82.61026,330.97,0.4,0.37,2023-01-07,735,N,VIIRS,l,2,303.41,2.28,D,0
21.93277,82.37487,334.39,0.4,0.37,2023-01-07,735,N,VIIRS,l,2,306.11,3.66,D,0
21.95406,82.50675,333.0,0.4,0.37,2023-01-07,735,N,VIIRS,l,2,304.05,2.02,D,0
21.9538,82.5267,330.47,0.4,0.37,2023-01-07,735,N,VIIRS,n,2,302.3,1.24,D,0
22.09711,83.43163,331.19,0.39,0.36,2023-01-07,735,N,VIIRS,n,2,305.82,2.15,D,0
21.9523,82.53893,337.31,0.4,0.37,2023-01-07,735,N,VIIRS,n,2,307.16,3.79,D,0
21.95602,82.56207,339.31,0.4,0.37,2023-01-07,735,N,VIIRS,n,2,304.31,2.08,D,0
21.99832,82.82626,348.38,0.39,0.37,2023-01-07,735,N,VIIRS,n,2,309.56,11.62,D,0
21.99892,82.83006,332.25,0.39,0.37,2023-01-07,735,N,VIIRS,l,2,302.38,11.62,D,0
22.60641,86.94962,333.78,0.45,0.39,2023-01-07,735,N,VIIRS,n,2,302.01,3.2,D,0
21.93833,82.47382,335.25,0.4,0.37,2023-01-07,735,N,VIIRS,n,2,302.65,1.92,D,0
21.94831,82.5357,332.11,0.4,0.37,2023-01-07,735,N,VIIRS,l,2,305.15,3.79,D,0
21.94893,82.53956,355.64,0.4,0.37,2023-01-07,735,N,VIIRS,n,2,307.78,3.79,D,0
21.99558,82.83068,333.37,0.39,0.37,2023-01-07,735,N,VIIRS,l,2,304.17,11.62,D,0
21.96104,82.63641,331.5,0.4,0.37,2023-01-07,735,N,VIIRS,n,2,305.82,1.62,D,0
22.02054,83.00943,334.75,0.39,0.36,2023-01-07,735,N,VIIRS,l,2,307.44,4.21,D,0
21.88332,82.17822,337.12,0.41,0.37,2023-01-07,735,N,VIIRS,n,2,302.62,3.6,D,0
22.01481,82.99493,341.62,0.39,0.36,2023-01-07,735,N,VIIRS,n,2,304.52,3.66,D,0
22.01661,83.00626,338.04,0.39,0.36,2023-01-07,735,N,VIIRS,n,2,305.07,3.85,D,0
21.87927,82.1749,332.13,0.41,0.37,2023-01-07,735,N,VIIRS,l,2,303.64,1.33,D,0
21.93945,82.5453,337.9,0.4,0.37,2023-01-07,735,N,VIIRS,n,2,304.27,4.38,D,0
22.01147,82.99554,335.61,0.39,0.36,2023-01-07,735,N,VIIRS,n,2,304.03,2.69,D,0
21.9091,82.37929,344.17,0.4,0.37,2023-01-07,735,N,VIIRS,n,2,304.36,6.98,D,0
21.92397,82.49245,332.34,0.4,0.37,2023-01-07,735,N,VIIRS,l,2,304.44,9.39,D,0
21.92459,82.49631,334.6,0.4,0.37,2023-01-07,735,N,VIIRS,l,2,305.58,9.39,D,0
21.92522,82.50018,347.5,0.4,0.37,2023-01-07,735,N,VIIRS,n,2,307.76,9.05,D,0
22.009,83.0232,333.2,0.39,0.36,2023-01-07,735,N,VIIRS,n,2,301.26,2.5,D,0
22.02748,83.14001,339.61,0.39,0.36,2023-01-07,735,N,VIIRS,n,2,304.81,9.03,D,0
22.21668,84.36803,337.78,0.38,0.36,2023-01-07,735,N,VIIRS,n,2,303.22,4.82,D,0
21.92122,82.49694,334.54,0.4,0.37,2023-01-07,735,N,VIIRS,l,2,307.68,9.39,D,0
21.97307,82.81915,334.72,0.4,0.37,2023-01-07,735,N,VIIRS,n,2,303.0,2.58,D,0
21.90464,82.4162,341.46,0.4,0.37,2023-01-07,735,N,VIIRS,n,2,303.34,24.82,D,0
21.9059,82.42397,346.98,0.4,0.37,2023-01-07,735,N,VIIRS,n,2,301.77,5.05,D,0
21.96911,82.81596,347.14,0.4,0.37,2023-01-07,735,N,VIIRS,n,2,305.39,5.81,D,0
21.96972,82.81976,346.66,0.4,0.37,2023-01-07,735,N,VIIRS,n,2,306.71,5.81,D,0
21.97033,82.82357,347.25,0.39,0.37,2023-01-07,735,N,VIIRS,n,2,305.82,9.66,D,0
22.56398,86.85034,334.5,0.44,0.38,2023-01-07,735,N,VIIRS,n,2,302.14,2.47,D,0
21.8401,82.04348,347.09,0.41,0.37,2023-01-07,735,N,VIIRS,n,2,304.77,7.45,D,0
21.9019,82.42072,335.3,0.4,0.37,2023-01-07,735,N,VIIRS,l,2,305.39,24.82,D,0
21.96638,82.82038,341.79,0.4,0.37,2023-01-07,735,N,VIIRS,n,2,304.94,5.81,D,0
21.92398,82.59975,332.4,0.4,0.37,2023-01-07,735,N,VIIRS,n,2,302.89,1.17,D,0
21.93204,82.64969,334.34,0.4,0.37,2023-01-07,735,N,VIIRS,l,2,307.46,3.81,D,0
21.90185,82.48462,330.72,0.4,0.37,2023-01-07,735,N,VIIRS,n,2,303.85,1.32,D,0
21.89699,82.49747,333.71,0.4,0.37,2023-01-07,735,N,VIIRS,l,2,306.13,15.01,D,0
21.89762,82.50134,348.56,0.4,0.37,2023-01-07,735,N,VIIRS,n,2,311.26,15.01,D,0
21.9186,82.65218,342.68,0.4,0.37,2023-01-07,735,N,VIIRS,n,2,303.51,3.43,D,0
21.88584,82.47166,343.83,0.4,0.37,2023-01-07,735,N,VIIRS,n,2,305.06,11.07,D,0
21.88647,82.47553,340.19,0.4,0.37,2023-01-07,735,N,VIIRS,n,2,302.78,17.25,D,0
22.63229,87.59035,332.28,0.48,0.4,2023-01-07,735,N,VIIRS,n,2,299.79,2.27,D,0
21.8831,82.47617,349.58,0.4,0.37,2023-01-07,735,N,VIIRS,n,2,314.01,17.25,D,0
21.90044,82.60413,342.1,0.4,0.37,2023-01-07,735,N,VIIRS,n,2,304.53,2.47,D,0
21.91101,82.66937,331.73,0.4,0.37,2023-01-07,735,N,VIIRS,n,2,302.07,1.62,D,0
21.9575,83.00153,341.99,0.39,0.36,2023-01-07,735,N,VIIRS,n,2,304.35,4.02,D,0
21.95811,83.00531,352.54,0.39,0.36,2023-01-07,735,N,VIIRS,n,2,305.22,7.16,D,0
21.95477,83.00591,344.38,0.39,0.36,2023-01-07,735,N,VIIRS,n,2,303.77,7.16,D,0
21.63216,81.09008,343.91,0.45,0.39,2023-01-07,735,N,VIIRS,n,2,303.12,7.98,D,0
21.92103,82.81697,347.42,0.4,0.37,2023-01-07,735,N,VIIRS,n,2,307.3,8.72,D,0
21.94568,82.99202,340.16,0.39,0.36,2023-01-07,735,N,VIIRS,n,2,305.94,11.3,D,0
21.94629,82.9958,352.61,0.39,0.36,2023-01-07,735,N,VIIRS,n,2,309.28,11.3,D,0
21.94689,82.99958,332.88,0.39,0.36,2023-01-07,735,N,VIIRS,l,2,302.92,9.72,D,0
22.10094,84.00732,331.34,0.38,0.36,2023-01-07,735,N,VIIRS,n,2,300.36,2.1,D,0
21.87877,82.62003,331.31,0.4,0.37,2023-01-07,735,N,VIIRS,n,2,303.69,1.42,D,0
21.88626,82.66605,333.3,0.4,0.37,2023-01-07,735,N,VIIRS,l,2,305.04,5.43,D,0
22.47645,86.68128,333.77,0.43,0.38,2023-01-07,735,N,VIIRS,n,2,301.39,2.97,D,0
21.88389,82.69408,332.27,0.4,0.37,2023-01-07,735,N,VIIRS,l,2,303.51,1.78,D,0
22.55511,87.30871,328.37,0.46,0.39,2023-01-07,735,N,VIIRS,n,2,300.54,1.19,D,0
22.47603,86.68053,332.0,0.43,0.38,2023-01-07,735,N,VIIRS,n,2,300.62,2.59,D,0
21.88577,82.73702,335.94,0.4,0.37,2023-01-07,735,N,VIIRS,n,2,306.24,5.98,D,0
21.88638,82.74085,334.83,0.4,0.37,2023-01-07,735,N,VIIRS,n,2,306.98,5.98,D,0
22.21327,84.86684,329.37,0.39,0.36,2023-01-07,735,N,VIIRS,l,2,303.57,3.69,D,2
21.88242,82.73765,332.58,0.4,0.37,2023-01-07,735,N,VIIRS,n,2,303.23,1.99,D,0
21.88303,82.74146,334.28,0.4,0.37,2023-01-07,735,N,VIIRS,n,2,305.65,1.99,D,0
22.20938,84.86365,342.64,0.39,0.36,2023-01-07,735,N,VIIRS,n,2,303.96,4.87,D,2
22.21105,84.87492,330.23,0.39,0.36,2023-01-07,735,N,VIIRS,l,2,302.39,2.04,D,2
21.8711,82.68851,342.76,0.4,0.37,2023-01-07,735,N,VIIRS,n,2,305.9,4.57,D,0
21.86036,82.64312,333.92,0.4,0.37,2023-01-07,735,N,VIIRS,n,2,301.95,2.33,D,0
21.93058,83.08414,335.18,0.39,0.36,2023-01-07,735,N,VIIRS,n,2,305.46,2.04,D,0
21.80822,82.34169,337.37,0.41,0.37,2023-01-07,735,N,VIIRS,n,2,305.78,2.12,D,0
21.8502,82.60146,334.06,0.4,0.37,2023-01-07,735,N,VIIRS,n,2,302.95,3.57,D,0
21.91651,83.01682,335.73,0.39,0.36,2023-01-07,735,N,VIIRS,n,2,302.84,3.91,D,0
21.9409,83.17126,334.08,0.39,0.36,2023-01-07,735,N,VIIRS,n,2,302.18,1.78,D,0
21.82753,82.48235,339.6,0.4,0.37,2023-01-07,735,N,VIIRS,n,2,304.01,2.55,D,0
21.84622,82.59822,331.86,0.4,0.37,2023-01-07,735,N,VIIRS,l,2,304.77,1.03,D,0
21.91377,83.02121,349.55,0.39,0.36,2023-01-07,735,N,VIIRS,n,2,303.8,4.33,D,0
21.91437,83.02499,331.84,0.39,0.36,2023-01-07,735,N,VIIRS,n,2,299.79,4.33,D,0
21.93033,83.16932,333.59,0.39,0.36,2023-01-07,735,N,VIIRS,n,2,302.68,1.19,D,0
21.90076,83.00415,335.83,0.39,0.36,2023-01-07,735,N,VIIRS,n,2,303.56,3.73,D,0
21.8148,82.53254,332.95,0.4,0.37,2023-01-07,735,N,VIIRS,n,2,303.32,4.49,D,0
21.93945,83.31419,333.26,0.39,0.36,2023-01-07,735,N,VIIRS,n,2,301.07,2.13,D,0
21.7995,82.45963,334.18,0.4,0.37,2023-01-07,735,N,VIIRS,n,2,302.83,3.35,D,0
22.0596,84.11372,331.4,0.38,0.36,2023-01-07,735,N,VIIRS,n,2,302.77,2.8,D,0
22.06016,84.11742,332.79,0.38,0.36,2023-01-07,735,N,VIIRS,n,2,302.43,2.8,D,0
21.82126,82.65825,336.05,0.4,0.37,2023-01-07,735,N,VIIRS,n,2,305.88,2.25,D,0
21.85198,82.84923,348.87,0.4,0.37,2023-01-07,735,N,VIIRS,n,2,301.89,4.23,D,0
21.88401,83.04994,332.68,0.39,0.36,2023-01-07,735,N,VIIRS,n,2,300.67,15.06,D,0
21.88461,83.05372,336.47,0.39,0.36,2023-01-07,735,N,VIIRS,n,2,300.13,15.06,D,0
21.88521,83.05749,343.59,0.39,0.36,2023-01-07,735,N,VIIRS,n,2,299.94,24.59,D,0
21.7618,82.31413,334.91,0.41,0.37,2023-01-07,735,N,VIIRS,n,2,302.3,2.4,D,0
21.83456,82.7622,341.72,0.4,0.37,2023-01-07,735,N,VIIRS,n,2,308.3,16.68,D,0
21.84863,82.84984,335.09,0.4,0.37,2023-01-07,735,N,VIIRS,n,2,302.74,4.23,D,0
21.88188,83.0581,351.88,0.39,0.36,2023-01-07,735,N,VIIRS,n,2,315.7,24.59,D,0
21.72286,82.07761,367.0,0.41,0.37,2023-01-07,735,N,VIIRS,h,2,305.94,7.58,D,0
21.88068,83.05055,367.0,0.39,0.36,2023-01-07,735,N,VIIRS,h,2,308.09,15.06,D,0
21.83059,82.75901,334.44,0.4,0.37,2023-01-07,735,N,VIIRS,l,2,308.57,2.74,D,0
21.8395,82.83586,332.3,0.4,0.37,2023-01-07,735,N,VIIRS,n,2,303.43,2.23,D,0
21.84438,82.86626,338.3,0.39,0.37,2023-01-07,735,N,VIIRS,n,2,301.75,2.48,D,0
21.92149,83.35204,334.92,0.39,0.36,2023-01-07,735,N,VIIRS,l,2,307.18,3.23,D,2
21.76951,82.42519,342.19,0.4,0.37,2023-01-07,735,N,VIIRS,n,2,305.41,4.06,D,0
21.82327,82.75642,345.98,0.4,0.37,2023-01-07,735,N,VIIRS,n,2,306.72,7.67,D,0
21.85984,82.98438,339.44,0.39,0.36,2023-01-07,735,N,VIIRS,n,2,302.8,5.46,D,0
22.44359,86.97356,333.33,0.45,0.39,2023-01-07,735,N,VIIRS,n,2,302.83,2.65,D,0
22.48549,87.29045,341.78,0.46,0.39,2023-01-07,735,N,VIIRS,n,2,304.36,12.39,D,0
21.76613,82.42581,342.67,0.4,0.37,2023-01-07,735,N,VIIRS,n,2,308.58,4.06,D,0
21.8565,82.98499,337.23,0.39,0.36,2023-01-07,735,N,VIIRS,n,2,302.86,5.46,D,0
21.88409,83.1584,334.12,0.39,0.36,2023-01-07,735,N,VIIRS,l,2,304.56,3.24,D,0
21.8571,82.98877,367.0,0.39,0.36,2023-01-07,735,N,VIIRS,h,2,303.68,5.46,D,0
21.74934,82.34465,340.52,0.41,0.37,2023-01-07,735,N,VIIRS,n,2,303.65,5.37,D,0
21.81656,82.75766,334.79,0.4,0.37,2023-01-07,735,N,VIIRS,l,2,305.34,3.38,D,0
21.85376,82.98938,343.13,0.39,0.36,2023-01-07,735,N,VIIRS,n,2,315.63,30.43,D,0
22.41298,86.79864,333.24,0.44,0.38,2023-01-07,735,N,VIIRS,n,2,302.39,2.96,D,0
21.705,82.09738,334.42,0.41,0.37,2023-01-07,735,N,VIIRS,n,2,301.6,1.96,D,0
21.76825,82.48141,338.43,0.4,0.37,2023-01-07,735,N,VIIRS,n,2,303.71,3.19,D,0
21.76888,82.48528,335.17,0.4,0.37,2023-01-07,735,N,VIIRS,n,2,302.3,3.19,D,0
21.78838,82.60496,346.12,0.4,0.37,2023-01-07,735,N,VIIRS,n,2,304.8,7.73,D,0
21.79462,82.64341,333.32,0.4,0.37,2023-01-07,735,N,VIIRS,l,2,305.22,5.75,D,0
21.79524,82.64725,340.22,0.4,0.37,2023-01-07,735,N,VIIRS,n,2,304.72,5.75,D,0
21.82549,82.83451,338.52,0.4,0.37,2023-01-07,735,N,VIIRS,n,2,303.78,2.76,D,0
21.63343,81.69128,332.29,0.43,0.38,2023-01-07,735,N,VIIRS,n,2,302.1,1.95,D,0
21.78501,82.60558,330.91,0.4,0.37,2023-01-07,735,N,VIIRS,n,2,303.43,1.75,D,0
26.92831,92.38277,346.51,0.34,0.56,2023-01-07,736,N,VIIRS,n,2,296.76,2.95,D,0
26.92121,92.99612,339.61,0.37,0.58,2023-01-07,736,N,VIIRS,n,2,299.36,3.07,D,0
26.70744,90.7868,337.2,0.54,0.51,2023-01-07,736,N,VIIRS,n,2,301.39,3.06,D,0
26.71069,90.78947,332.21,0.54,0.51,2023-01-07,736,N,VIIRS,n,2,299.46,4.5,D,0
26.94854,94.0415,329.16,0.43,0.62,2023-01-07,736,N,VIIRS,n,2,296.63,2.11,D,0
27.00099,95.48682,326.68,0.53,0.67,2023-01-07,736,N,VIIRS,n,2,290.95,1.97,D,0
26.90581,94.97817,335.31,0.49,0.65,2023-01-07,736,N,VIIRS,n,2,294.79,4.36,D,0
26.83643,95.03917,367.0,0.49,0.65,2023-01-07,736,N,VIIRS,h,2,296.05,10.41,D,0
26.83644,95.04062,351.56,0.49,0.65,2023-01-07,736,N,VIIRS,n,2,295.47,9.34,D,0
25.26716,82.15749,335.95,0.39,0.36,2023-01-07,736,N,VIIRS,n,2,293.51,2.7,D,0
26.6627,95.11092,328.3,0.5,0.65,2023-01-07,736,N,VIIRS,n,2,301.42,4.5,D,0
26.59435,94.75935,354.25,0.47,0.64,2023-01-07,736,N,VIIRS,n,2,295.1,10.13,D,0
26.5941,94.75601,367.0,0.47,0.64,2023-01-07,736,N,VIIRS,h,2,299.08,10.13,D,0
26.54324,94.97829,367.0,0.49,0.65,2023-01-07,736,N,VIIRS,h,2,297.68,15.15,D,0
26.53876,95.09319,327.69,0.49,0.65,2023-01-07,736,N,VIIRS,n,2,298.87,5.25,D,0
25.66159,86.20632,326.61,0.44,0.39,2023-01-07,736,N,VIIRS,n,2,290.65,2.04,D,0
26.52962,95.04806,342.43,0.49,0.65,2023-01-07,736,N,VIIRS,n,2,298.39,7.19,D,0
24.83899,80.85521,334.44,0.42,0.38,2023-01-07,736,N,VIIRS,n,2,301.89,2.76,D,0
26.54782,94.97687,343.29,0.49,0.65,2023-01-07,736,N,VIIRS,n,2,296.8,7.65,D,0
26.54174,94.97701,338.28,0.49,0.65,2023-01-07,736,N,VIIRS,n,2,292.49,7.65,D,0
26.54199,94.98036,330.52,0.49,0.65,2023-01-07,736,N,VIIRS,n,2,290.13,14.27,D,0
25.09807,82.58993,334.71,0.39,0.36,2023-01-07,736,N,VIIRS,n,2,297.28,2.97,D,0
26.53824,95.09512,330.32,0.49,0.65,2023-01-07,736,N,VIIRS,n,2,299.85,5.33,D,0
26.52884,95.05016,326.85,0.49,0.65,2023-01-07,736,N,VIIRS,l,2,297.79,5.51,D,0
26.44423,94.97575,331.36,0.48,0.65,2023-01-07,736,N,VIIRS,n,2,297.36,5.4,D,0
26.4445,94.97969,337.64,0.49,0.65,2023-01-07,736,N,VIIRS,n,2,296.3,5.4,D,0
26.44373,94.9816,342.41,0.48,0.65,2023-01-07,736,N,VIIRS,n,2,295.75,6.38,D,0
24.3996,79.41312,326.0,0.49,0.4,2023-01-07,736,N,VIIRS,l,2,299.91,2.88,D,0
26.19739,94.53258,367.0,0.45,0.63,2023-01-07,736,N,VIIRS,h,2,295.87,6.91,D,0
25.07565,84.41924,331.01,0.39,0.36,2023-01-07,736,N,VIIRS,n,2,295.75,3.12,D,0
26.19924,94.53251,356.93,0.45,0.63,2023-01-07,736,N,VIIRS,n,2,296.72,7.13,D,0
25.96867,92.35104,349.5,0.33,0.55,2023-01-07,736,N,VIIRS,n,2,295.78,3.93,D,0
24.09513,79.25913,327.45,0.51,0.41,2023-01-07,736,N,VIIRS,n,2,299.05,1.24,D,0
24.37868,81.03047,332.97,0.42,0.38,2023-01-07,736,N,VIIRS,n,2,300.13,2.4,D,0
25.77574,91.96038,339.1,0.62,0.54,2023-01-07,736,N,VIIRS,n,2,297.16,5.15,D,0
24.7674,84.08314,338.97,0.39,0.36,2023-01-07,736,N,VIIRS,n,2,303.61,25.85,D,0
24.76408,84.08373,338.29,0.39,0.36,2023-01-07,736,N,VIIRS,n,2,296.62,3.52,D,0
25.69776,92.4409,343.14,0.33,0.55,2023-01-07,736,N,VIIRS,n,2,296.3,3.86,D,0
25.69553,92.44086,327.55,0.33,0.55,2023-01-07,736,N,VIIRS,n,2,296.4,2.18,D,0
25.69585,92.44425,325.16,0.33,0.55,2023-01-07,736,N,VIIRS,n,2,297.7,2.18,D,0
24.6077,83.98967,330.11,0.39,0.36,2023-01-07,736,N,VIIRS,n,2,298.12,1.18,D,0
24.53643,83.89354,339.14,0.39,0.36,2023-01-07,736,N,VIIRS,n,2,299.96,2.86,D,0
25.48533,92.2008,334.23,0.32,0.54,2023-01-07,736,N,VIIRS,n,2,293.98,1.81,D,0
25.42212,92.0109,329.31,0.62,0.54,2023-01-07,736,N,VIIRS,n,2,294.92,5.22,D,0
25.45013,92.30384,329.41,0.32,0.55,2023-01-07,736,N,VIIRS,n,2,297.42,3.14,D,0
25.43995,92.30471,353.23,0.32,0.55,2023-01-07,736,N,VIIRS,n,2,295.34,4.45,D,0
25.42645,92.2156,331.96,0.32,0.54,2023-01-07,736,N,VIIRS,n,2,297.84,1.94,D,0
25.40479,92.54204,327.78,0.33,0.56,2023-01-07,736,N,VIIRS,n,2,295.48,2.0,D,0
24.16793,82.561,335.73,0.39,0.36,2023-01-07,736,N,VIIRS,n,2,302.16,3.9,D,2
25.39689,92.51164,325.83,0.33,0.55,2023-01-07,736,N,VIIRS,n,2,299.29,1.38,D,0
23.67982,79.77489,332.89,0.48,0.4,2023-01-07,736,N,VIIRS,n,2,294.11,3.89,D,0
24.16617,82.67912,336.37,0.39,0.36,2023-01-07,736,N,VIIRS,n,2,305.43,2.21,D,0
25.37253,92.32903,337.26,0.32,0.55,2023-01-07,736,N,VIIRS,n,2,299.23,2.02,D,0
25.22776,91.17053,339.1,0.54,0.51,2023-01-07,736,N,VIIRS,n,2,297.15,6.13,D,0
23.66994,80.03094,332.28,0.47,0.4,2023-01-07,736,N,VIIRS,n,2,301.1,5.95,D,0
25.31407,92.591,326.7,0.33,0.56,2023-01-07,736,N,VIIRS,l,2,297.71,1.79,D,0
23.14341,77.76711,341.34,0.42,0.45,2023-01-07,736,N,VIIRS,n,2,299.98,8.2,D,0
23.03021,77.78834,326.39,0.42,0.45,2023-01-07,736,N,VIIRS,l,2,300.61,5.91,D,0
22.71871,76.52414,325.71,0.51,0.49,2023-01-07,736,N,VIIRS,n,2,299.41,3.18,D,0
23.14017,79.01452,339.46,0.54,0.42,2023-01-07,736,N,VIIRS,n,2,299.07,7.01,D,0
22.83158,77.68464,328.77,0.43,0.46,2023-01-07,736,N,VIIRS,l,2,300.31,3.66,D,0
23.12639,79.38129,334.19,0.52,0.41,2023-01-07,736,N,VIIRS,n,2,299.79,9.14,D,0
23.12503,79.54613,327.29,0.51,0.41,2023-01-07,736,N,VIIRS,n,2,297.19,4.21,D,0
23.12591,79.55102,330.07,0.51,0.41,2023-01-07,736,N,VIIRS,n,2,297.85,5.46,D,0
22.98931,78.87403,334.17,0.55,0.43,2023-01-07,736,N,VIIRS,n,2,300.44,10.45,D,0
22.91855,78.59647,329.92,0.57,0.43,2023-01-07,736,N,VIIRS,n,2,298.38,2.46,D,0
24.8549,92.45516,325.0,0.32,0.55,2023-01-07,736,N,VIIRS,n,2,299.45,1.53,D,0
23.03024,79.60365,331.63,0.5,0.41,2023-01-07,736,N,VIIRS,n,2,296.88,6.65,D,0
22.82947,78.7133,331.53,0.57,0.43,2023-01-07,736,N,VIIRS,n,2,299.15,2.28,D,0
22.82785,78.71605,327.67,0.57,0.43,2023-01-07,736,N,VIIRS,n,2,299.34,3.06,D,0
24.77904,93.72385,367.0,0.39,0.59,2023-01-07,736,N,VIIRS,h,2,291.93,11.33,D,0
24.10829,87.76287,329.58,0.5,0.41,2023-01-07,736,N,VIIRS,n,2,296.26,3.03,D,0
23.27462,82.12492,332.28,0.4,0.37,2023-01-07,736,N,VIIRS,n,2,300.49,1.32,D,0
24.75587,94.09958,345.75,0.41,0.61,2023-01-07,736,N,VIIRS,n,2,293.88,5.87,D,0
24.72411,94.05971,340.38,0.41,0.6,2023-01-07,736,N,VIIRS,n,2,294.86,3.79,D,0
24.64706,93.6739,367.0,0.38,0.59,2023-01-07,736,N,VIIRS,h,2,301.06,10.91,D,0
23.86023,86.48014,331.94,0.44,0.38,2023-01-07,736,N,VIIRS,n,2,301.62,2.98,D,0
24.6468,93.67109,343.33,0.38,0.59,2023-01-07,736,N,VIIRS,n,2,296.08,5.82,D,0
24.64715,93.67505,354.39,0.38,0.59,2023-01-07,736,N,VIIRS,n,2,301.15,5.82,D,0
23.80458,86.33108,342.9,0.43,0.38,2023-01-07,736,N,VIIRS,n,2,310.68,7.73,D,2
21.39622,72.9093,335.31,0.45,0.63,2023-01-07,736,N,VIIRS,n,2,297.35,2.69,D,0
23.78436,86.20918,329.73,0.43,0.38,2023-01-07,736,N,VIIRS,l,2,301.09,3.31,D,0
23.79344,86.35457,346.86,0.43,0.38,2023-01-07,736,N,VIIRS,n,2,309.62,8.3,D,2
23.78705,86.33392,333.21,0.43,0.38,2023-01-07,736,N,VIIRS,l,2,307.83,3.23,D,2
23.55099,87.72466,332.84,0.49,0.41,2023-01-07,736,N,VIIRS,n,2,299.43,4.7,D,0
23.55785,87.74837,331.79,0.49,0.41,2023-01-07,736,N,VIIRS,n,2,297.94,1.55,D,0
23.49167,87.12684,330.6,0.46,0.39,2023-01-07,736,N,VIIRS,n,2,298.96,1.87,D,0
23.5745,87.66371,336.11,0.49,0.4,2023-01-07,736,N,VIIRS,n,2,299.18,4.37,D,0
22.22396,78.85978,332.63,0.57,0.43,2023-01-07,736,N,VIIRS,n,2,304.25,2.68,D,0
22.22792,78.85898,346.2,0.57,0.43,2023-01-07,736,N,VIIRS,n,2,303.78,11.25,D,0
22.00433,77.66875,331.26,0.45,0.47,2023-01-07,736,N,VIIRS,n,2,297.94,2.6,D,0
24.26687,93.64407,329.36,0.38,0.59,2023-01-07,736,N,VIIRS,n,2,292.98,1.77,D,0
23.36978,85.41145,332.11,0.4,0.37,2023-01-07,736,N,VIIRS,n,2,300.33,4.95,D,0
24.40904,93.68128,329.55,0.38,0.59,2023-01-07,736,N,VIIRS,n,2,293.6,4.45,D,0
21.1076,72.64667,344.99,0.48,0.65,2023-01-07,736,N,VIIRS,n,2,297.92,7.09,D,2
21.11036,72.63135,332.16,0.48,0.65,2023-01-07,736,N,VIIRS,n,2,297.5,4.61,D,2
23.66827,86.9185,337.7,0.45,0.39,2023-01-07,736,N,VIIRS,n,2,302.27,4.25,D,2
23.6336,86.52622,334.14,0.44,0.38,2023-01-07,736,N,VIIRS,n,2,296.94,2.39,D,0
23.68056,86.39782,329.23,0.43,0.38,2023-01-07,736,N,VIIRS,l,2,303.6,3.57,D,2
23.6835,86.39301,339.83,0.43,0.38,2023-01-07,736,N,VIIRS,n,2,304.26,3.95,D,2
23.68701,86.39246,340.78,0.43,0.38,2023-01-07,736,N,VIIRS,n,2,307.94,3.95,D,2
24.54892,93.9469,330.96,0.4,0.6,2023-01-07,736,N,VIIRS,n,2,293.67,2.49,D,0
23.68046,86.08441,338.49,0.42,0.38,2023-01-07,736,N,VIIRS,n,2,305.24,4.97,D,2
23.68278,86.05005,346.64,0.42,0.38,2023-01-07,736,N,VIIRS,n,2,303.06,6.42,D,0
23.68113,86.05095,336.61,0.42,0.38,2023-01-07,736,N,VIIRS,n,2,305.46,7.95,D,0
24.54768,93.94709,328.97,0.4,0.6,2023-01-07,736,N,VIIRS,n,2,294.43,2.43,D,0
23.76053,86.40331,337.65,0.43,0.38,2023-01-07,736,N,VIIRS,n,2,306.37,4.98,D,2
23.1669,82.34184,328.95,0.4,0.37,2023-01-07,736,N,VIIRS,l,2,300.72,2.32,D,2
23.77639,86.3877,337.57,0.43,0.38,2023-01-07,736,N,VIIRS,l,2,309.44,3.12,D,2
24.60824,93.80068,334.95,0.39,0.59,2023-01-07,736,N,VIIRS,n,2,296.17,4.55,D,0
23.78176,86.34779,334.11,0.43,0.38,2023-01-07,736,N,VIIRS,n,2,307.33,3.04,D,2
22.82046,86.06345,341.02,0.42,0.37,2023-01-07,736,N,VIIRS,n,2,304.69,5.32,D,0
22.21867,82.04709,338.05,0.41,0.37,2023-01-07,736,N,VIIRS,n,2,303.67,5.22,D,0
22.25964,82.2099,346.16,0.41,0.37,2023-01-07,736,N,VIIRS,n,2,301.36,6.08,D,0
22.22052,81.95251,351.54,0.41,0.37,2023-01-07,736,N,VIIRS,n,2,305.71,6.58,D,0
22.22393,81.95186,334.64,0.41,0.37,2023-01-07,736,N,VIIRS,l,2,305.34,4.22,D,0
22.24473,82.01354,335.23,0.41,0.37,2023-01-07,736,N,VIIRS,n,2,303.59,1.29,D,0
21.9033,80.0336,329.22,0.5,0.41,2023-01-07,736,N,VIIRS,n,2,301.75,0.91,D,0
22.25809,82.05186,330.08,0.41,0.37,2023-01-07,736,N,VIIRS,n,2,301.8,2.27,D,0
22.22973,81.88069,336.39,0.42,0.37,2023-01-07,736,N,VIIRS,n,2,304.68,4.42,D,0
23.67751,92.70016,328.88,0.33,0.55,2023-01-07,736,N,VIIRS,n,2,296.12,1.58,D,0
22.26184,81.7542,332.88,0.42,0.38,2023-01-07,736,N,VIIRS,n,2,303.04,2.08,D,0
23.11213,87.3753,347.48,0.47,0.4,2023-01-07,736,N,VIIRS,n,2,299.25,5.85,D,0
23.11858,87.28091,329.07,0.47,0.39,2023-01-07,736,N,VIIRS,n,2,298.7,3.42,D,0
23.27493,87.99794,329.28,0.51,0.41,2023-01-07,736,N,VIIRS,n,2,298.43,2.43,D,0
22.41319,82.05927,331.68,0.41,0.37,2023-01-07,736,N,VIIRS,n,2,302.78,2.21,D,0
24.00098,87.97573,332.03,0.51,0.41,2023-01-07,736,N,VIIRS,n,2,296.84,7.49,D,0
21.09254,74.86712,367.0,0.35,0.57,2023-01-07,736,N,VIIRS,h,2,295.02,15.53,D,0
23.33981,88.05676,331.39,0.51,0.41,2023-01-07,736,N,VIIRS,n,2,298.49,3.91,D,0
23.3245,87.7831,332.35,0.49,0.41,2023-01-07,736,N,VIIRS,n,2,297.9,2.39,D,0
21.98429,79.08458,332.15,0.56,0.43,2023-01-07,736,N,VIIRS,n,2,301.03,3.32,D,0
22.10445,79.63816,330.52,0.52,0.41,2023-01-07,736,N,VIIRS,n,2,299.86,2.33,D,0
21.22556,75.03854,367.0,0.34,0.56,2023-01-07,736,N,VIIRS,h,2,300.23,8.23,D,0
22.77438,83.52419,331.13,0.38,0.36,2023-01-07,736,N,VIIRS,l,2,303.2,1.3,D,0
23.35908,87.62864,329.04,0.49,0.4,2023-01-07,736,N,VIIRS,n,2,299.52,2.5,D,0
21.22712,75.03815,367.0,0.34,0.56,2023-01-07,736,N,VIIRS,h,2,300.45,10.81,D,0
23.38255,87.63486,329.11,0.49,0.4,2023-01-07,736,N,VIIRS,n,2,299.18,2.02,D,0
22.80598,83.46485,329.16,0.39,0.36,2023-01-07,736,N,VIIRS,l,2,303.16,1.25,D,0
23.47197,87.94894,327.1,0.51,0.41,2023-01-07,736,N,VIIRS,l,2,297.79,3.13,D,0
22.41422,80.81049,330.66,0.45,0.39,2023-01-07,736,N,VIIRS,n,2,302.84,1.7,D,0
28.55756,77.74818,330.2,0.52,0.41,2023-01-07,737,N,VIIRS,n,2,289.01,3.26,D,0
28.41255,79.91716,328.8,0.42,0.38,2023-01-07,737,N,VIIRS,n,2,286.8,3.14,D,0
28.08899,79.93549,328.44,0.42,0.38,2023-01-07,737,N,VIIRS,n,2,290.65,2.17,D,0
28.05685,80.04807,331.5,0.42,0.38,2023-01-07,737,N,VIIRS,n,2,291.15,3.57,D,0
26.93468,74.82833,337.45,0.53,0.5,2023-01-07,737,N,VIIRS,n,2,299.98,2.9,D,0
27.99364,80.55037,327.37,0.41,0.37,2023-01-07,737,N,VIIRS,n,2,287.66,2.68,D,0
27.93432,80.26141,332.76,0.42,0.37,2023-01-07,737,N,VIIRS,n,2,289.55,2.2,D,0
27.84556,80.46145,330.12,0.41,0.37,2023-01-07,737,N,VIIRS,n,2,289.65,2.47,D,0
27.45755,80.03981,329.44,0.43,0.38,2023-01-07,737,N,VIIRS,n,2,286.32,2.72,D,0
26.56608,76.46507,330.07,0.43,0.46,2023-01-07,737,N,VIIRS,n,2,299.4,3.58,D,0
28.64861,96.04662,330.73,0.59,0.7,2023-01-07,737,N,VIIRS,n,2,289.36,10.85,D,0
28.09921,93.32626,341.18,0.4,0.6,2023-01-07,737,N,VIIRS,n,2,290.64,4.93,D,0
28.10044,93.32654,346.85,0.4,0.6,2023-01-07,737,N,VIIRS,n,2,290.99,5.25,D,0
26.80118,82.62985,330.92,0.38,0.36,2023-01-07,737,N,VIIRS,n,2,289.74,2.02,D,0
26.7267,82.51743,329.65,0.38,0.36,2023-01-07,737,N,VIIRS,n,2,290.2,2.14,D,0
27.98778,96.21815,328.66,0.59,0.7,2023-01-07,737,N,VIIRS,n,2,294.38,4.68,D,0
27.98807,96.22349,325.46,0.6,0.7,2023-01-07,737,N,VIIRS,n,2,294.38,5.12,D,0
25.73355,78.20477,330.28,0.54,0.42,2023-01-07,737,N,VIIRS,n,2,296.36,3.91,D,0
25.66987,78.20819,330.12,0.54,0.42,2023-01-07,737,N,VIIRS,n,2,297.01,2.31,D,0
25.66943,78.20975,330.93,0.54,0.42,2023-01-07,737,N,VIIRS,n,2,296.93,3.14,D,0
26.07359,82.39657,330.46,0.39,0.36,2023-01-07,737,N,VIIRS,n,2,292.24,1.84,D,0
26.1497,82.93052,329.01,0.38,0.36,2023-01-07,737,N,VIIRS,n,2,292.77,1.92,D,0
29.90588,80.21925,329.5,0.4,0.37,2023-01-07,738,N,VIIRS,n,2,289.97,4.11,D,0
31.46318,75.26458,327.44,0.41,0.45,2023-01-07,738,N,VIIRS,n,2,288.98,3.49,D,0
31.72832,77.21945,327.51,0.49,0.4,2023-01-07,738,N,VIIRS,l,2,298.07,3.24,D,0
31.6861,77.43266,328.52,0.48,0.4,2023-01-07,738,N,VIIRS,n,2,289.23,9.22,D,0
31.23067,75.86136,326.32,0.39,0.44,2023-01-07,738,N,VIIRS,n,2,286.53,2.6,D,0
31.39628,77.41273,332.1,0.49,0.4,2023-01-07,738,N,VIIRS,n,2,298.65,4.7,D,0
31.39733,77.41842,331.31,0.48,0.4,2023-01-07,738,N,VIIRS,n,2,296.41,4.7,D,0
31.23439,77.86346,332.62,0.47,0.39,2023-01-07,738,N,VIIRS,l,2,305.32,5.39,D,0
31.23526,77.86823,343.6,0.47,0.39,2023-01-07,738,N,VIIRS,n,2,306.6,5.39,D,0
31.23611,77.87286,334.79,0.47,0.39,2023-01-07,738,N,VIIRS,n,2,302.0,3.99,D,0
31.13281,77.68105,331.73,0.48,0.4,2023-01-07,738,N,VIIRS,n,2,290.07,4.37,D,0
31.14231,78.05772,329.86,0.46,0.39,2023-01-07,738,N,VIIRS,n,2,292.59,4.74,D,0
31.13808,78.07533,326.63,0.46,0.39,2023-01-07,738,N,VIIRS,l,2,298.33,4.3,D,0
31.06791,77.87695,330.32,0.47,0.4,2023-01-07,738,N,VIIRS,n,2,298.09,4.53,D,0
31.06879,77.88168,335.9,0.47,0.4,2023-01-07,738,N,VIIRS,n,2,295.51,6.2,D,0
31.06419,77.87714,328.68,0.47,0.4,2023-01-07,738,N,VIIRS,n,2,293.26,2.6,D,0
31.06508,77.88192,340.39,0.47,0.4,2023-01-07,738,N,VIIRS,n,2,299.88,7.44,D,0
31.06781,77.87969,356.92,0.47,0.4,2023-01-07,738,N,VIIRS,n,2,300.91,9.27,D,0
31.0641,77.87985,345.65,0.47,0.4,2023-01-07,738,N,VIIRS,n,2,300.66,9.27,D,0
31.03694,77.79259,336.44,0.47,0.4,2023-01-07,738,N,VIIRS,n,2,294.02,5.28,D,0
31.09216,78.13887,330.31,0.46,0.39,2023-01-07,738,N,VIIRS,n,2,299.96,4.5,D,0
31.08837,78.15896,331.07,0.46,0.39,2023-01-07,738,N,VIIRS,l,2,302.24,4.77,D,0
31.08929,78.1641,340.23,0.46,0.39,2023-01-07,738,N,VIIRS,n,2,303.55,7.97,D,0
30.98654,77.78497,345.35,0.47,0.4,2023-01-07,738,N,VIIRS,n,2,294.7,9.88,D,0
31.01002,77.91244,337.58,0.47,0.4,2023-01-07,738,N,VIIRS,n,2,292.27,4.81,D,0
30.98013,78.12118,329.9,0.46,0.39,2023-01-07,738,N,VIIRS,n,2,298.94,3.08,D,0
30.90908,77.81245,326.29,0.47,0.4,2023-01-07,738,N,VIIRS,n,2,290.63,3.71,D,0
30.96816,78.19874,325.91,0.46,0.39,2023-01-07,738,N,VIIRS,n,2,290.44,2.52,D,0
30.85604,77.77084,331.54,0.48,0.4,2023-01-07,738,N,VIIRS,n,2,296.29,3.27,D,0
30.8127,77.66096,331.15,0.48,0.4,2023-01-07,738,N,VIIRS,n,2,303.58,6.16,D,0
30.93196,78.42189,333.67,0.45,0.39,2023-01-07,738,N,VIIRS,n,2,291.22,6.43,D,0
30.81387,78.07429,345.31,0.46,0.39,2023-01-07,738,N,VIIRS,n,2,289.61,5.6,D,0
30.91239,78.6606,344.9,0.44,0.38,2023-01-07,738,N,VIIRS,n,2,291.34,11.11,D,0
30.90958,78.6652,339.66,0.44,0.38,2023-01-07,738,N,VIIRS,n,2,296.98,4.08,D,0
30.90179,78.66232,328.7,0.44,0.38,2023-01-07,738,N,VIIRS,n,2,286.07,6.64,D,0
30.89893,78.66667,355.07,0.44,0.38,2023-01-07,738,N,VIIRS,n,2,303.68,6.64,D,0
30.89966,78.67078,330.03,0.44,0.38,2023-01-07,738,N,VIIRS,n,2,293.05,3.36,D,0
30.76031,77.94627,326.83,0.47,0.4,2023-01-07,738,N,VIIRS,n,2,290.15,1.19,D,0
30.76116,77.95084,326.38,0.47,0.4,2023-01-07,738,N,VIIRS,n,2,289.85,2.93,D,0
30.77148,78.56283,329.45,0.44,0.39,2023-01-07,738,N,VIIRS,n,2,295.41,3.42,D,0
30.76134,78.56758,329.94,0.44,0.39,2023-01-07,738,N,VIIRS,n,2,295.7,4.36,D,0
30.63637,77.98969,336.61,0.47,0.4,2023-01-07,738,N,VIIRS,n,2,297.2,5.62,D,0
29.91163,74.95126,344.81,0.46,0.47,2023-01-07,738,N,VIIRS,n,2,292.21,22.56,D,2
30.49957,78.24709,335.07,0.46,0.39,2023-01-07,738,N,VIIRS,n,2,297.63,3.2,D,0
30.61771,78.96427,348.25,0.43,0.38,2023-01-07,738,N,VIIRS,n,2,302.48,10.84,D,0
30.37969,79.22739,337.71,0.43,0.38,2023-01-07,738,N,VIIRS,n,2,291.42,4.88,D,0
30.37623,79.22807,347.83,0.43,0.38,2023-01-07,738,N,VIIRS,n,2,298.13,6.5,D,0
30.37777,79.23695,347.83,0.43,0.38,2023-01-07,738,N,VIIRS,n,2,294.55,5.51,D,0
30.37352,79.23309,335.57,0.43,0.38,2023-01-07,738,N,VIIRS,n,2,293.64,6.5,D,0
30.32425,79.57742,344.16,0.42,0.37,2023-01-07,738,N,VIIRS,n,2,295.67,7.64,D,0
30.32081,79.57798,327.93,0.42,0.37,2023-01-07,738,N,VIIRS,n,2,290.9,6.12,D,0
30.31474,79.58379,337.1,0.42,0.37,2023-01-07,738,N,VIIRS,n,2,292.36,6.38,D,0
29.90927,78.56075,333.09,0.45,0.39,2023-01-07,738,N,VIIRS,n,2,296.18,6.89,D,0
30.19292,80.23325,331.41,0.4,0.37,2023-01-07,738,N,VIIRS,n,2,291.63,6.29,D,0
30.1202,79.99122,333.34,0.41,0.37,2023-01-07,738,N,VIIRS,n,2,294.17,4.32,D,0
30.1594,80.26955,337.52,0.4,0.37,2023-01-07,738,N,VIIRS,n,2,293.04,4.95,D,0
30.00821,79.41227,327.66,0.42,0.38,2023-01-07,738,N,VIIRS,n,2,289.99,2.48,D,0
30.12185,80.08473,332.13,0.4,0.37,2023-01-07,738,N,VIIRS,n,2,289.58,3.73,D,0
30.00473,79.4128,325.93,0.42,0.38,2023-01-07,738,N,VIIRS,n,2,289.41,2.48,D,0
30.11845,80.08526,329.4,0.4,0.37,2023-01-07,738,N,VIIRS,n,2,292.48,3.73,D,0
29.99496,79.39753,334.44,0.42,0.38,2023-01-07,738,N,VIIRS,n,2,293.2,3.43,D,0
29.99006,79.3898,335.5,0.42,0.38,2023-01-07,738,N,VIIRS,n,2,291.47,4.72,D,0
30.04114,79.91642,335.69,0.41,0.37,2023-01-07,738,N,VIIRS,n,2,299.07,4.69,D,0
29.88622,79.2061,331.0,0.43,0.38,2023-01-07,738,N,VIIRS,n,2,299.69,3.8,D,0
29.98073,79.74815,328.33,0.41,0.37,2023-01-07,738,N,VIIRS,n,2,295.64,2.33,D,0
29.88547,79.20512,333.31,0.43,0.38,2023-01-07,738,N,VIIRS,n,2,301.98,4.05,D,0
30.0742,80.3688,335.48,0.4,0.37,2023-01-07,738,N,VIIRS,n,2,294.74,8.88,D,0
29.86299,79.44852,337.51,0.42,0.38,2023-01-07,738,N,VIIRS,n,2,292.46,5.11,D,0
30.04229,80.57449,334.56,0.4,0.37,2023-01-07,738,N,VIIRS,n,2,295.51,3.14,D,0
29.93997,80.10537,338.66,0.41,0.37,2023-01-07,738,N,VIIRS,n,2,303.01,3.87,D,0
29.88692,80.04284,327.6,0.41,0.37,2023-01-07,738,N,VIIRS,n,2,292.61,3.32,D,0
29.95107,80.55605,329.38,0.4,0.37,2023-01-07,738,N,VIIRS,n,2,293.9,2.53,D,0
29.95171,80.56,331.73,0.4,0.37,2023-01-07,738,N,VIIRS,n,2,302.9,3.91,D,0
29.21878,77.08091,336.78,0.54,0.42,2023-01-07,738,N,VIIRS,n,2,285.72,5.08,D,0
29.67086,79.76192,328.13,0.42,0.37,2023-01-07,738,N,VIIRS,n,2,294.26,2.31,D,0
29.66122,79.76767,334.96,0.42,0.37,2023-01-07,738,N,VIIRS,n,2,299.84,6.92,D,0
29.59704,79.41905,325.13,0.43,0.38,2023-01-07,738,N,VIIRS,n,2,298.73,1.31,D,0
29.62031,79.60608,326.09,0.42,0.38,2023-01-07,738,N,VIIRS,n,2,293.85,1.88,D,0
29.22692,77.51048,329.53,0.52,0.41,2023-01-07,738,N,VIIRS,n,2,290.05,3.45,D,0
29.16435,77.20041,325.94,0.54,0.42,2023-01-07,738,N,VIIRS,n,2,288.2,2.06,D,0
29.08798,77.17922,327.38,0.54,0.42,2023-01-07,738,N,VIIRS,n,2,287.57,5.12,D,0
29.09481,77.34503,333.53,0.53,0.42,2023-01-07,738,N,VIIRS,n,2,289.1,4.3,D,0
28.94146,77.40762,329.46,0.53,0.42,2023-01-07,738,N,VIIRS,n,2,289.79,3.36,D,0
27.64851,71.96653,330.0,0.38,0.59,2023-01-07,738,N,VIIRS,n,2,295.55,1.24,D,0
18.03815,73.1264,331.47,0.66,0.73,2023-01-07,915,N,VIIRS,n,2,293.55,5.46,D,0
18.08068,73.44821,330.26,0.69,0.74,2023-01-07,915,N,VIIRS,n,2,295.12,4.03,D,0
18.07877,73.44526,328.34,0.69,0.75,2023-01-07,915,N,VIIRS,n,2,294.42,3.58,D,0
27.55667,96.03712,300.65,0.7,0.75,2023-01-07,1821,N,VIIRS,n,2,283.15,0.38,N,2
27.5551,96.03549,296.08,0.7,0.75,2023-01-07,1821,N,VIIRS,n,2,283.21,0.61,N,0
30.05882,80.34734,297.42,0.39,0.44,2023-01-07,2002,N,VIIRS,n,2,276.74,0.57,N,0
27.46824,95.4222,302.02,0.35,0.57,2023-01-07,2002,N,VIIRS,n,2,283.94,0.42,N,2
27.4611,95.47616,297.23,0.35,0.57,2023-01-07,2002,N,VIIRS,n,2,283.39,0.35,N,2
30.25927,79.20888,296.6,0.46,0.47,2023-01-07,2002,N,VIIRS,n,2,279.65,1.46,N,0
27.53378,95.39993,303.98,0.35,0.56,2023-01-07,2002,N,VIIRS,n,2,282.54,0.46,N,2
30.19769,80.24309,298.31,0.4,0.44,2023-01-07,2002,N,VIIRS,n,2,277.68,1.01,N,0
30.20197,80.2419,297.66,0.4,0.44,2023-01-07,2002,N,VIIRS,n,2,274.9,1.01,N,0
30.20587,80.24411,338.47,0.4,0.44,2023-01-07,2002,N,VIIRS,n,2,277.6,5.06,N,0
30.20634,80.23984,344.51,0.4,0.44,2023-01-07,2002,N,VIIRS,n,2,277.88,6.02,N,0
30.21024,80.24207,331.26,0.4,0.44,2023-01-07,2002,N,VIIRS,n,2,275.08,6.02,N,0
27.60408,95.40223,301.47,0.35,0.56,2023-01-07,2002,N,VIIRS,n,2,283.51,0.42,N,2
30.37164,79.23494,299.77,0.46,0.47,2023-01-07,2002,N,VIIRS,n,2,280.66,1.53,N,0
30.37267,79.23345,295.73,0.46,0.47,2023-01-07,2002,N,VIIRS,n,2,280.94,1.07,N,0
27.55938,96.0388,305.88,0.38,0.59,2023-01-07,2002,N,VIIRS,n,2,283.12,0.59,N,2
30.42942,79.44686,296.79,0.44,0.46,2023-01-07,2002,N,VIIRS,n,2,277.51,1.0,N,0
30.62986,77.98888,296.94,0.54,0.51,2023-01-07,2002,N,VIIRS,n,2,280.15,0.87,N,0
30.53955,79.49171,306.28,0.44,0.46,2023-01-07,2002,N,VIIRS,n,2,279.35,1.42,N,0
30.53998,79.48773,316.9,0.44,0.46,2023-01-07,2002,N,VIIRS,n,2,279.17,2.65,N,0
30.54043,79.48351,320.32,0.44,0.46,2023-01-07,2002,N,VIIRS,n,2,278.51,2.65,N,0
30.5431,79.49915,309.88,0.44,0.46,2023-01-07,2002,N,VIIRS,n,2,280.72,2.6,N,0
30.54358,79.49466,327.0,0.44,0.46,2023-01-07,2002,N,VIIRS,n,2,282.26,2.6,N,0
30.54436,79.48738,344.37,0.44,0.46,2023-01-07,2002,N,VIIRS,n,2,282.8,7.55,N,0
30.5448,79.48325,321.63,0.44,0.46,2023-01-07,2002,N,VIIRS,n,2,278.38,5.11,N,0
30.54566,79.49793,313.13,0.44,0.46,2023-01-07,2002,N,VIIRS,n,2,280.01,2.19,N,0
30.5468,79.48685,316.8,0.44,0.46,2023-01-07,2002,N,VIIRS,n,2,277.77,2.34,N,0
30.87637,78.17797,295.11,0.53,0.5,2023-01-07,2002,N,VIIRS,n,2,279.49,2.03,N,0
30.87677,78.17379,313.97,0.53,0.5,2023-01-07,2002,N,VIIRS,n,2,280.77,2.03,N,0
30.87721,78.16913,295.33,0.53,0.5,2023-01-07,2002,N,VIIRS,n,2,279.02,2.04,N,0
30.88357,78.29813,296.81,0.52,0.5,2023-01-07,2002,N,VIIRS,n,2,279.48,1.75,N,0
30.8821,78.29991,301.55,0.52,0.5,2023-01-07,2002,N,VIIRS,n,2,279.66,1.7,N,0
30.89362,78.6714,298.11,0.5,0.49,2023-01-07,2002,N,VIIRS,n,2,278.63,1.36,N,0
30.89441,78.66328,299.12,0.5,0.49,2023-01-07,2002,N,VIIRS,n,2,278.24,2.04,N,0
30.89808,78.67263,304.87,0.5,0.49,2023-01-07,2002,N,VIIRS,n,2,278.96,1.36,N,0
30.93524,78.38194,298.92,0.52,0.5,2023-01-07,2002,N,VIIRS,n,2,277.26,2.17,N,0
31.00756,77.8108,308.18,0.56,0.52,2023-01-07,2002,N,VIIRS,n,2,280.11,1.26,N,0
31.00732,77.91756,299.72,0.55,0.51,2023-01-07,2002,N,VIIRS,n,2,279.69,1.72,N,0
30.99413,78.68188,302.52,0.5,0.49,2023-01-07,2002,N,VIIRS,n,2,270.48,1.13,N,0
31.06763,77.88982,298.77,0.56,0.51,2023-01-07,2002,N,VIIRS,n,2,278.58,1.84,N,0
31.06815,77.88406,309.82,0.56,0.51,2023-01-07,2002,N,VIIRS,n,2,280.46,1.84,N,0
31.30664,77.05184,298.18,0.63,0.54,2023-01-07,2002,N,VIIRS,n,2,280.88,0.81,N,0
31.30961,77.06541,297.65,0.63,0.54,2023-01-07,2002,N,VIIRS,n,2,281.09,2.8,N,0
31.39627,77.45988,295.16,0.59,0.53,2023-01-07,2002,N,VIIRS,n,2,278.81,1.42,N,0
31.39351,77.45841,295.58,0.6,0.53,2023-01-07,2002,N,VIIRS,n,2,280.32,1.2,N,0
26.59157,94.7515,333.99,0.33,0.55,2023-01-07,2002,N,VIIRS,n,2,284.13,2.64,N,0
26.59399,94.7515,328.64,0.33,0.55,2023-01-07,2002,N,VIIRS,n,2,283.37,2.01,N,0
29.90553,74.95647,297.89,0.4,0.6,2023-01-07,2002,N,VIIRS,n,2,276.87,1.45,N,2
29.90585,74.95219,315.42,0.4,0.6,2023-01-07,2002,N,VIIRS,n,2,276.77,1.45,N,0
29.90618,74.9479,330.83,0.4,0.6,2023-01-07,2002,N,VIIRS,n,2,277.11,6.09,N,0
29.90651,74.94362,351.94,0.4,0.6,2023-01-07,2002,N,VIIRS,n,2,276.77,6.09,N,2
29.90389,74.94983,301.36,0.4,0.6,2023-01-07,2002,N,VIIRS,n,2,276.56,3.61,N,0
29.90419,74.94553,300.94,0.4,0.6,2023-01-07,2002,N,VIIRS,n,2,276.43,17.08,N,0
29.90921,74.9547,310.62,0.4,0.6,2023-01-07,2002,N,VIIRS,n,2,277.87,3.61,N,2
29.90951,74.95041,332.48,0.4,0.6,2023-01-07,2002,N,VIIRS,n,2,279.65,3.61,N,2
29.90981,74.94613,334.52,0.4,0.6,2023-01-07,2002,N,VIIRS,n,2,283.78,17.08,N,2
29.9101,74.94185,356.87,0.4,0.6,2023-01-07,2002,N,VIIRS,n,2,279.42,17.08,N,0
29.91512,74.95099,301.65,0.4,0.6,2023-01-07,2002,N,VIIRS,n,2,278.53,2.2,N,0
29.91542,74.94671,305.33,0.4,0.6,2023-01-07,2002,N,VIIRS,n,2,278.03,2.11,N,0
29.66318,79.77155,302.17,0.42,0.45,2023-01-07,2002,N,VIIRS,n,2,277.54,0.4,N,0
29.66459,79.77016,298.9,0.42,0.45,2023-01-07,2002,N,VIIRS,n,2,278.2,0.29,N,0
27.18901,95.37347,309.76,0.35,0.57,2023-01-07,2002,N,VIIRS,n,2,284.58,0.74,N,0
29.97082,80.28575,296.23,0.39,0.44,2023-01-07,2002,N,VIIRS,n,2,279.41,0.55,N,0
29.85797,80.41251,321.99,0.39,0.44,2023-01-07,2002,N,VIIRS,n,2,278.72,2.0,N,0
27.31759,95.26817,316.69,0.34,0.56,2023-01-07,2002,N,VIIRS,n,2,284.34,2.06,N,0
27.31838,95.26471,325.76,0.34,0.56,2023-01-07,2002,N,VIIRS,n,2,284.23,2.93,N,0
29.89929,80.44389,319.44,0.39,0.44,2023-01-07,2002,N,VIIRS,n,2,276.58,2.31,N,0
31.41955,77.61575,305.31,0.58,0.52,2023-01-07,2002,N,VIIRS,n,2,273.28,1.08,N,0
29.93751,80.1117,301.74,0.4,0.44,2023-01-07,2002,N,VIIRS,n,2,278.66,0.81,N,0
29.90309,80.44627,296.69,0.39,0.44,2023-01-07,2002,N,VIIRS,n,2,273.39,0.63,N,0
29.99705,79.65621,297.94,0.43,0.46,2023-01-07,2002,N,VIIRS,n,2,279.83,0.57,N,0
29.99704,79.65307,296.63,0.43,0.46,2023-01-07,2002,N,VIIRS,n,2,279.89,1.28,N,0
29.85754,80.41624,303.57,0.39,0.44,2023-01-07,2002,N,VIIRS,n,2,277.14,0.76,N,0
29.97123,80.28211,302.76,0.39,0.44,2023-01-07,2002,N,VIIRS,n,2,278.76,0.91,N,0
27.29202,95.77528,305.68,0.37,0.58,2023-01-07,2002,N,VIIRS,n,2,285.12,0.8,N,0
30.02811,80.39635,302.75,0.39,0.44,2023-01-07,2002,N,VIIRS,n,2,277.3,1.65,N,0
30.02522,80.39122,302.71,0.39,0.44,2023-01-07,2002,N,VIIRS,n,2,277.91,1.76,N,0
23.68054,86.39413,311.33,0.41,0.37,2023-01-07,2003,N,VIIRS,n,2,287.21,2.25,N,2
23.67985,86.39811,311.2,0.41,0.37,2023-01-07,2003,N,VIIRS,n,2,288.33,2.02,N,2
23.66335,86.49409,309.43,0.41,0.37,2023-01-07,2003,N,VIIRS,n,2,284.2,1.22,N,0
23.61206,86.79001,300.09,0.42,0.38,2023-01-07,2003,N,VIIRS,n,2,285.42,1.27,N,2
23.82716,85.50226,299.0,0.39,0.36,2023-01-07,2003,N,VIIRS,n,2,286.38,1.23,N,2
23.67577,86.40143,302.38,0.41,0.37,2023-01-07,2003,N,VIIRS,n,2,288.41,1.41,N,2
23.82446,85.4978,312.55,0.39,0.36,2023-01-07,2003,N,VIIRS,n,2,289.38,1.87,N,2
23.66894,86.42069,312.32,0.41,0.37,2023-01-07,2003,N,VIIRS,n,2,285.76,1.36,N,0
23.82113,85.49715,296.73,0.39,0.36,2023-01-07,2003,N,VIIRS,n,2,286.11,0.75,N,2
23.66142,86.44398,295.16,0.41,0.37,2023-01-07,2003,N,VIIRS,n,2,284.86,0.77,N,2
23.51611,87.27277,298.11,0.44,0.38,2023-01-07,2003,N,VIIRS,n,2,285.16,0.73,N,2
23.75831,85.85373,315.77,0.4,0.37,2023-01-07,2003,N,VIIRS,n,2,288.1,2.26,N,2
23.51108,87.28059,296.35,0.44,0.38,2023-01-07,2003,N,VIIRS,n,2,284.65,1.03,N,0
23.84242,85.30517,295.95,0.39,0.36,2023-01-07,2003,N,VIIRS,n,2,279.03,0.36,N,2
23.80358,85.54099,295.51,0.39,0.36,2023-01-07,2003,N,VIIRS,n,2,283.35,0.84,N,0
23.75096,85.85629,299.16,0.4,0.37,2023-01-07,2003,N,VIIRS,n,2,288.64,1.9,N,2
23.8017,85.54099,297.9,0.39,0.36,2023-01-07,2003,N,VIIRS,n,2,284.48,0.95,N,0
23.50784,87.28116,299.4,0.44,0.38,2023-01-07,2003,N,VIIRS,n,2,285.94,0.61,N,2
23.88115,85.00902,308.33,0.39,0.36,2023-01-07,2003,N,VIIRS,n,2,282.59,0.95,N,0
23.48382,87.35619,295.84,0.44,0.39,2023-01-07,2003,N,VIIRS,n,2,284.84,0.47,N,2
23.48307,87.3605,298.59,0.44,0.39,2023-01-07,2003,N,VIIRS,n,2,287.69,0.94,N,2
23.68394,86.08484,327.17,0.4,0.37,2023-01-07,2003,N,VIIRS,n,2,284.4,1.57,N,2
23.6846,86.08092,295.13,0.4,0.37,2023-01-07,2003,N,VIIRS,n,2,281.84,1.57,N,2
23.68263,86.09267,310.68,0.4,0.37,2023-01-07,2003,N,VIIRS,n,2,286.43,1.55,N,2
23.68197,86.09659,295.4,0.4,0.37,2023-01-07,2003,N,VIIRS,n,2,284.03,1.32,N,2
23.68057,86.08417,306.5,0.4,0.37,2023-01-07,2003,N,VIIRS,n,2,285.0,1.57,N,2
23.67729,86.10375,317.56,0.4,0.37,2023-01-07,2003,N,VIIRS,n,2,285.77,1.62,N,2
23.67721,86.08349,323.21,0.4,0.37,2023-01-07,2003,N,VIIRS,n,2,286.5,1.87,N,2
24.20696,82.7062,297.54,0.41,0.37,2023-01-07,2003,N,VIIRS,n,2,280.3,0.69,N,2
24.20639,82.71015,295.44,0.41,0.37,2023-01-07,2003,N,VIIRS,n,2,280.93,0.56,N,2
24.20581,82.71414,298.8,0.41,0.37,2023-01-07,2003,N,VIIRS,n,2,281.73,0.56,N,2
23.67655,86.0874,307.93,0.4,0.37,2023-01-07,2003,N,VIIRS,n,2,285.96,1.49,N,2
23.66849,86.09389,298.29,0.4,0.37,2023-01-07,2003,N,VIIRS,n,2,284.61,0.61,N,2
23.63386,86.299,296.54,0.41,0.37,2023-01-07,2003,N,VIIRS,n,2,283.49,0.69,N,2
24.20524,82.52477,305.1,0.41,0.37,2023-01-07,2003,N,VIIRS,n,2,280.41,1.01,N,0
23.74554,85.50645,316.63,0.39,0.36,2023-01-07,2003,N,VIIRS,n,2,286.11,2.23,N,2
24.19086,82.57613,314.63,0.41,0.37,2023-01-07,2003,N,VIIRS,n,2,283.07,1.02,N,2
24.18745,82.57555,298.76,0.41,0.37,2023-01-07,2003,N,VIIRS,n,2,280.79,1.02,N,2
24.16562,82.6787,325.93,0.41,0.37,2023-01-07,2003,N,VIIRS,n,2,283.01,2.28,N,0
24.16869,82.55994,333.73,0.41,0.37,2023-01-07,2003,N,VIIRS,n,2,286.23,3.74,N,2
24.14855,82.70036,305.06,0.41,0.37,2023-01-07,2003,N,VIIRS,n,2,281.64,0.8,N,0
24.14798,82.70436,301.91,0.41,0.37,2023-01-07,2003,N,VIIRS,n,2,282.1,0.8,N,0
24.16527,82.55939,296.06,0.41,0.37,2023-01-07,2003,N,VIIRS,n,2,281.97,0.81,N,2
24.16185,82.55881,303.73,0.41,0.37,2023-01-07,2003,N,VIIRS,n,2,282.77,0.81,N,2
24.15552,82.60317,295.19,0.41,0.37,2023-01-07,2003,N,VIIRS,n,2,282.29,0.74,N,0
24.13836,82.69855,309.64,0.41,0.37,2023-01-07,2003,N,VIIRS,n,2,281.95,1.17,N,0
23.80823,84.84789,295.61,0.38,0.36,2023-01-07,2003,N,VIIRS,n,2,283.97,0.76,N,2
23.80566,84.84423,301.63,0.38,0.36,2023-01-07,2003,N,VIIRS,n,2,283.25,0.86,N,2
24.32647,81.32696,298.33,0.45,0.39,2023-01-07,2003,N,VIIRS,n,2,283.74,1.07,N,2
23.80235,84.84361,298.27,0.38,0.36,2023-01-07,2003,N,VIIRS,n,2,279.23,0.86,N,2
24.13685,82.56403,297.77,0.41,0.37,2023-01-07,2003,N,VIIRS,n,2,281.54,0.71,N,0
23.70889,85.29618,302.99,0.39,0.36,2023-01-07,2003,N,VIIRS,n,2,283.53,0.63,N,0
23.76069,86.39778,301.05,0.41,0.37,2023-01-07,2003,N,VIIRS,n,2,288.42,1.58,N,2
23.75935,86.40573,300.7,0.41,0.37,2023-01-07,2003,N,VIIRS,n,2,284.39,0.88,N,2
23.7573,86.3971,310.45,0.41,0.37,2023-01-07,2003,N,VIIRS,n,2,288.75,1.58,N,2
23.75662,86.40108,297.99,0.41,0.37,2023-01-07,2003,N,VIIRS,n,2,286.38,1.58,N,2
23.75393,86.41702,302.12,0.41,0.37,2023-01-07,2003,N,VIIRS,n,2,286.74,1.43,N,2
23.66792,86.9209,316.06,0.43,0.38,2023-01-07,2003,N,VIIRS,n,2,284.88,1.42,N,2
23.75053,86.41634,309.32,0.41,0.37,2023-01-07,2003,N,VIIRS,n,2,285.84,1.14,N,2
23.66518,86.91607,299.38,0.43,0.38,2023-01-07,2003,N,VIIRS,n,2,284.14,1.1,N,2
23.66447,86.9202,313.98,0.43,0.38,2023-01-07,2003,N,VIIRS,n,2,284.95,1.1,N,2
23.78193,86.2094,331.03,0.4,0.37,2023-01-07,2003,N,VIIRS,n,2,290.78,2.13,N,2
23.7826,86.20547,308.03,0.4,0.37,2023-01-07,2003,N,VIIRS,n,2,286.84,2.13,N,2
23.74578,86.42366,307.54,0.41,0.37,2023-01-07,2003,N,VIIRS,n,2,285.69,1.9,N,2
23.74238,86.42298,299.97,0.41,0.37,2023-01-07,2003,N,VIIRS,n,2,283.89,0.63,N,2
23.59102,87.30156,295.11,0.44,0.38,2023-01-07,2003,N,VIIRS,n,2,284.22,0.32,N,0
23.77518,86.20808,300.9,0.4,0.37,2023-01-07,2003,N,VIIRS,n,2,287.21,2.21,N,2
23.77451,86.21201,318.62,0.4,0.37,2023-01-07,2003,N,VIIRS,n,2,287.74,1.8,N,2
23.72606,86.49834,312.0,0.41,0.37,2023-01-07,2003,N,VIIRS,n,2,283.55,1.03,N,0
23.77313,86.19953,301.29,0.4,0.37,2023-01-07,2003,N,VIIRS,n,2,287.39,0.92,N,2
23.77246,86.20348,309.33,0.4,0.37,2023-01-07,2003,N,VIIRS,n,2,288.38,0.88,N,2
23.7718,86.20742,298.35,0.4,0.37,2023-01-07,2003,N,VIIRS,n,2,285.44,0.88,N,2
23.73558,86.42162,303.95,0.41,0.37,2023-01-07,2003,N,VIIRS,n,2,283.44,0.58,N,2
23.61073,87.14725,303.82,0.43,0.38,2023-01-07,2003,N,VIIRS,n,2,285.78,1.16,N,2
23.72947,86.4369,301.51,0.41,0.37,2023-01-07,2003,N,VIIRS,n,2,288.67,0.9,N,2
23.72744,86.44888,301.09,0.41,0.37,2023-01-07,2003,N,VIIRS,n,2,288.09,0.85,N,2
23.72539,86.44022,314.23,0.41,0.37,2023-01-07,2003,N,VIIRS,n,2,287.62,1.92,N,2
23.72063,86.44752,317.96,0.41,0.37,2023-01-07,2003,N,VIIRS,n,2,295.13,2.92,N,2
23.71791,86.44286,309.35,0.41,0.37,2023-01-07,2003,N,VIIRS,n,2,288.09,1.63,N,2
23.55871,87.23743,299.53,0.44,0.38,2023-01-07,2003,N,VIIRS,n,2,284.41,1.9,N,2
23.55445,87.24095,300.42,0.44,0.38,2023-01-07,2003,N,VIIRS,n,2,286.09,4.56,N,2
23.5502,87.24449,327.34,0.44,0.38,2023-01-07,2003,N,VIIRS,n,2,287.23,2.82,N,3
23.77212,85.93657,299.38,0.4,0.37,2023-01-07,2003,N,VIIRS,n,2,287.38,0.67,N,0
23.76931,85.91196,300.84,0.4,0.37,2023-01-07,2003,N,VIIRS,n,2,281.45,0.49,N,0
23.76866,85.91584,296.09,0.4,0.37,2023-01-07,2003,N,VIIRS,n,2,281.19,0.49,N,0
23.68869,86.38754,312.63,0.41,0.37,2023-01-07,2003,N,VIIRS,n,2,290.17,2.26,N,2
23.68801,86.39149,306.1,0.41,0.37,2023-01-07,2003,N,VIIRS,n,2,288.44,1.3,N,2
23.68461,86.39083,332.4,0.41,0.37,2023-01-07,2003,N,VIIRS,n,2,289.53,2.25,N,2
23.76339,86.38184,302.97,0.41,0.37,2023-01-07,2003,N,VIIRS,n,2,288.92,0.88,N,0
23.76002,86.40176,332.32,0.41,0.37,2023-01-07,2003,N,VIIRS,n,2,290.97,1.58,N,2
23.6727,86.93473,296.51,0.43,0.38,2023-01-07,2003,N,VIIRS,n,2,285.61,0.44,N,0
23.76072,86.41837,296.45,0.41,0.37,2023-01-07,2003,N,VIIRS,n,2,284.46,0.29,N,2
23.76476,86.39449,312.94,0.41,0.37,2023-01-07,2003,N,VIIRS,n,2,292.04,1.35,N,2
23.76543,86.39049,308.32,0.41,0.37,2023-01-07,2003,N,VIIRS,n,2,290.53,1.35,N,2
23.76812,86.37453,306.75,0.41,0.37,2023-01-07,2003,N,VIIRS,n,2,289.56,1.55,N,0
23.76816,86.39516,312.25,0.41,0.37,2023-01-07,2003,N,VIIRS,n,2,292.95,1.35,N,2
23.76883,86.39116,306.91,0.41,0.37,2023-01-07,2003,N,VIIRS,n,2,292.63,1.35,N,2
23.7695,86.38718,302.25,0.41,0.37,2023-01-07,2003,N,VIIRS,n,2,289.52,1.43,N,2
23.79485,86.23647,309.53,0.4,0.37,2023-01-07,2003,N,VIIRS,n,2,287.68,1.03,N,2
23.79551,86.23252,303.04,0.4,0.37,2023-01-07,2003,N,VIIRS,n,2,285.63,1.03,N,2
23.76711,86.40204,297.47,0.41,0.37,2023-01-07,2003,N,VIIRS,n,2,287.4,1.49,N,2
23.76848,86.39407,312.95,0.41,0.37,2023-01-07,2003,N,VIIRS,n,2,293.19,1.02,N,2
23.76917,86.39009,304.54,0.41,0.37,2023-01-07,2003,N,VIIRS,n,2,291.47,1.02,N,2
23.81621,86.96964,296.55,0.43,0.38,2023-01-07,2003,N,VIIRS,n,2,282.6,0.41,N,0
23.80239,87.04867,311.02,0.43,0.38,2023-01-07,2003,N,VIIRS,n,2,290.81,2.14,N,2
23.79892,87.04794,319.59,0.43,0.38,2023-01-07,2003,N,VIIRS,n,2,288.98,2.14,N,2
23.79451,87.07306,296.32,0.43,0.38,2023-01-07,2003,N,VIIRS,n,2,285.47,0.86,N,0
23.69503,87.12374,300.54,0.43,0.38,2023-01-07,2003,N,VIIRS,n,2,286.27,1.09,N,2
23.6945,87.10622,298.85,0.43,0.38,2023-01-07,2003,N,VIIRS,n,2,284.56,1.08,N,2
23.69376,87.11041,301.13,0.43,0.38,2023-01-07,2003,N,VIIRS,n,2,285.1,0.87,N,2
23.69302,87.11462,301.02,0.43,0.38,2023-01-07,2003,N,VIIRS,n,2,285.14,0.87,N,2
23.69155,87.12303,306.01,0.43,0.38,2023-01-07,2003,N,VIIRS,n,2,285.92,1.09,N,2
23.68807,87.12233,313.76,0.43,0.38,2023-01-07,2003,N,VIIRS,n,2,286.38,1.86,N,2
23.68902,87.09637,296.11,0.43,0.38,2023-01-07,2003,N,VIIRS,n,2,285.65,0.72,N,2
23.80989,86.31612,306.1,0.41,0.37,2023-01-07,2003,N,VIIRS,n,2,291.84,1.67,N,2
23.73514,86.75034,299.55,0.42,0.38,2023-01-07,2003,N,VIIRS,n,2,285.57,0.66,N,0
23.80448,86.32729,330.6,0.41,0.37,2023-01-07,2003,N,VIIRS,n,2,293.69,1.83,N,2
23.8065,86.31544,305.57,0.41,0.37,2023-01-07,2003,N,VIIRS,n,2,291.89,1.32,N,2
23.80515,86.32335,307.24,0.41,0.37,2023-01-07,2003,N,VIIRS,n,2,290.71,1.83,N,2
23.8038,86.33125,318.7,0.41,0.37,2023-01-07,2003,N,VIIRS,n,2,288.82,2.47,N,2
23.80311,86.31477,300.37,0.41,0.37,2023-01-07,2003,N,VIIRS,n,2,288.47,1.32,N,2
23.80177,86.32267,315.27,0.41,0.37,2023-01-07,2003,N,VIIRS,n,2,287.94,1.83,N,2
23.80109,86.32661,299.47,0.41,0.37,2023-01-07,2003,N,VIIRS,n,2,289.35,1.83,N,2
23.79838,86.34251,301.2,0.41,0.37,2023-01-07,2003,N,VIIRS,n,2,288.26,1.3,N,2
23.79702,86.35044,304.13,0.41,0.37,2023-01-07,2003,N,VIIRS,n,2,289.16,1.8,N,2
23.79634,86.35441,302.13,0.41,0.37,2023-01-07,2003,N,VIIRS,n,2,287.09,0.78,N,2
23.79363,86.34977,321.35,0.41,0.37,2023-01-07,2003,N,VIIRS,n,2,291.74,3.75,N,2
23.79295,86.35373,341.88,0.41,0.37,2023-01-07,2003,N,VIIRS,n,2,293.32,2.76,N,2
23.79023,86.36961,301.94,0.41,0.37,2023-01-07,2003,N,VIIRS,n,2,287.56,1.5,N,2
23.78956,86.35304,304.01,0.41,0.37,2023-01-07,2003,N,VIIRS,n,2,287.32,2.76,N,2
23.78275,86.39278,317.09,0.41,0.37,2023-01-07,2003,N,VIIRS,n,2,289.65,1.0,N,2
23.78206,86.39677,298.53,0.41,0.37,2023-01-07,2003,N,VIIRS,n,2,285.39,1.0,N,2
23.78276,86.37224,301.54,0.41,0.37,2023-01-07,2003,N,VIIRS,n,2,287.12,1.15,N,2
23.78004,86.38811,298.87,0.41,0.37,2023-01-07,2003,N,VIIRS,n,2,286.41,1.24,N,2
23.77664,86.38744,317.78,0.41,0.37,2023-01-07,2003,N,VIIRS,n,2,290.03,1.24,N,2
23.77596,86.39143,305.21,0.41,0.37,2023-01-07,2003,N,VIIRS,n,2,290.05,1.32,N,2
23.78754,86.30347,301.99,0.41,0.37,2023-01-07,2003,N,VIIRS,n,2,285.83,1.13,N,2
23.78686,86.30743,308.44,0.41,0.37,2023-01-07,2003,N,VIIRS,n,2,287.35,1.13,N,2
23.78007,86.34707,319.78,0.41,0.37,2023-01-07,2003,N,VIIRS,n,2,289.62,2.67,N,2
23.77734,86.36294,298.72,0.41,0.37,2023-01-07,2003,N,VIIRS,n,2,287.86,1.29,N,0
23.77325,86.38677,306.31,0.41,0.37,2023-01-07,2003,N,VIIRS,n,2,289.17,0.94,N,2
23.77256,86.39076,304.37,0.41,0.37,2023-01-07,2003,N,VIIRS,n,2,290.35,1.02,N,2
23.77188,86.39474,300.24,0.41,0.37,2023-01-07,2003,N,VIIRS,n,2,289.02,1.02,N,2
23.79565,86.23558,306.84,0.4,0.37,2023-01-07,2003,N,VIIRS,n,2,286.65,1.46,N,2
23.76985,86.38611,299.96,0.41,0.37,2023-01-07,2003,N,VIIRS,n,2,287.96,0.94,N,2
23.72978,85.01974,297.8,0.39,0.36,2023-01-07,2003,N,VIIRS,n,2,281.79,0.62,N,2
23.73249,85.02413,300.0,0.39,0.36,2023-01-07,2003,N,VIIRS,n,2,282.67,0.9,N,2
23.73762,85.01346,304.14,0.39,0.36,2023-01-07,2003,N,VIIRS,n,2,288.12,1.44,N,2
23.73823,85.0097,314.45,0.39,0.36,2023-01-07,2003,N,VIIRS,n,2,285.76,1.44,N,2
23.65069,85.56777,299.3,0.39,0.36,2023-01-07,2003,N,VIIRS,n,2,283.4,0.4,N,0
23.69809,85.27849,295.81,0.39,0.36,2023-01-07,2003,N,VIIRS,n,2,285.21,0.57,N,2
23.6987,85.2747,295.16,0.39,0.36,2023-01-07,2003,N,VIIRS,n,2,282.88,0.57,N,2
23.74093,85.01408,297.59,0.39,0.36,2023-01-07,2003,N,VIIRS,n,2,285.68,0.63,N,2
23.74154,85.01032,308.05,0.39,0.36,2023-01-07,2003,N,VIIRS,n,2,284.65,0.63,N,2
23.80805,87.03683,297.71,0.43,0.38,2023-01-07,2003,N,VIIRS,n,2,285.91,0.75,N,2
24.11889,86.35445,299.4,0.41,0.37,2023-01-07,2003,N,VIIRS,n,2,282.75,0.63,N,2
24.11956,86.35048,296.94,0.41,0.37,2023-01-07,2003,N,VIIRS,n,2,282.78,0.63,N,0
24.13241,86.35719,306.76,0.41,0.37,2023-01-07,2003,N,VIIRS,n,2,282.11,1.03,N,0
26.26771,74.18864,302.56,0.41,0.61,2023-01-07,2003,N,VIIRS,n,2,287.4,0.74,N,2
26.27337,74.18922,298.02,0.41,0.61,2023-01-07,2003,N,VIIRS,n,2,287.37,0.74,N,2
26.27032,74.18633,297.87,0.41,0.61,2023-01-07,2003,N,VIIRS,n,2,287.48,1.37,N,0
26.29803,74.12423,297.48,0.42,0.61,2023-01-07,2003,N,VIIRS,n,2,286.58,0.77,N,2
26.63972,79.47733,295.6,0.4,0.44,2023-01-07,2003,N,VIIRS,n,2,277.57,0.48,N,2
26.6438,79.47793,303.58,0.4,0.44,2023-01-07,2003,N,VIIRS,n,2,277.36,0.48,N,2
23.77869,86.37552,298.17,0.41,0.37,2023-01-07,2003,N,VIIRS,n,2,286.33,0.46,N,2
23.77937,86.37155,316.24,0.41,0.37,2023-01-07,2003,N,VIIRS,n,2,288.53,1.15,N,2
23.78345,86.34774,309.04,0.41,0.37,2023-01-07,2003,N,VIIRS,n,2,286.44,1.14,N,2
23.78481,86.33981,298.34,0.41,0.37,2023-01-07,2003,N,VIIRS,n,2,287.2,1.05,N,2
23.7855,86.33584,312.49,0.41,0.37,2023-01-07,2003,N,VIIRS,n,2,290.24,1.05,N,2
23.78618,86.33186,314.84,0.41,0.37,2023-01-07,2003,N,VIIRS,n,2,289.7,2.09,N,2
23.78889,86.31602,300.8,0.41,0.37,2023-01-07,2003,N,VIIRS,n,2,289.98,1.06,N,0
23.77867,86.3961,308.66,0.41,0.37,2023-01-07,2003,N,VIIRS,n,2,287.88,1.32,N,2
23.77935,86.39211,310.4,0.41,0.37,2023-01-07,2003,N,VIIRS,n,2,290.61,1.32,N,2
23.72891,85.00404,298.47,0.39,0.36,2023-01-07,2003,N,VIIRS,n,2,278.42,0.45,N,2
23.62469,85.64179,295.59,0.39,0.36,2023-01-07,2003,N,VIIRS,n,2,281.33,0.23,N,2
23.72108,85.01031,302.34,0.39,0.36,2023-01-07,2003,N,VIIRS,n,2,280.93,1.04,N,2
23.6188,85.42769,295.5,0.39,0.36,2023-01-07,2003,N,VIIRS,n,2,280.75,0.31,N,0
23.76137,86.39381,310.88,0.41,0.37,2023-01-07,2003,N,VIIRS,n,2,291.24,2.13,N,2
23.68394,86.3948,335.44,0.41,0.37,2023-01-07,2003,N,VIIRS,n,2,287.83,2.25,N,2
23.61551,86.7907,308.39,0.42,0.38,2023-01-07,2003,N,VIIRS,n,2,286.35,1.27,N,2
23.56312,87.08946,298.22,0.43,0.38,2023-01-07,2003,N,VIIRS,n,2,284.6,0.75,N,2
23.68122,86.39015,300.68,0.41,0.37,2023-01-07,2003,N,VIIRS,n,2,285.42,2.25,N,2
22.36514,87.30054,313.43,0.45,0.39,2023-01-07,2004,N,VIIRS,n,2,288.37,2.61,N,2
22.5928,85.90363,308.98,0.4,0.37,2023-01-07,2004,N,VIIRS,n,2,285.36,1.36,N,2
22.58876,85.90686,308.19,0.4,0.37,2023-01-07,2004,N,VIIRS,n,2,284.8,0.83,N,2
22.36744,87.01931,298.98,0.44,0.38,2023-01-07,2004,N,VIIRS,n,2,284.94,1.1,N,2
22.36392,87.0186,302.91,0.44,0.38,2023-01-07,2004,N,VIIRS,n,2,286.1,1.1,N,2
22.3604,87.01789,298.82,0.44,0.38,2023-01-07,2004,N,VIIRS,n,2,286.01,1.1,N,2
22.06562,88.12244,295.06,0.5,0.41,2023-01-07,2004,N,VIIRS,n,2,283.54,0.14,N,2
22.05358,88.12489,337.25,0.5,0.41,2023-01-07,2004,N,VIIRS,n,2,293.71,6.0,N,2
22.04971,88.10416,330.77,0.5,0.41,2023-01-07,2004,N,VIIRS,n,2,288.69,4.73,N,2
22.05352,88.12291,327.71,0.5,0.41,2023-01-07,2004,N,VIIRS,n,2,291.14,3.0,N,2
22.05265,88.12772,325.18,0.5,0.41,2023-01-07,2004,N,VIIRS,n,2,289.23,3.0,N,2
22.04954,88.10213,334.25,0.5,0.41,2023-01-07,2004,N,VIIRS,n,2,288.18,5.22,N,2
22.13135,85.41495,295.97,0.4,0.37,2023-01-07,2004,N,VIIRS,n,2,280.07,0.88,N,2
22.13308,85.38378,297.19,0.4,0.37,2023-01-07,2004,N,VIIRS,n,2,280.72,0.34,N,2
22.21482,84.86601,296.08,0.39,0.36,2023-01-07,2004,N,VIIRS,n,2,283.6,0.66,N,2
22.21421,84.86976,318.27,0.39,0.36,2023-01-07,2004,N,VIIRS,n,2,284.49,2.47,N,2
22.21211,84.86164,295.85,0.39,0.36,2023-01-07,2004,N,VIIRS,n,2,285.39,0.66,N,2
22.2115,84.86539,303.94,0.39,0.36,2023-01-07,2004,N,VIIRS,n,2,285.85,0.66,N,2
22.20906,84.88037,296.05,0.39,0.36,2023-01-07,2004,N,VIIRS,n,2,282.85,1.35,N,2
22.20879,84.86102,302.31,0.39,0.36,2023-01-07,2004,N,VIIRS,n,2,285.45,1.07,N,2
22.20757,84.86852,297.09,0.39,0.36,2023-01-07,2004,N,VIIRS,n,2,284.75,0.64,N,2
22.20791,84.84543,323.28,0.39,0.36,2023-01-07,2004,N,VIIRS,n,2,282.73,2.38,N,2
22.22189,84.75942,301.61,0.39,0.36,2023-01-07,2004,N,VIIRS,n,2,282.33,0.72,N,2
22.20398,84.84855,295.38,0.39,0.36,2023-01-07,2004,N,VIIRS,n,2,282.12,0.49,N,2
22.05619,85.46478,303.49,0.4,0.37,2023-01-07,2004,N,VIIRS,n,2,282.97,0.91,N,2
22.05284,85.46415,302.37,0.4,0.37,2023-01-07,2004,N,VIIRS,n,2,281.5,0.91,N,2
22.08328,84.86151,297.43,0.39,0.36,2023-01-07,2004,N,VIIRS,n,2,281.56,0.55,N,2
21.99281,85.32634,296.17,0.4,0.37,2023-01-07,2004,N,VIIRS,n,2,281.39,0.63,N,3
21.99094,85.32672,300.21,0.4,0.37,2023-01-07,2004,N,VIIRS,n,2,280.87,0.5,N,2
21.96878,85.31465,299.09,0.4,0.37,2023-01-07,2004,N,VIIRS,n,2,281.12,0.56,N,2
22.33579,82.64954,300.95,0.4,0.37,2023-01-07,2004,N,VIIRS,n,2,285.77,0.54,N,2
21.92912,85.22086,312.94,0.39,0.36,2023-01-07,2004,N,VIIRS,n,2,283.32,1.65,N,2
22.3154,82.74064,320.3,0.4,0.37,2023-01-07,2004,N,VIIRS,n,2,285.59,1.73,N,0
22.32508,82.67532,302.99,0.4,0.37,2023-01-07,2004,N,VIIRS,n,2,285.02,0.66,N,2
22.33195,82.60533,303.27,0.4,0.37,2023-01-07,2004,N,VIIRS,n,2,287.03,0.72,N,2
22.32399,82.65933,309.76,0.4,0.37,2023-01-07,2004,N,VIIRS,n,2,285.63,0.64,N,2
22.32342,82.66319,296.98,0.4,0.37,2023-01-07,2004,N,VIIRS,n,2,284.36,0.64,N,2
22.33314,82.57381,308.07,0.4,0.37,2023-01-07,2004,N,VIIRS,n,2,284.95,0.76,N,0
22.33207,82.53396,298.5,0.4,0.37,2023-01-07,2004,N,VIIRS,n,2,286.34,0.54,N,2
22.32412,82.58815,296.99,0.4,0.37,2023-01-07,2004,N,VIIRS,n,2,285.62,1.0,N,0
22.32298,82.59589,297.85,0.4,0.37,2023-01-07,2004,N,VIIRS,n,2,285.98,0.48,N,0
22.31565,82.5236,304.4,0.4,0.37,2023-01-07,2004,N,VIIRS,n,2,288.21,0.86,N,2
22.26266,82.55421,296.51,0.4,0.37,2023-01-07,2004,N,VIIRS,n,2,284.08,0.61,N,0
22.11054,83.56007,297.55,0.39,0.36,2023-01-07,2004,N,VIIRS,n,2,282.03,0.83,N,0
22.25929,82.55363,307.87,0.4,0.37,2023-01-07,2004,N,VIIRS,n,2,284.25,0.61,N,0
22.10577,83.5248,301.87,0.39,0.36,2023-01-07,2004,N,VIIRS,n,2,285.5,1.26,N,0
22.05758,83.72618,307.65,0.38,0.36,2023-01-07,2004,N,VIIRS,n,2,286.26,1.29,N,2
22.04204,83.73864,306.22,0.38,0.36,2023-01-07,2004,N,VIIRS,n,2,286.38,1.89,N,2
22.03657,83.73005,297.78,0.38,0.36,2023-01-07,2004,N,VIIRS,n,2,281.33,0.84,N,0
22.03096,83.74428,296.47,0.38,0.36,2023-01-07,2004,N,VIIRS,n,2,284.88,1.11,N,2
22.02434,83.76649,311.63,0.38,0.36,2023-01-07,2004,N,VIIRS,n,2,287.09,1.68,N,0
22.03741,83.3524,302.39,0.39,0.36,2023-01-07,2004,N,VIIRS,n,2,283.84,0.81,N,2
22.03295,83.35928,299.99,0.39,0.36,2023-01-07,2004,N,VIIRS,n,2,284.42,0.96,N,2
22.03237,83.36301,298.44,0.39,0.36,2023-01-07,2004,N,VIIRS,n,2,284.97,1.35,N,2
22.02287,83.38049,313.93,0.39,0.36,2023-01-07,2004,N,VIIRS,n,2,287.29,1.93,N,2
22.00707,83.32788,295.49,0.39,0.36,2023-01-07,2004,N,VIIRS,n,2,282.64,0.6,N,2
21.98521,83.23257,316.55,0.39,0.36,2023-01-07,2004,N,VIIRS,n,2,289.59,1.82,N,2
21.86109,83.96608,296.36,0.38,0.36,2023-01-07,2004,N,VIIRS,n,2,282.7,0.48,N,0
21.85778,83.96548,297.76,0.38,0.36,2023-01-07,2004,N,VIIRS,n,2,283.58,0.76,N,0
21.92256,83.352,324.04,0.39,0.36,2023-01-07,2004,N,VIIRS,n,2,292.29,2.38,N,2
21.92485,83.33707,297.63,0.39,0.36,2023-01-07,2004,N,VIIRS,n,2,283.65,1.76,N,2
21.92428,83.34081,303.33,0.39,0.36,2023-01-07,2004,N,VIIRS,n,2,287.33,1.76,N,2
21.92314,83.34827,300.3,0.39,0.36,2023-01-07,2004,N,VIIRS,n,2,288.2,1.81,N,2
21.82279,83.99338,297.95,0.38,0.36,2023-01-07,2004,N,VIIRS,n,2,282.74,0.41,N,0
21.91925,83.35141,320.59,0.39,0.36,2023-01-07,2004,N,VIIRS,n,2,292.34,1.69,N,2
21.91982,83.34768,301.78,0.39,0.36,2023-01-07,2004,N,VIIRS,n,2,286.33,1.08,N,2
21.91536,83.35455,304.32,0.39,0.36,2023-01-07,2004,N,VIIRS,n,2,285.14,1.69,N,2
21.87894,83.54678,301.53,0.39,0.36,2023-01-07,2004,N,VIIRS,n,2,284.4,0.66,N,2
21.87779,83.5542,306.69,0.39,0.36,2023-01-07,2004,N,VIIRS,n,2,283.78,1.1,N,2
22.00508,82.66955,324.99,0.4,0.37,2023-01-07,2004,N,VIIRS,n,2,289.63,2.48,N,2
22.00173,82.66897,296.24,0.4,0.37,2023-01-07,2004,N,VIIRS,n,2,285.34,0.96,N,2
21.87646,83.49673,303.79,0.39,0.36,2023-01-07,2004,N,VIIRS,n,2,284.94,0.72,N,2
21.79634,83.98859,300.35,0.38,0.36,2023-01-07,2004,N,VIIRS,n,2,283.72,0.6,N,0
21.80544,83.88758,299.96,0.38,0.36,2023-01-07,2004,N,VIIRS,n,2,286.99,0.56,N,2
21.77068,84.02197,302.19,0.38,0.36,2023-01-07,2004,N,VIIRS,n,2,285.24,1.1,N,2
21.76806,84.01819,317.39,0.38,0.36,2023-01-07,2004,N,VIIRS,n,2,291.13,1.57,N,2
21.76689,84.02558,297.95,0.38,0.36,2023-01-07,2004,N,VIIRS,n,2,284.03,0.45,N,2
21.76476,84.01759,313.1,0.38,0.36,2023-01-07,2004,N,VIIRS,n,2,290.07,1.57,N,2
21.76417,84.02129,303.9,0.38,0.36,2023-01-07,2004,N,VIIRS,n,2,288.2,1.57,N,2
21.76359,84.02498,300.99,0.38,0.36,2023-01-07,2004,N,VIIRS,n,2,286.1,0.45,N,2
21.76086,84.02069,301.29,0.38,0.36,2023-01-07,2004,N,VIIRS,n,2,289.3,1.89,N,2
21.75698,84.02379,304.13,0.38,0.36,2023-01-07,2004,N,VIIRS,n,2,289.91,1.31,N,2
21.75367,84.02319,301.19,0.38,0.36,2023-01-07,2004,N,VIIRS,n,2,287.08,0.93,N,2
21.78003,83.8341,301.39,0.38,0.36,2023-01-07,2004,N,VIIRS,n,2,287.04,1.1,N,2
21.77458,83.82551,300.85,0.38,0.36,2023-01-07,2004,N,VIIRS,n,2,286.25,0.85,N,2
21.76176,83.84222,312.37,0.38,0.36,2023-01-07,2004,N,VIIRS,n,2,283.64,1.02,N,2
21.75845,83.84162,300.12,0.38,0.36,2023-01-07,2004,N,VIIRS,n,2,285.99,1.02,N,2
21.75514,83.84103,305.76,0.38,0.36,2023-01-07,2004,N,VIIRS,n,2,286.18,1.04,N,2
21.73306,83.98146,297.64,0.38,0.36,2023-01-07,2004,N,VIIRS,n,2,287.37,1.06,N,0
21.75532,83.81826,318.53,0.38,0.36,2023-01-07,2004,N,VIIRS,n,2,286.09,1.56,N,0
21.75201,83.81767,305.27,0.38,0.36,2023-01-07,2004,N,VIIRS,n,2,286.19,1.38,N,0
21.74465,83.84294,295.57,0.38,0.36,2023-01-07,2004,N,VIIRS,n,2,285.51,0.61,N,0
21.69786,84.03209,302.63,0.38,0.36,2023-01-07,2004,N,VIIRS,n,2,285.38,0.73,N,0
21.68289,84.04078,308.38,0.38,0.36,2023-01-07,2004,N,VIIRS,n,2,286.98,1.32,N,2
21.68016,84.03649,296.97,0.38,0.36,2023-01-07,2004,N,VIIRS,n,2,284.36,1.25,N,2
21.67958,84.04018,317.07,0.38,0.36,2023-01-07,2004,N,VIIRS,n,2,289.3,1.32,N,2
21.96713,82.07027,296.93,0.41,0.37,2023-01-07,2004,N,VIIRS,n,2,284.95,0.66,N,0
21.73043,82.21324,305.83,0.4,0.37,2023-01-07,2004,N,VIIRS,n,2,288.63,1.43,N,2
21.67329,82.08057,301.94,0.41,0.37,2023-01-07,2004,N,VIIRS,n,2,286.83,0.96,N,2
20.83787,86.96014,297.31,0.46,0.39,2023-01-07,2004,N,VIIRS,n,2,286.61,1.29,N,0
20.83711,86.96451,313.53,0.46,0.39,2023-01-07,2004,N,VIIRS,n,2,289.72,2.36,N,0
20.83353,86.96379,325.29,0.46,0.39,2023-01-07,2004,N,VIIRS,n,2,287.35,2.36,N,0
20.99779,86.00862,296.72,0.42,0.38,2023-01-07,2004,N,VIIRS,n,2,285.05,0.69,N,0
20.82996,86.96307,304.0,0.46,0.39,2023-01-07,2004,N,VIIRS,n,2,286.43,1.08,N,0
20.97373,86.00397,304.21,0.42,0.38,2023-01-07,2004,N,VIIRS,n,2,289.6,1.86,N,2
20.96893,86.01132,305.3,0.42,0.38,2023-01-07,2004,N,VIIRS,n,2,290.41,1.64,N,2
20.96825,86.01534,302.74,0.42,0.38,2023-01-07,2004,N,VIIRS,n,2,290.41,1.37,N,2
20.96274,86.00596,324.44,0.42,0.38,2023-01-07,2004,N,VIIRS,n,2,286.64,2.65,N,2
20.95176,86.04944,330.11,0.42,0.38,2023-01-07,2004,N,VIIRS,n,2,291.53,4.03,N,2
20.94349,86.05619,311.73,0.42,0.38,2023-01-07,2004,N,VIIRS,n,2,288.46,1.58,N,2
21.5772,82.02119,303.23,0.41,0.37,2023-01-07,2004,N,VIIRS,n,2,289.24,1.25,N,2
20.92422,86.04415,302.18,0.42,0.38,2023-01-07,2004,N,VIIRS,n,2,286.62,0.91,N,0
21.08072,85.03561,300.54,0.39,0.37,2023-01-07,2004,N,VIIRS,n,2,287.61,0.97,N,2
21.0801,85.03939,309.28,0.39,0.37,2023-01-07,2004,N,VIIRS,n,2,286.26,0.97,N,2
21.07613,85.04254,340.9,0.39,0.37,2023-01-07,2004,N,VIIRS,n,2,289.36,4.99,N,2
21.07801,85.0312,296.11,0.39,0.37,2023-01-07,2004,N,VIIRS,n,2,283.53,0.49,N,2
21.07738,85.03499,300.22,0.39,0.37,2023-01-07,2004,N,VIIRS,n,2,289.22,0.97,N,2
21.07675,85.03876,313.42,0.39,0.37,2023-01-07,2004,N,VIIRS,n,2,287.25,0.97,N,2
21.07278,85.04192,305.98,0.39,0.37,2023-01-07,2004,N,VIIRS,n,2,286.16,0.97,N,2
21.54596,81.94733,297.47,0.41,0.37,2023-01-07,2004,N,VIIRS,n,2,286.9,0.74,N,2
21.54255,81.94675,297.83,0.41,0.37,2023-01-07,2004,N,VIIRS,n,2,287.09,0.74,N,2
21.543,81.94808,302.84,0.41,0.37,2023-01-07,2004,N,VIIRS,n,2,286.95,1.39,N,2
20.97817,85.14613,317.52,0.4,0.37,2023-01-07,2004,N,VIIRS,n,2,288.24,1.63,N,2
20.97501,85.16515,308.5,0.4,0.37,2023-01-07,2004,N,VIIRS,n,2,289.26,1.11,N,2
20.97438,85.16894,302.52,0.4,0.37,2023-01-07,2004,N,VIIRS,n,2,287.55,1.11,N,2
20.97734,85.1303,297.6,0.4,0.37,2023-01-07,2004,N,VIIRS,n,2,287.49,0.66,N,2
20.97608,85.1379,301.21,0.4,0.37,2023-01-07,2004,N,VIIRS,n,2,286.69,1.05,N,2
20.97102,85.16831,310.44,0.4,0.37,2023-01-07,2004,N,VIIRS,n,2,290.26,1.32,N,2
20.96893,85.16007,321.32,0.4,0.37,2023-01-07,2004,N,VIIRS,n,2,289.85,1.91,N,2
20.97146,85.14486,310.57,0.4,0.37,2023-01-07,2004,N,VIIRS,n,2,286.36,1.75,N,2
20.97083,85.14867,311.63,0.4,0.37,2023-01-07,2004,N,VIIRS,n,2,286.35,1.37,N,2
20.96767,85.16767,300.62,0.4,0.37,2023-01-07,2004,N,VIIRS,n,2,287.5,1.32,N,2
20.9664,85.17526,312.49,0.4,0.37,2023-01-07,2004,N,VIIRS,n,2,288.97,2.07,N,2
20.96577,85.17907,317.57,0.4,0.37,2023-01-07,2004,N,VIIRS,n,2,289.35,0.9,N,2
20.96513,85.18288,303.57,0.4,0.37,2023-01-07,2004,N,VIIRS,n,2,287.99,0.9,N,2
20.9645,85.18668,301.35,0.4,0.37,2023-01-07,2004,N,VIIRS,n,2,288.13,1.24,N,2
20.96386,85.19051,318.25,0.4,0.37,2023-01-07,2004,N,VIIRS,n,2,291.06,1.24,N,2
20.96368,85.17083,332.12,0.4,0.37,2023-01-07,2004,N,VIIRS,n,2,294.17,2.58,N,2
20.96305,85.17464,336.69,0.4,0.37,2023-01-07,2004,N,VIIRS,n,2,294.69,2.58,N,2
20.96621,85.15563,300.39,0.4,0.37,2023-01-07,2004,N,VIIRS,n,2,286.88,0.61,N,2
20.96558,85.15943,299.37,0.4,0.37,2023-01-07,2004,N,VIIRS,n,2,285.85,0.61,N,2
20.96431,85.16704,318.26,0.4,0.37,2023-01-07,2004,N,VIIRS,n,2,290.38,1.1,N,2
20.96241,85.17844,313.01,0.4,0.37,2023-01-07,2004,N,VIIRS,n,2,291.06,1.64,N,2
20.9605,85.18987,302.05,0.4,0.37,2023-01-07,2004,N,VIIRS,n,2,288.73,1.1,N,2
21.48852,81.76816,296.29,0.41,0.37,2023-01-07,2004,N,VIIRS,n,2,283.78,0.57,N,2
20.96096,85.1664,297.62,0.4,0.37,2023-01-07,2004,N,VIIRS,n,2,287.33,1.1,N,2
20.96032,85.17019,297.57,0.4,0.37,2023-01-07,2004,N,VIIRS,n,2,287.56,2.58,N,2
20.95969,85.174,316.24,0.4,0.37,2023-01-07,2004,N,VIIRS,n,2,289.32,2.58,N,2
20.95842,85.18161,301.99,0.4,0.37,2023-01-07,2004,N,VIIRS,n,2,290.47,1.64,N,2
20.95778,85.18542,304.7,0.4,0.37,2023-01-07,2004,N,VIIRS,n,2,289.97,1.1,N,2
20.96393,85.12775,297.14,0.4,0.37,2023-01-07,2004,N,VIIRS,n,2,285.47,0.8,N,0
20.96329,85.13158,302.49,0.4,0.37,2023-01-07,2004,N,VIIRS,n,2,285.48,0.45,N,0
20.95804,85.14236,297.11,0.4,0.37,2023-01-07,2004,N,VIIRS,n,2,285.54,0.31,N,2
20.95741,85.14613,296.33,0.4,0.37,2023-01-07,2004,N,VIIRS,n,2,286.18,0.51,N,2
20.94749,85.00763,296.61,0.39,0.37,2023-01-07,2004,N,VIIRS,n,2,286.38,0.77,N,2
21.39082,81.64577,301.87,0.42,0.38,2023-01-07,2004,N,VIIRS,n,2,286.38,0.98,N,2
20.87453,84.99001,300.33,0.39,0.37,2023-01-07,2004,N,VIIRS,n,2,287.0,0.56,N,2
20.87055,84.99317,318.34,0.39,0.37,2023-01-07,2004,N,VIIRS,n,2,290.94,1.67,N,2
21.38221,81.65672,302.12,0.42,0.37,2023-01-07,2004,N,VIIRS,n,2,286.06,0.7,N,2
21.37876,81.68083,306.73,0.42,0.37,2023-01-07,2004,N,VIIRS,n,2,287.95,1.24,N,2
20.86784,84.98875,304.54,0.39,0.37,2023-01-07,2004,N,VIIRS,n,2,287.4,1.67,N,2
20.86658,84.99634,298.72,0.4,0.37,2023-01-07,2004,N,VIIRS,n,2,287.69,0.8,N,2
21.37532,81.68027,305.7,0.42,0.37,2023-01-07,2004,N,VIIRS,n,2,288.74,1.17,N,2
20.86386,84.99193,309.36,0.39,0.37,2023-01-07,2004,N,VIIRS,n,2,289.04,1.34,N,2
20.86323,84.99572,297.95,0.4,0.37,2023-01-07,2004,N,VIIRS,n,2,285.58,0.62,N,2
21.37761,81.63947,299.6,0.42,0.38,2023-01-07,2004,N,VIIRS,n,2,285.66,1.32,N,2
21.37589,81.65156,298.02,0.42,0.37,2023-01-07,2004,N,VIIRS,n,2,285.76,0.6,N,0
21.37131,81.68372,304.48,0.42,0.37,2023-01-07,2004,N,VIIRS,n,2,287.64,1.17,N,2
21.37014,81.64236,303.29,0.42,0.38,2023-01-07,2004,N,VIIRS,n,2,285.34,0.92,N,2
21.36499,81.67858,302.63,0.42,0.37,2023-01-07,2004,N,VIIRS,n,2,287.59,1.51,N,2
20.80934,85.25604,313.75,0.4,0.37,2023-01-07,2004,N,VIIRS,n,2,290.74,2.04,N,2
21.36621,81.68019,298.21,0.42,0.37,2023-01-07,2004,N,VIIRS,n,2,287.71,1.31,N,2
20.80848,85.25684,319.95,0.4,0.37,2023-01-07,2004,N,VIIRS,n,2,291.88,2.58,N,2
20.80511,85.2562,325.68,0.4,0.37,2023-01-07,2004,N,VIIRS,n,2,290.19,2.58,N,2
21.36805,81.64346,296.46,0.42,0.37,2023-01-07,2004,N,VIIRS,n,2,283.76,0.85,N,2
21.36402,81.64692,301.97,0.42,0.37,2023-01-07,2004,N,VIIRS,n,2,286.76,0.58,N,2
21.36344,81.65094,297.42,0.42,0.37,2023-01-07,2004,N,VIIRS,n,2,287.03,0.58,N,2
21.35999,81.65037,297.6,0.42,0.37,2023-01-07,2004,N,VIIRS,n,2,286.35,0.58,N,2
20.79774,85.25874,316.41,0.4,0.37,2023-01-07,2004,N,VIIRS,n,2,287.88,1.87,N,2
20.79501,85.25427,334.06,0.4,0.37,2023-01-07,2004,N,VIIRS,n,2,288.75,2.64,N,2
20.79165,85.25364,305.93,0.4,0.37,2023-01-07,2004,N,VIIRS,n,2,289.62,2.64,N,2
20.79101,85.25748,298.83,0.4,0.37,2023-01-07,2004,N,VIIRS,n,2,288.69,1.69,N,2
20.7891,85.26897,297.18,0.4,0.37,2023-01-07,2004,N,VIIRS,n,2,285.57,0.85,N,2
21.34732,81.66473,307.15,0.42,0.37,2023-01-07,2004,N,VIIRS,n,2,287.56,1.16,N,2
20.78701,85.26068,305.37,0.4,0.37,2023-01-07,2004,N,VIIRS,n,2,289.43,1.2,N,2
20.78637,85.2645,312.51,0.4,0.37,2023-01-07,2004,N,VIIRS,n,2,289.44,1.83,N,2
21.34271,81.67218,302.58,0.42,0.37,2023-01-07,2004,N,VIIRS,n,2,284.06,0.85,N,2
20.78428,85.25622,298.01,0.4,0.37,2023-01-07,2004,N,VIIRS,n,2,286.41,1.2,N,2
21.37143,81.44923,295.92,0.42,0.38,2023-01-07,2004,N,VIIRS,n,2,285.44,0.46,N,0
20.76106,85.29131,311.82,0.4,0.37,2023-01-07,2004,N,VIIRS,n,2,287.54,1.67,N,0
21.32448,81.57856,296.69,0.42,0.38,2023-01-07,2004,N,VIIRS,n,2,283.7,0.59,N,0
20.69944,85.55469,297.22,0.41,0.37,2023-01-07,2004,N,VIIRS,n,2,286.22,0.36,N,0
21.3026,81.608,297.01,0.42,0.38,2023-01-07,2004,N,VIIRS,n,2,283.93,0.42,N,0
21.29914,81.60744,300.5,0.42,0.38,2023-01-07,2004,N,VIIRS,n,2,284.52,0.66,N,2
21.24456,81.77151,297.05,0.41,0.37,2023-01-07,2004,N,VIIRS,n,2,285.37,0.96,N,0
20.57914,85.74728,298.01,0.41,0.37,2023-01-07,2004,N,VIIRS,n,2,283.64,0.54,N,0
20.57572,85.74663,295.45,0.41,0.37,2023-01-07,2004,N,VIIRS,n,2,283.52,0.63,N,0
21.24015,81.38739,302.89,0.42,0.38,2023-01-07,2004,N,VIIRS,n,2,287.22,0.61,N,0
20.51552,85.72695,300.16,0.41,0.37,2023-01-07,2004,N,VIIRS,n,2,286.15,0.63,N,0
21.18977,81.39173,301.02,0.42,0.38,2023-01-07,2004,N,VIIRS,n,2,288.08,1.75,N,2
20.51354,85.72371,298.7,0.41,0.37,2023-01-07,2004,N,VIIRS,n,2,285.7,0.6,N,2
21.18903,81.38896,297.54,0.42,0.38,2023-01-07,2004,N,VIIRS,n,2,287.34,1.07,N,2
21.18844,81.39304,303.73,0.42,0.38,2023-01-07,2004,N,VIIRS,n,2,289.34,1.07,N,2
21.18556,81.3884,306.17,0.42,0.38,2023-01-07,2004,N,VIIRS,n,2,290.33,1.12,N,3
21.18209,81.38784,306.83,0.42,0.38,2023-01-07,2004,N,VIIRS,n,2,290.21,1.12,N,3
21.1901,81.20815,295.81,0.43,0.38,2023-01-07,2004,N,VIIRS,n,2,285.23,0.59,N,0
20.24485,86.59824,303.82,0.45,0.39,2023-01-07,2004,N,VIIRS,n,2,293.37,1.75,N,2
21.26861,79.18243,302.82,0.54,0.42,2023-01-07,2004,N,VIIRS,n,2,286.24,1.91,N,0
21.26773,79.18631,301.58,0.54,0.42,2023-01-07,2004,N,VIIRS,n,2,285.65,1.61,N,0
21.2468,79.22524,308.31,0.53,0.42,2023-01-07,2004,N,VIIRS,n,2,288.08,2.06,N,2
21.68268,72.53108,305.18,0.47,0.64,2023-01-07,2004,N,VIIRS,n,2,290.63,0.7,N,0
21.67988,72.53124,300.76,0.47,0.64,2023-01-07,2004,N,VIIRS,n,2,290.37,0.87,N,0
23.67062,84.98993,299.47,0.39,0.36,2023-01-07,2004,N,VIIRS,n,2,283.41,1.15,N,2
23.6661,84.99682,296.16,0.39,0.36,2023-01-07,2004,N,VIIRS,n,2,278.59,1.05,N,2
24.71608,75.95027,296.62,0.62,0.54,2023-01-07,2004,N,VIIRS,n,2,284.3,1.12,N,2
24.76234,74.60566,306.74,0.38,0.58,2023-01-07,2004,N,VIIRS,n,2,287.81,1.54,N,2
24.76137,74.60743,299.12,0.37,0.58,2023-01-07,2004,N,VIIRS,n,2,285.78,1.01,N,2
24.82208,73.09167,298.9,0.47,0.64,2023-01-07,2004,N,VIIRS,n,2,288.84,0.91,N,2
24.66071,74.63048,303.08,0.37,0.58,2023-01-07,2004,N,VIIRS,n,2,287.75,0.86,N,2
24.66038,74.63423,298.1,0.37,0.58,2023-01-07,2004,N,VIIRS,n,2,286.2,0.86,N,2
23.98911,79.39103,300.71,0.56,0.43,2023-01-07,2004,N,VIIRS,n,2,281.3,1.4,N,2
22.91082,86.07298,303.94,0.41,0.37,2023-01-07,2004,N,VIIRS,n,2,284.85,0.82,N,0
22.87424,86.06168,303.17,0.41,0.37,2023-01-07,2004,N,VIIRS,n,2,284.66,0.86,N,2
22.8573,86.05832,298.54,0.41,0.37,2023-01-07,2004,N,VIIRS,n,2,284.51,0.94,N,2
22.7986,86.19914,300.36,0.41,0.37,2023-01-07,2004,N,VIIRS,n,2,288.69,0.86,N,2
22.7952,86.19844,324.4,0.41,0.37,2023-01-07,2004,N,VIIRS,n,2,289.52,1.17,N,3
22.81461,86.08363,295.21,0.41,0.37,2023-01-07,2004,N,VIIRS,n,2,284.93,1.38,N,0
22.79587,86.19448,300.52,0.41,0.37,2023-01-07,2004,N,VIIRS,n,2,287.97,1.16,N,2
22.79317,86.21039,298.14,0.41,0.37,2023-01-07,2004,N,VIIRS,n,2,286.95,0.78,N,2
22.81056,86.08692,325.83,0.41,0.37,2023-01-07,2004,N,VIIRS,n,2,287.98,1.85,N,2
22.79179,86.19777,302.4,0.41,0.37,2023-01-07,2004,N,VIIRS,n,2,291.13,1.17,N,3
22.79112,86.20174,302.73,0.41,0.37,2023-01-07,2004,N,VIIRS,n,2,288.8,1.17,N,2
22.79045,86.20573,308.14,0.41,0.37,2023-01-07,2004,N,VIIRS,n,2,290.12,0.78,N,2
22.78977,86.2097,309.3,0.41,0.37,2023-01-07,2004,N,VIIRS,n,2,289.01,0.78,N,2
22.78839,86.19711,305.43,0.41,0.37,2023-01-07,2004,N,VIIRS,n,2,289.99,0.89,N,2
22.78772,86.20107,300.32,0.41,0.37,2023-01-07,2004,N,VIIRS,n,2,289.3,0.89,N,2
22.79971,86.08887,327.83,0.41,0.37,2023-01-07,2004,N,VIIRS,n,2,287.11,2.36,N,2
22.79904,86.09282,297.34,0.41,0.37,2023-01-07,2004,N,VIIRS,n,2,284.76,0.84,N,2
22.62992,86.17844,296.28,0.41,0.37,2023-01-07,2004,N,VIIRS,n,2,283.59,0.67,N,0
22.3817,87.29037,304.64,0.45,0.39,2023-01-07,2004,N,VIIRS,n,2,285.19,0.89,N,0
22.37814,87.28963,296.65,0.45,0.39,2023-01-07,2004,N,VIIRS,n,2,284.46,0.89,N,2
22.37613,87.28017,313.31,0.45,0.39,2023-01-07,2004,N,VIIRS,n,2,287.59,1.89,N,2
23.16919,82.33978,296.17,0.41,0.37,2023-01-07,2004,N,VIIRS,n,2,283.52,1.11,N,2
23.16862,82.34377,316.74,0.41,0.37,2023-01-07,2004,N,VIIRS,n,2,285.11,1.11,N,2
22.3687,87.30127,301.0,0.45,0.39,2023-01-07,2004,N,VIIRS,n,2,285.02,0.65,N,0
23.16578,82.33918,301.3,0.41,0.37,2023-01-07,2004,N,VIIRS,n,2,281.71,0.99,N,2
22.35958,87.29034,296.96,0.45,0.39,2023-01-07,2004,N,VIIRS,n,2,285.8,1.3,N,2
18.16864,77.00522,321.73,0.44,0.46,2023-01-07,2005,N,VIIRS,n,2,285.27,2.48,N,0
18.6818,73.04297,313.52,0.4,0.6,2023-01-07,2005,N,VIIRS,n,2,292.89,2.16,N,2
18.68262,73.03519,308.33,0.4,0.6,2023-01-07,2005,N,VIIRS,n,2,292.73,2.18,N,2
18.68221,73.03909,320.36,0.4,0.6,2023-01-07,2005,N,VIIRS,n,2,292.22,2.18,N,2
18.6878,73.03976,306.71,0.4,0.6,2023-01-07,2005,N,VIIRS,n,2,291.81,1.52,N,2
18.68822,73.03586,303.3,0.4,0.6,2023-01-07,2005,N,VIIRS,n,2,291.81,1.52,N,2
18.68008,73.04162,302.45,0.4,0.6,2023-01-07,2005,N,VIIRS,n,2,291.96,1.65,N,2
18.68085,73.03383,303.97,0.4,0.6,2023-01-07,2005,N,VIIRS,n,2,291.96,1.96,N,2
18.68606,73.03841,318.89,0.4,0.6,2023-01-07,2005,N,VIIRS,n,2,292.6,1.96,N,2
18.68645,73.03451,304.43,0.4,0.6,2023-01-07,2005,N,VIIRS,n,2,292.14,1.96,N,2
18.68567,73.0423,323.22,0.4,0.6,2023-01-07,2005,N,VIIRS,n,2,292.79,1.65,N,2
18.69165,73.03911,302.57,0.4,0.6,2023-01-07,2005,N,VIIRS,n,2,292.13,1.1,N,2
17.9565,80.80169,310.53,0.42,0.38,2023-01-07,2005,N,VIIRS,n,2,293.47,0.98,N,2
17.60234,83.1985,302.94,0.38,0.36,2023-01-07,2005,N,VIIRS,n,2,292.01,0.78,N,2
17.60508,83.20268,317.84,0.38,0.36,2023-01-07,2005,N,VIIRS,n,2,293.98,1.61,N,2
17.60839,83.20325,318.53,0.38,0.36,2023-01-07,2005,N,VIIRS,n,2,293.66,1.61,N,2
18.80315,74.25999,314.54,0.34,0.56,2023-01-07,2005,N,VIIRS,n,2,286.1,2.23,N,2
17.6117,83.20382,312.9,0.38,0.36,2023-01-07,2005,N,VIIRS,n,2,291.35,0.94,N,2
17.61342,83.193,303.07,0.38,0.36,2023-01-07,2005,N,VIIRS,n,2,291.05,0.41,N,0
18.57497,76.30486,304.51,0.49,0.49,2023-01-07,2005,N,VIIRS,n,2,283.46,1.18,N,0
17.62334,83.19472,303.91,0.38,0.36,2023-01-07,2005,N,VIIRS,n,2,290.56,0.68,N,2
19.02047,72.88814,303.45,0.41,0.61,2023-01-07,2005,N,VIIRS,n,2,292.19,0.91,N,0
17.79877,83.19826,300.75,0.38,0.36,2023-01-07,2005,N,VIIRS,n,2,288.69,0.35,N,0
18.78656,78.32755,300.32,0.56,0.43,2023-01-07,2005,N,VIIRS,n,2,285.92,0.69,N,0
18.10765,83.47053,304.36,0.39,0.36,2023-01-07,2005,N,VIIRS,n,2,287.98,0.81,N,0
18.72229,79.53547,323.38,0.48,0.4,2023-01-07,2005,N,VIIRS,n,2,292.33,2.99,N,2
18.72598,79.53604,304.33,0.48,0.4,2023-01-07,2005,N,VIIRS,n,2,291.97,1.41,N,2
18.73399,79.53259,324.13,0.48,0.4,2023-01-07,2005,N,VIIRS,n,2,289.83,2.16,N,0
18.73768,79.53314,316.73,0.48,0.4,2023-01-07,2005,N,VIIRS,n,2,289.96,2.16,N,0
18.73832,79.52858,306.88,0.48,0.4,2023-01-07,2005,N,VIIRS,n,2,289.24,1.8,N,0
19.03415,77.5527,295.41,0.42,0.45,2023-01-07,2005,N,VIIRS,n,2,284.97,0.28,N,0
19.29284,77.09599,298.37,0.45,0.47,2023-01-07,2005,N,VIIRS,n,2,285.56,0.53,N,0
19.93579,73.70991,309.09,0.38,0.58,2023-01-07,2005,N,VIIRS,n,2,287.64,1.57,N,0
19.10292,82.16831,299.76,0.39,0.36,2023-01-07,2005,N,VIIRS,n,2,286.63,0.64,N,0
19.10349,82.1646,299.28,0.39,0.36,2023-01-07,2005,N,VIIRS,n,2,282.85,0.64,N,0
19.78539,79.14645,302.26,0.52,0.41,2023-01-07,2005,N,VIIRS,n,2,288.0,1.51,N,2
19.92085,79.11275,307.06,0.52,0.42,2023-01-07,2005,N,VIIRS,n,2,288.54,1.64,N,2
19.96105,79.33485,306.62,0.51,0.41,2023-01-07,2005,N,VIIRS,n,2,282.9,1.46,N,2
19.96061,79.33237,299.05,0.51,0.41,2023-01-07,2005,N,VIIRS,n,2,283.05,0.97,N,2
19.9644,79.33295,306.05,0.51,0.41,2023-01-07,2005,N,VIIRS,n,2,284.71,0.97,N,2
20.03837,78.97333,301.91,0.53,0.42,2023-01-07,2005,N,VIIRS,n,2,284.7,1.18,N,0
20.13657,79.01551,299.68,0.53,0.42,2023-01-07,2005,N,VIIRS,n,2,285.72,0.96,N,0
21.10814,72.63033,313.58,0.46,0.63,2023-01-07,2005,N,VIIRS,n,2,293.33,2.82,N,2
21.1069,72.64381,347.9,0.45,0.63,2023-01-07,2005,N,VIIRS,n,2,295.11,7.07,N,2
21.21066,73.09325,301.37,0.43,0.62,2023-01-07,2005,N,VIIRS,n,2,288.62,0.6,N,0
20.96516,75.57989,307.51,0.59,0.53,2023-01-07,2005,N,VIIRS,n,2,287.41,1.49,N,0
20.96318,75.58078,298.49,0.59,0.53,2023-01-07,2005,N,VIIRS,n,2,287.1,1.03,N,0
20.96806,75.58129,298.88,0.59,0.53,2023-01-07,2005,N,VIIRS,n,2,287.02,1.03,N,0
21.21232,73.0917,305.85,0.43,0.62,2023-01-07,2005,N,VIIRS,n,2,289.09,0.75,N,0
20.69751,78.63438,300.56,0.57,0.43,2023-01-07,2005,N,VIIRS,n,2,286.58,1.55,N,2
19.91765,84.62585,327.43,0.39,0.36,2023-01-07,2005,N,VIIRS,n,2,283.9,2.76,N,0
17.68564,77.40032,326.2,0.41,0.45,2023-01-07,2005,N,VIIRS,n,2,287.35,1.71,N,0
17.12101,81.77039,305.87,0.39,0.36,2023-01-07,2005,N,VIIRS,n,2,288.61,0.71,N,0
17.46258,80.65532,306.95,0.42,0.38,2023-01-07,2005,N,VIIRS,n,2,290.49,0.73,N,0
17.67168,76.48203,305.44,0.47,0.47,2023-01-07,2006,N,VIIRS,n,2,286.97,1.17,N,0
15.13452,75.09174,306.88,0.53,0.5,2023-01-07,2006,N,VIIRS,n,2,288.4,1.03,N,0
15.00273,76.99959,301.98,0.4,0.44,2023-01-07,2006,N,VIIRS,n,2,289.33,1.11,N,0
15.00681,77.00018,315.74,0.4,0.44,2023-01-07,2006,N,VIIRS,n,2,290.67,1.11,N,0
15.16815,76.37801,301.19,0.44,0.46,2023-01-07,2006,N,VIIRS,n,2,290.97,1.33,N,2
15.17242,76.37859,308.98,0.44,0.46,2023-01-07,2006,N,VIIRS,n,2,292.29,1.33,N,2
15.11885,76.81249,299.48,0.41,0.45,2023-01-07,2006,N,VIIRS,n,2,289.31,0.3,N,2
15.12661,76.78624,299.89,0.41,0.45,2023-01-07,2006,N,VIIRS,n,2,289.41,0.62,N,0
15.17048,76.65147,302.96,0.42,0.45,2023-01-07,2006,N,VIIRS,n,2,289.62,1.87,N,0
15.17265,76.66777,300.82,0.42,0.45,2023-01-07,2006,N,VIIRS,n,2,290.73,1.16,N,2
15.17367,76.65989,310.09,0.42,0.45,2023-01-07,2006,N,VIIRS,n,2,291.91,2.04,N,2
15.17418,76.65595,318.58,0.42,0.45,2023-01-07,2006,N,VIIRS,n,2,293.03,1.87,N,2
15.17532,76.68015,308.07,0.42,0.45,2023-01-07,2006,N,VIIRS,n,2,290.85,0.97,N,2
15.17888,76.65258,305.98,0.42,0.45,2023-01-07,2006,N,VIIRS,n,2,292.02,2.24,N,2
15.17837,76.65651,325.8,0.42,0.45,2023-01-07,2006,N,VIIRS,n,2,293.36,2.24,N,2
15.1846,76.64127,304.9,0.42,0.45,2023-01-07,2006,N,VIIRS,n,2,291.25,1.63,N,2
15.0219,78.01559,305.44,0.52,0.42,2023-01-07,2006,N,VIIRS,n,2,292.22,1.76,N,2
15.17827,77.10367,306.9,0.4,0.44,2023-01-07,2006,N,VIIRS,n,2,290.88,0.96,N,2
15.22402,76.76268,300.98,0.42,0.45,2023-01-07,2006,N,VIIRS,n,2,289.61,0.86,N,2
15.3091,76.25194,300.36,0.45,0.47,2023-01-07,2006,N,VIIRS,n,2,289.25,0.57,N,0
15.33178,76.24655,311.04,0.45,0.47,2023-01-07,2006,N,VIIRS,n,2,289.98,1.29,N,0
15.3337,76.24516,307.48,0.45,0.47,2023-01-07,2006,N,VIIRS,n,2,290.2,1.11,N,0
15.3327,76.28772,300.83,0.45,0.47,2023-01-07,2006,N,VIIRS,n,2,290.63,1.33,N,2
15.65665,73.98866,312.09,0.32,0.54,2023-01-07,2006,N,VIIRS,n,2,291.23,0.99,N,2
15.94369,75.10762,308.67,0.54,0.51,2023-01-07,2006,N,VIIRS,n,2,287.08,1.88,N,0
15.97131,75.03851,302.91,0.55,0.51,2023-01-07,2006,N,VIIRS,n,2,286.46,0.98,N,0
16.04385,74.88254,307.05,0.56,0.52,2023-01-07,2006,N,VIIRS,n,2,287.43,1.18,N,0
16.04336,74.88331,298.01,0.56,0.52,2023-01-07,2006,N,VIIRS,n,2,287.1,0.61,N,0
16.07138,75.2449,299.36,0.53,0.5,2023-01-07,2006,N,VIIRS,n,2,287.47,1.02,N,0
15.91597,77.36282,301.43,0.39,0.44,2023-01-07,2006,N,VIIRS,n,2,290.27,0.63,N,0
16.40463,73.67907,310.35,0.34,0.56,2023-01-07,2006,N,VIIRS,n,2,290.36,0.87,N,0
16.43257,73.75819,326.75,0.34,0.56,2023-01-07,2006,N,VIIRS,n,2,290.92,1.25,N,0
16.43775,73.75886,304.12,0.34,0.56,2023-01-07,2006,N,VIIRS,n,2,290.22,1.25,N,0
16.27684,75.34719,300.31,0.53,0.5,2023-01-07,2006,N,VIIRS,n,2,286.54,0.98,N,0
16.38761,75.35413,298.2,0.53,0.5,2023-01-07,2006,N,VIIRS,n,2,287.47,0.4,N,0
16.48792,75.62551,311.48,0.51,0.49,2023-01-07,2006,N,VIIRS,n,2,287.54,1.83,N,0
16.72582,73.7466,302.33,0.34,0.56,2023-01-07,2006,N,VIIRS,n,2,292.1,0.44,N,0
16.20093,80.22378,299.43,0.43,0.38,2023-01-07,2006,N,VIIRS,n,2,288.54,0.28,N,0
16.94806,76.45575,312.7,0.46,0.47,2023-01-07,2006,N,VIIRS,n,2,286.57,1.44,N,0
17.06184,76.97904,306.03,0.43,0.46,2023-01-07,2006,N,VIIRS,n,2,291.01,0.89,N,2
17.1702,76.28147,298.34,0.47,0.48,2023-01-07,2006,N,VIIRS,n,2,287.58,1.03,N,0
17.13869,77.17613,303.22,0.42,0.45,2023-01-07,2006,N,VIIRS,n,2,291.06,0.87,N,2
17.14027,77.17532,301.84,0.42,0.45,2023-01-07,2006,N,VIIRS,n,2,291.54,1.35,N,2
16.87423,80.12072,304.0,0.43,0.38,2023-01-07,2006,N,VIIRS,n,2,291.9,1.24,N,0
17.53884,75.58247,301.5,0.53,0.5,2023-01-07,2006,N,VIIRS,n,2,286.25,0.79,N,0
17.54197,75.58083,298.29,0.53,0.5,2023-01-07,2006,N,VIIRS,n,2,286.37,0.57,N,0
17.54649,76.23547,305.51,0.48,0.48,2023-01-07,2006,N,VIIRS,n,2,286.64,1.15,N,0
17.63852,76.20795,302.82,0.48,0.48,2023-01-07,2006,N,VIIRS,n,2,286.95,1.21,N,0
15.12987,75.09109,299.1,0.53,0.5,2023-01-07,2006,N,VIIRS,n,2,288.17,1.03,N,0
17.67222,76.47758,315.15,0.47,0.47,2023-01-07,2006,N,VIIRS,n,2,287.42,1.98,N,0
17.502,78.43439,296.29,0.53,0.42,2023-01-07,2006,N,VIIRS,n,2,285.59,0.27,N,0
14.27033,80.13201,315.11,0.41,0.37,2023-01-07,2006,N,VIIRS,n,2,293.03,1.29,N,0
14.60624,78.52117,306.24,0.49,0.4,2023-01-07,2006,N,VIIRS,n,2,292.84,1.14,N,0
14.2133,74.46413,308.22,0.57,0.52,2023-01-07,2007,N,VIIRS,n,2,293.42,1.11,N,0
13.55399,77.01276,299.9,0.38,0.43,2023-01-07,2007,N,VIIRS,n,2,289.46,0.63,N,0
13.83833,74.74471,305.58,0.54,0.51,2023-01-07,2007,N,VIIRS,n,2,294.12,1.97,N,0
12.45834,79.11018,312.68,0.44,0.38,2023-01-07,2007,N,VIIRS,n,2,290.66,1.29,N,0
12.87086,74.93396,309.95,0.51,0.49,2023-01-07,2007,N,VIIRS,n,2,292.54,1.64,N,0
11.81633,77.91675,307.5,0.49,0.4,2023-01-07,2007,N,VIIRS,n,2,290.62,0.99,N,2
11.54045,76.09029,297.25,0.41,0.45,2023-01-07,2007,N,VIIRS,n,2,285.4,0.46,N,0
11.53533,76.09686,327.37,0.41,0.45,2023-01-07,2007,N,VIIRS,n,2,287.55,2.84,N,0
11.53489,76.09998,321.92,0.41,0.45,2023-01-07,2007,N,VIIRS,n,2,287.55,2.84,N,0
11.53578,76.09359,310.78,0.41,0.45,2023-01-07,2007,N,VIIRS,n,2,286.49,2.04,N,0
11.53445,76.10316,304.97,0.41,0.45,2023-01-07,2007,N,VIIRS,n,2,286.93,0.73,N,0
10.92219,77.05991,301.53,0.53,0.42,2023-01-07,2007,N,VIIRS,n,2,289.36,0.77,N,0
9.43448,77.08244,303.48,0.51,0.41,2023-01-07,2008,N,VIIRS,n,2,289.52,0.7,N,0
29.91272,74.94518,339.58,0.59,0.7,2023-01-07,2142,N,VIIRS,n,2,276.49,41.43,N,2
29.9045,74.94942,319.22,0.59,0.7,2023-01-07,2142,N,VIIRS,n,2,276.2,4.05,N,0
29.90612,74.94341,311.5,0.59,0.7,2023-01-07,2142,N,VIIRS,n,2,276.08,4.08,N,0
29.914,74.9397,307.69,0.59,0.7,2023-01-07,2142,N,VIIRS,n,2,275.96,21.76,N,0
29.90912,74.95774,337.83,0.59,0.7,2023-01-07,2142,N,VIIRS,n,2,280.05,54.26,N,2
29.91075,74.95172,367.0,0.59,0.7,2023-01-07,2142,N,VIIRS,h,2,284.71,54.26,N,2
29.91237,74.94569,346.27,0.59,0.7,2023-01-07,2142,N,VIIRS,n,2,276.42,21.76,N,2
29.90314,74.9549,298.97,0.59,0.7,2023-01-07,2142,N,VIIRS,n,2,276.74,2.75,N,2
29.90646,74.94292,308.38,0.59,0.7,2023-01-07,2142,N,VIIRS,n,2,276.17,2.96,N,0
29.9048,74.94891,320.15,0.59,0.7,2023-01-07,2142,N,VIIRS,n,2,276.17,2.96,N,0
29.91437,74.9392,302.89,0.59,0.7,2023-01-07,2142,N,VIIRS,n,2,275.53,4.71,N,0
29.9094,74.95718,343.7,0.59,0.7,2023-01-07,2142,N,VIIRS,n,2,279.6,37.11,N,2
29.91106,74.95118,367.0,0.59,0.7,2023-01-07,2142,N,VIIRS,h,2,283.83,41.43,N,2
24.82294,73.09363,299.59,0.61,0.71,2023-01-07,2144,N,VIIRS,n,2,287.6,1.44,N,2
23.26291,70.25269,300.83,0.44,0.62,2023-01-07,2145,N,VIIRS,n,2,289.16,0.98,N,2
22.93777,69.69683,299.3,0.41,0.61,2023-01-07,2145,N,VIIRS,n,2,288.45,0.5,N,2
21.68119,72.5315,300.82,0.66,0.73,2023-01-07,2145,N,VIIRS,n,2,289.89,0.74,N,0
21.11013,72.64443,312.39,0.69,0.74,2023-01-07,2145,N,VIIRS,n,2,292.64,2.24,N,2
21.1067,72.6293,321.41,0.68,0.74,2023-01-07,2145,N,VIIRS,n,2,291.61,6.12,N,2
21.1034,72.64248,301.77,0.69,0.74,2023-01-07,2145,N,VIIRS,n,2,291.04,2.24,N,2
21.11209,72.63583,303.58,0.69,0.74,2023-01-07,2145,N,VIIRS,n,2,292.75,1.69,N,2
21.11047,72.64247,303.81,0.69,0.74,2023-01-07,2145,N,VIIRS,n,2,292.01,1.69,N,2
21.10884,72.64912,304.53,0.69,0.74,2023-01-07,2145,N,VIIRS,n,2,292.16,1.85,N,2
20.91198,71.45979,305.69,0.59,0.7,2023-01-07,2145,N,VIIRS,n,2,290.89,1.88,N,2
21.10696,72.6273,312.56,0.69,0.74,2023-01-07,2145,N,VIIRS,n,2,291.35,2.46,N,2
12.57875,77.38746,338.7,0.71,0.75,2023-01-08,714,N,VIIRS,n,2,293.77,7.87,D,0
13.08685,78.09515,329.55,0.63,0.72,2023-01-08,714,N,VIIRS,n,2,293.99,2.13,D,0
12.5798,77.38898,336.46,0.71,0.75,2023-01-08,714,N,VIIRS,n,2,294.06,6.53,D,0
16.19923,80.72269,334.32,0.37,0.58,2023-01-08,715,N,VIIRS,n,2,301.5,1.11,D,0
16.16651,80.69725,330.34,0.37,0.58,2023-01-08,715,N,VIIRS,n,2,302.29,1.72,D,0
16.05533,80.71085,329.74,0.37,0.58,2023-01-08,715,N,VIIRS,l,2,301.89,2.63,D,0
17.87088,82.1289,338.26,0.56,0.51,2023-01-08,715,N,VIIRS,n,2,295.76,5.84,D,0
15.07975,79.38884,336.45,0.47,0.64,2023-01-08,715,N,VIIRS,n,2,303.87,4.12,D,0
17.67653,81.05466,337.82,0.33,0.55,2023-01-08,715,N,VIIRS,n,2,302.43,2.55,D,0
18.19785,83.7979,334.91,0.43,0.46,2023-01-08,715,N,VIIRS,n,2,303.36,2.48,D,0
15.08239,79.38641,330.74,0.47,0.64,2023-01-08,715,N,VIIRS,l,2,302.54,2.55,D,0
17.86634,82.13068,347.91,0.56,0.51,2023-01-08,715,N,VIIRS,n,2,301.06,5.84,D,0
17.26253,79.15965,334.86,0.44,0.63,2023-01-08,715,N,VIIRS,n,2,301.21,2.33,D,0
17.0813,78.53897,339.4,0.49,0.65,2023-01-08,715,N,VIIRS,n,2,300.46,1.93,D,0
17.45073,80.68021,331.56,0.35,0.57,2023-01-08,715,N,VIIRS,l,2,303.48,3.14,D,0
17.90286,83.35059,335.34,0.46,0.47,2023-01-08,715,N,VIIRS,n,2,301.09,2.85,D,0
17.73999,82.72872,350.1,0.51,0.49,2023-01-08,715,N,VIIRS,n,2,300.88,9.34,D,0
17.38007,80.94916,332.29,0.34,0.56,2023-01-08,715,N,VIIRS,n,2,299.79,1.77,D,0
17.80038,83.09433,339.83,0.48,0.48,2023-01-08,715,N,VIIRS,n,2,303.3,9.06,D,0
17.26551,80.44023,330.54,0.37,0.58,2023-01-08,715,N,VIIRS,l,2,304.12,2.59,D,0
17.37368,81.16669,331.99,0.33,0.55,2023-01-08,715,N,VIIRS,n,2,303.87,1.63,D,0
17.72687,83.0835,339.94,0.49,0.48,2023-01-08,715,N,VIIRS,n,2,300.78,4.74,D,0
17.219,80.60648,335.35,0.36,0.57,2023-01-08,715,N,VIIRS,n,2,304.17,2.65,D,0
16.52471,77.38558,336.28,0.6,0.7,2023-01-08,715,N,VIIRS,n,2,307.74,4.31,D,0
17.26112,81.00043,351.3,0.34,0.56,2023-01-08,715,N,VIIRS,n,2,307.61,4.5,D,0
17.12019,80.42021,330.07,0.37,0.58,2023-01-08,715,N,VIIRS,l,2,303.39,1.41,D,0
17.12271,80.42045,336.89,0.37,0.58,2023-01-08,715,N,VIIRS,n,2,304.27,2.49,D,0
16.4632,77.80735,334.85,0.56,0.69,2023-01-08,715,N,VIIRS,n,2,303.73,3.37,D,0
17.41789,82.43161,354.51,0.54,0.51,2023-01-08,715,N,VIIRS,n,2,302.55,19.37,D,0
17.41584,82.42985,336.95,0.54,0.51,2023-01-08,715,N,VIIRS,n,2,301.21,7.84,D,0
17.41678,82.4348,335.06,0.54,0.51,2023-01-08,715,N,VIIRS,n,2,299.98,7.84,D,0
15.95677,75.81245,367.0,0.77,0.77,2023-01-08,715,N,VIIRS,h,2,297.98,12.69,D,0
16.70014,79.62897,334.04,0.42,0.61,2023-01-08,715,N,VIIRS,n,2,306.38,2.68,D,0
16.6945,79.63013,333.2,0.42,0.61,2023-01-08,715,N,VIIRS,n,2,304.9,2.68,D,0
16.00393,77.89721,339.34,0.57,0.69,2023-01-08,715,N,VIIRS,n,2,307.31,3.61,D,0
16.5603,80.61404,332.4,0.37,0.58,2023-01-08,715,N,VIIRS,n,2,300.86,3.22,D,0
15.86688,78.11001,336.53,0.55,0.68,2023-01-08,715,N,VIIRS,n,2,306.1,3.02,D,0
16.34806,80.55274,342.24,0.38,0.58,2023-01-08,715,N,VIIRS,n,2,305.16,4.65,D,0
16.34343,80.5574,334.21,0.38,0.58,2023-01-08,715,N,VIIRS,n,2,303.3,4.84,D,0
16.34413,80.56091,339.72,0.37,0.58,2023-01-08,715,N,VIIRS,n,2,304.23,4.84,D,0
16.32347,80.56897,342.02,0.37,0.58,2023-01-08,715,N,VIIRS,n,2,304.24,4.55,D,0
16.32098,80.58411,330.33,0.37,0.58,2023-01-08,715,N,VIIRS,l,2,302.04,1.55,D,0
16.30458,80.55834,330.38,0.38,0.58,2023-01-08,715,N,VIIRS,n,2,302.34,2.65,D,0
16.3053,80.56186,342.04,0.38,0.58,2023-01-08,715,N,VIIRS,n,2,302.4,2.65,D,0
16.28883,80.536,333.65,0.38,0.59,2023-01-08,715,N,VIIRS,n,2,302.76,1.71,D,0
16.28348,80.53715,335.42,0.38,0.59,2023-01-08,715,N,VIIRS,n,2,303.13,1.71,D,0
16.23374,80.68895,331.78,0.37,0.58,2023-01-08,715,N,VIIRS,l,2,303.03,1.65,D,0
15.21388,75.98196,333.11,0.77,0.78,2023-01-08,715,N,VIIRS,n,2,298.32,4.69,D,0
16.20151,80.72093,337.83,0.37,0.58,2023-01-08,715,N,VIIRS,n,2,301.92,3.0,D,0
16.20222,80.72437,331.34,0.37,0.58,2023-01-08,715,N,VIIRS,n,2,302.58,4.3,D,0
16.20453,80.72154,345.24,0.37,0.58,2023-01-08,715,N,VIIRS,n,2,303.5,2.9,D,0
21.03407,86.43438,332.47,0.43,0.38,2023-01-08,716,N,VIIRS,n,2,303.26,0.74,D,0
20.97212,86.00218,334.94,0.45,0.39,2023-01-08,716,N,VIIRS,l,2,306.84,3.68,D,2
19.09011,76.45359,332.46,0.6,0.71,2023-01-08,716,N,VIIRS,n,2,300.71,4.52,D,0
21.08036,86.49007,348.58,0.43,0.38,2023-01-08,716,N,VIIRS,n,2,306.11,7.91,D,0
21.07824,86.45646,334.66,0.43,0.38,2023-01-08,716,N,VIIRS,n,2,305.76,3.61,D,0
21.03919,86.10072,332.58,0.45,0.39,2023-01-08,716,N,VIIRS,l,2,306.43,3.49,D,0
20.89916,85.21139,330.08,0.49,0.4,2023-01-08,716,N,VIIRS,n,2,302.68,3.27,D,0
19.03151,76.11696,339.52,0.64,0.72,2023-01-08,716,N,VIIRS,n,2,300.72,4.66,D,0
20.3075,82.00219,330.54,0.51,0.49,2023-01-08,716,N,VIIRS,n,2,304.85,1.64,D,0
20.58309,83.38849,345.52,0.42,0.45,2023-01-08,716,N,VIIRS,n,2,302.57,4.84,D,0
20.29431,81.88734,329.9,0.52,0.5,2023-01-08,716,N,VIIRS,n,2,301.24,2.8,D,0
20.91269,85.17966,339.7,0.49,0.4,2023-01-08,716,N,VIIRS,n,2,302.78,3.63,D,0
20.94419,85.29406,337.92,0.48,0.4,2023-01-08,716,N,VIIRS,n,2,303.83,2.82,D,0
20.96161,85.17492,336.93,0.49,0.4,2023-01-08,716,N,VIIRS,n,2,309.1,4.31,D,2
20.96317,85.1771,341.26,0.49,0.4,2023-01-08,716,N,VIIRS,n,2,307.9,5.32,D,2
20.96234,85.17241,338.75,0.49,0.4,2023-01-08,716,N,VIIRS,l,2,309.66,5.32,D,2
21.14792,86.10319,335.37,0.44,0.39,2023-01-08,716,N,VIIRS,l,2,308.13,5.92,D,0
21.15218,86.10674,337.51,0.44,0.39,2023-01-08,716,N,VIIRS,n,2,304.74,3.84,D,0
21.25802,86.64697,330.67,0.42,0.38,2023-01-08,716,N,VIIRS,l,2,304.94,3.96,D,0
21.26215,86.65037,342.64,0.42,0.38,2023-01-08,716,N,VIIRS,n,2,307.68,3.96,D,0
20.73719,83.67858,340.29,0.4,0.44,2023-01-08,716,N,VIIRS,n,2,302.58,2.12,D,0
19.09117,75.79424,348.53,0.66,0.73,2023-01-08,716,N,VIIRS,n,2,299.23,7.67,D,0
21.30003,86.79278,353.3,0.42,0.38,2023-01-08,716,N,VIIRS,n,2,305.98,10.12,D,0
21.16359,85.98105,331.67,0.45,0.39,2023-01-08,716,N,VIIRS,l,2,305.22,1.13,D,0
20.84898,84.08436,333.52,0.56,0.43,2023-01-08,716,N,VIIRS,n,2,303.6,3.85,D,0
20.80778,83.85799,328.37,0.39,0.44,2023-01-08,716,N,VIIRS,l,2,303.22,2.32,D,0
21.28657,86.5829,336.36,0.42,0.38,2023-01-08,716,N,VIIRS,n,2,303.48,2.34,D,0
21.26546,86.45603,335.31,0.43,0.38,2023-01-08,716,N,VIIRS,l,2,306.48,6.69,D,0
21.26478,86.45191,338.28,0.43,0.38,2023-01-08,716,N,VIIRS,n,2,306.54,6.69,D,0
21.28123,86.52919,336.77,0.43,0.38,2023-01-08,716,N,VIIRS,n,2,305.49,7.65,D,0
21.01744,84.94028,330.15,0.5,0.41,2023-01-08,716,N,VIIRS,l,2,301.1,4.3,D,0
21.01731,84.93743,336.53,0.5,0.41,2023-01-08,716,N,VIIRS,n,2,302.65,4.74,D,0
21.30902,86.5372,335.36,0.43,0.38,2023-01-08,716,N,VIIRS,n,2,303.08,5.03,D,0
20.89463,84.16125,335.64,0.56,0.43,2023-01-08,716,N,VIIRS,n,2,304.31,3.64,D,0
21.25566,86.11836,330.49,0.44,0.39,2023-01-08,716,N,VIIRS,l,2,304.51,3.4,D,0
20.78807,83.39169,341.39,0.41,0.45,2023-01-08,716,N,VIIRS,n,2,305.98,4.13,D,0
20.8794,83.85816,329.77,0.39,0.44,2023-01-08,716,N,VIIRS,l,2,301.47,2.33,D,0
21.44546,86.93015,346.23,0.41,0.37,2023-01-08,716,N,VIIRS,n,2,305.3,3.43,D,0
20.90381,83.81092,332.92,0.39,0.44,2023-01-08,716,N,VIIRS,n,2,302.64,1.78,D,0
20.90228,83.75724,329.72,0.39,0.44,2023-01-08,716,N,VIIRS,n,2,301.1,2.42,D,0
20.96811,84.09651,336.78,0.56,0.43,2023-01-08,716,N,VIIRS,n,2,304.41,5.56,D,0
19.3212,76.04753,347.62,0.63,0.72,2023-01-08,716,N,VIIRS,n,2,300.86,6.45,D,0
20.91225,83.74349,328.63,0.39,0.44,2023-01-08,716,N,VIIRS,n,2,300.64,1.17,D,0
20.97512,84.04504,335.52,0.56,0.43,2023-01-08,716,N,VIIRS,n,2,301.91,5.84,D,0
20.97111,84.09887,336.04,0.56,0.43,2023-01-08,716,N,VIIRS,n,2,302.32,3.89,D,0
20.69072,82.59727,330.45,0.46,0.47,2023-01-08,716,N,VIIRS,n,2,302.62,1.81,D,0
20.97287,84.04298,333.07,0.56,0.43,2023-01-08,716,N,VIIRS,n,2,302.22,3.8,D,0
20.93362,83.81194,331.04,0.39,0.44,2023-01-08,716,N,VIIRS,n,2,300.21,1.96,D,0
20.9934,83.99957,328.75,0.57,0.43,2023-01-08,716,N,VIIRS,n,2,303.32,3.2,D,0
20.9924,83.99417,331.95,0.57,0.43,2023-01-08,716,N,VIIRS,n,2,301.54,3.2,D,0
19.31692,76.04613,330.07,0.63,0.72,2023-01-08,716,N,VIIRS,n,2,300.01,7.38,D,0
21.52757,86.96381,333.78,0.41,0.37,2023-01-08,716,N,VIIRS,n,2,303.1,1.4,D,0
21.52198,86.88733,334.56,0.41,0.37,2023-01-08,716,N,VIIRS,n,2,302.64,2.92,D,0
20.96213,83.69773,330.64,0.39,0.44,2023-01-08,716,N,VIIRS,n,2,301.36,1.55,D,0
21.55061,86.97575,331.46,0.41,0.37,2023-01-08,716,N,VIIRS,n,2,303.43,1.7,D,0
20.73752,82.42032,330.89,0.47,0.48,2023-01-08,716,N,VIIRS,l,2,301.29,2.44,D,0
21.54575,86.90327,339.56,0.41,0.37,2023-01-08,716,N,VIIRS,n,2,305.1,10.26,D,0
20.99093,83.69568,330.52,0.39,0.44,2023-01-08,716,N,VIIRS,l,2,302.59,1.55,D,0
21.01195,83.76488,330.26,0.39,0.44,2023-01-08,716,N,VIIRS,l,2,301.04,2.7,D,0
21.00446,83.72398,328.5,0.39,0.44,2023-01-08,716,N,VIIRS,l,2,301.21,2.01,D,0
21.62524,87.28387,330.59,0.4,0.37,2023-01-08,716,N,VIIRS,n,2,298.95,1.62,D,0
21.56282,86.90005,331.99,0.41,0.37,2023-01-08,716,N,VIIRS,n,2,302.05,2.13,D,0
21.56217,86.89609,331.55,0.41,0.37,2023-01-08,716,N,VIIRS,n,2,303.15,2.13,D,0
21.02861,83.76524,350.97,0.39,0.44,2023-01-08,716,N,VIIRS,n,2,303.26,5.76,D,0
21.02967,83.76476,351.28,0.39,0.44,2023-01-08,716,N,VIIRS,n,2,302.96,5.34,D,0
21.02947,83.74166,334.69,0.39,0.44,2023-01-08,716,N,VIIRS,n,2,303.56,3.32,D,0
21.04444,83.77708,329.31,0.39,0.44,2023-01-08,716,N,VIIRS,l,2,302.09,1.41,D,0
21.01839,83.63889,336.18,0.39,0.44,2023-01-08,716,N,VIIRS,n,2,300.67,2.11,D,0
21.07196,83.8135,339.05,0.39,0.44,2023-01-08,716,N,VIIRS,n,2,303.23,2.84,D,0
21.05222,83.66326,331.57,0.39,0.44,2023-01-08,716,N,VIIRS,n,2,300.58,1.42,D,0
21.09163,83.76344,332.76,0.39,0.44,2023-01-08,716,N,VIIRS,n,2,300.22,2.92,D,0
21.06599,83.62508,329.42,0.39,0.44,2023-01-08,716,N,VIIRS,n,2,300.85,1.58,D,0
21.09562,83.76258,342.86,0.39,0.44,2023-01-08,716,N,VIIRS,n,2,300.61,2.92,D,0
21.09082,83.73663,328.6,0.39,0.44,2023-01-08,716,N,VIIRS,n,2,300.44,1.86,D,0
21.09414,83.73208,331.18,0.39,0.44,2023-01-08,716,N,VIIRS,l,2,301.26,2.0,D,0
20.91287,82.76611,341.09,0.45,0.47,2023-01-08,716,N,VIIRS,n,2,302.05,5.34,D,0
21.10534,83.7027,334.95,0.39,0.44,2023-01-08,716,N,VIIRS,n,2,299.43,1.67,D,0
21.11956,83.75758,335.45,0.39,0.44,2023-01-08,716,N,VIIRS,n,2,300.09,2.06,D,0
21.12354,83.75674,334.19,0.39,0.44,2023-01-08,716,N,VIIRS,n,2,300.13,2.27,D,0
21.14365,83.84432,332.31,0.38,0.43,2023-01-08,716,N,VIIRS,l,2,302.48,2.98,D,0
21.09248,83.56451,338.4,0.4,0.44,2023-01-08,716,N,VIIRS,n,2,301.54,3.84,D,0
20.89252,82.47155,329.74,0.47,0.47,2023-01-08,716,N,VIIRS,n,2,300.17,2.29,D,0
20.89226,82.46909,330.03,0.47,0.47,2023-01-08,716,N,VIIRS,n,2,300.27,2.94,D,0
21.17443,83.91293,328.72,0.57,0.43,2023-01-08,716,N,VIIRS,l,2,299.28,3.34,D,0
21.11757,83.61104,338.11,0.39,0.44,2023-01-08,716,N,VIIRS,n,2,301.15,4.4,D,0
21.77327,87.30882,330.34,0.4,0.37,2023-01-08,716,N,VIIRS,n,2,299.67,3.31,D,0
21.02228,83.09004,342.27,0.42,0.46,2023-01-08,716,N,VIIRS,n,2,306.49,10.41,D,0
21.0215,83.08599,337.15,0.43,0.46,2023-01-08,716,N,VIIRS,n,2,304.16,10.41,D,0
21.73133,87.03198,342.46,0.41,0.37,2023-01-08,716,N,VIIRS,n,2,301.8,5.82,D,0
21.1249,83.60556,329.59,0.39,0.44,2023-01-08,716,N,VIIRS,n,2,300.01,1.57,D,0
21.11631,83.56011,328.92,0.4,0.44,2023-01-08,716,N,VIIRS,n,2,301.77,2.3,D,0
21.17608,83.85584,334.06,0.57,0.43,2023-01-08,716,N,VIIRS,n,2,304.84,5.65,D,0
20.92085,82.52275,339.23,0.46,0.47,2023-01-08,716,N,VIIRS,n,2,302.44,4.56,D,0
20.95075,82.65287,340.11,0.45,0.47,2023-01-08,716,N,VIIRS,n,2,302.07,5.83,D,0
20.94991,82.64856,336.2,0.45,0.47,2023-01-08,716,N,VIIRS,n,2,301.29,5.83,D,0
21.13483,83.59164,329.32,0.4,0.44,2023-01-08,716,N,VIIRS,l,2,302.08,2.73,D,0
20.95419,82.64762,338.85,0.45,0.47,2023-01-08,716,N,VIIRS,n,2,299.96,7.3,D,0
21.20592,83.88365,334.21,0.57,0.43,2023-01-08,716,N,VIIRS,n,2,301.87,4.69,D,0
21.90849,87.9147,329.08,0.39,0.36,2023-01-08,716,N,VIIRS,n,2,296.67,1.34,D,0
21.18794,83.69744,334.8,0.39,0.44,2023-01-08,716,N,VIIRS,n,2,301.29,4.16,D,0
21.81921,87.29233,332.66,0.4,0.37,2023-01-08,716,N,VIIRS,n,2,301.46,2.4,D,0
21.23064,83.88418,332.8,0.57,0.43,2023-01-08,716,N,VIIRS,n,2,302.61,3.06,D,0
21.20005,83.71799,342.32,0.39,0.44,2023-01-08,716,N,VIIRS,n,2,303.17,3.31,D,0
21.73597,86.7618,330.95,0.42,0.37,2023-01-08,716,N,VIIRS,n,2,303.55,1.83,D,0
21.20404,83.71717,329.08,0.39,0.44,2023-01-08,716,N,VIIRS,n,2,303.3,3.31,D,0
21.23154,83.84428,340.11,0.57,0.43,2023-01-08,716,N,VIIRS,n,2,301.31,4.09,D,0
21.02834,82.75617,332.96,0.45,0.47,2023-01-08,716,N,VIIRS,n,2,300.04,3.12,D,0
20.84094,81.76253,344.28,0.52,0.5,2023-01-08,716,N,VIIRS,n,2,303.91,6.33,D,0
20.83997,81.75761,332.98,0.52,0.5,2023-01-08,716,N,VIIRS,n,2,301.02,6.33,D,0
21.24342,83.84177,331.86,0.57,0.43,2023-01-08,716,N,VIIRS,n,2,300.35,7.77,D,0
21.24289,83.81631,330.92,0.38,0.43,2023-01-08,716,N,VIIRS,n,2,299.61,2.54,D,0
21.24222,83.81264,329.88,0.38,0.43,2023-01-08,716,N,VIIRS,n,2,299.97,2.3,D,0
21.25134,83.84011,332.77,0.57,0.43,2023-01-08,716,N,VIIRS,n,2,300.55,2.7,D,0
21.24552,83.80815,334.85,0.38,0.43,2023-01-08,716,N,VIIRS,n,2,300.85,2.3,D,0
21.22441,83.64706,339.79,0.39,0.44,2023-01-08,716,N,VIIRS,n,2,299.88,3.05,D,0
22.08172,88.72224,325.68,0.38,0.36,2023-01-08,716,N,VIIRS,n,2,297.24,1.47,D,0
21.25015,83.84363,336.61,0.57,0.43,2023-01-08,716,N,VIIRS,n,2,301.15,3.94,D,0
21.2673,83.89098,329.89,0.57,0.43,2023-01-08,716,N,VIIRS,n,2,303.44,3.32,D,0
21.22527,83.64659,334.99,0.39,0.44,2023-01-08,716,N,VIIRS,n,2,298.82,2.71,D,0
21.21548,83.55093,333.97,0.4,0.44,2023-01-08,716,N,VIIRS,n,2,301.81,3.54,D,0
21.26571,83.77299,329.49,0.38,0.44,2023-01-08,716,N,VIIRS,n,2,303.6,1.56,D,0
21.01551,82.42488,332.25,0.47,0.47,2023-01-08,716,N,VIIRS,n,2,302.62,3.78,D,0
21.30795,83.93321,330.93,0.56,0.43,2023-01-08,716,N,VIIRS,n,2,302.4,4.09,D,0
21.31188,83.93237,331.94,0.56,0.43,2023-01-08,716,N,VIIRS,n,2,300.46,4.09,D,0
21.28963,83.81273,335.33,0.57,0.43,2023-01-08,716,N,VIIRS,n,2,300.01,3.39,D,0
21.28819,83.7607,332.69,0.38,0.44,2023-01-08,716,N,VIIRS,n,2,300.74,1.81,D,0
21.10061,82.70167,332.66,0.45,0.47,2023-01-08,716,N,VIIRS,n,2,299.66,2.72,D,0
21.04066,82.39155,336.29,0.47,0.48,2023-01-08,716,N,VIIRS,n,2,302.31,2.86,D,0
21.07066,82.52314,330.06,0.46,0.47,2023-01-08,716,N,VIIRS,n,2,301.05,2.03,D,0
22.05341,88.12336,330.65,0.39,0.36,2023-01-08,716,N,VIIRS,l,2,302.57,5.64,D,2
21.25199,83.43214,342.42,0.4,0.44,2023-01-08,716,N,VIIRS,n,2,302.48,6.31,D,0
21.32242,83.69968,341.45,0.39,0.44,2023-01-08,716,N,VIIRS,n,2,303.12,3.03,D,0
21.87357,86.85101,329.93,0.41,0.37,2023-01-08,716,N,VIIRS,l,2,303.86,2.53,D,0
21.36205,83.89385,333.56,0.57,0.43,2023-01-08,716,N,VIIRS,n,2,301.02,4.55,D,0
21.26919,83.38841,332.15,0.4,0.45,2023-01-08,716,N,VIIRS,n,2,303.71,1.97,D,0
21.3304,83.69801,330.81,0.39,0.44,2023-01-08,716,N,VIIRS,l,2,302.45,2.53,D,0
21.27325,83.38754,337.95,0.4,0.45,2023-01-08,716,N,VIIRS,n,2,302.1,2.84,D,0
21.35704,83.82134,331.76,0.57,0.43,2023-01-08,716,N,VIIRS,n,2,301.73,2.35,D,0
21.14512,82.65607,338.43,0.45,0.47,2023-01-08,716,N,VIIRS,n,2,300.88,1.94,D,0
21.36794,83.83614,332.74,0.57,0.43,2023-01-08,716,N,VIIRS,n,2,301.27,7.15,D,0
21.36639,83.83959,334.24,0.57,0.43,2023-01-08,716,N,VIIRS,n,2,303.83,5.49,D,0
21.37035,83.83877,337.51,0.57,0.43,2023-01-08,716,N,VIIRS,n,2,302.52,5.49,D,0
21.97476,87.25538,339.47,0.4,0.37,2023-01-08,716,N,VIIRS,n,2,302.43,3.71,D,0
21.2927,83.40722,340.85,0.4,0.44,2023-01-08,716,N,VIIRS,n,2,302.97,5.05,D,0
21.95399,85.69289,348.53,0.45,0.39,2023-01-08,716,N,VIIRS,n,2,305.96,7.28,D,0
21.14999,81.41318,331.22,0.54,0.5,2023-01-08,716,N,VIIRS,n,2,301.61,3.27,D,0
21.7119,84.28831,338.95,0.53,0.42,2023-01-08,716,N,VIIRS,n,2,302.08,9.72,D,0
21.6692,84.03323,333.93,0.55,0.43,2023-01-08,716,N,VIIRS,n,2,301.99,4.06,D,0
20.9059,80.08023,328.32,0.33,0.55,2023-01-08,716,N,VIIRS,n,2,302.75,1.98,D,0
21.26454,81.77253,335.68,0.51,0.49,2023-01-08,716,N,VIIRS,n,2,302.14,10.05,D,0
21.26903,81.77152,367.0,0.51,0.49,2023-01-08,716,N,VIIRS,h,2,308.17,10.05,D,0
21.26999,81.77637,334.95,0.51,0.49,2023-01-08,716,N,VIIRS,n,2,305.29,10.05,D,0
21.70898,84.05227,331.44,0.55,0.43,2023-01-08,716,N,VIIRS,n,2,299.98,2.41,D,0
22.28135,87.38064,336.43,0.4,0.37,2023-01-08,716,N,VIIRS,n,2,303.71,4.84,D,0
22.28073,87.3768,331.38,0.4,0.37,2023-01-08,716,N,VIIRS,l,2,302.58,2.17,D,0
21.74508,84.18545,333.99,0.54,0.42,2023-01-08,716,N,VIIRS,l,2,304.08,12.3,D,0
21.74416,84.18029,343.72,0.54,0.42,2023-01-08,716,N,VIIRS,n,2,304.89,12.81,D,0
21.748,84.17947,336.51,0.54,0.42,2023-01-08,716,N,VIIRS,n,2,300.35,12.81,D,0
22.33412,87.4622,346.87,0.4,0.37,2023-01-08,716,N,VIIRS,n,2,303.02,10.99,D,0
22.26388,87.00983,330.39,0.41,0.37,2023-01-08,716,N,VIIRS,l,2,301.93,2.68,D,0
20.56003,78.18951,337.18,0.44,0.62,2023-01-08,716,N,VIIRS,n,2,300.86,4.07,D,0
21.14732,82.65624,335.84,0.45,0.47,2023-01-08,716,N,VIIRS,n,2,300.7,2.25,D,0
21.31496,83.502,331.15,0.4,0.44,2023-01-08,716,N,VIIRS,n,2,302.15,0.96,D,0
21.38667,83.72803,339.92,0.38,0.44,2023-01-08,716,N,VIIRS,n,2,302.68,3.73,D,0
21.46421,84.10291,352.3,0.55,0.43,2023-01-08,716,N,VIIRS,n,2,305.52,19.3,D,0
21.93409,86.77418,335.57,0.41,0.37,2023-01-08,716,N,VIIRS,n,2,304.05,1.82,D,0
21.4681,84.10207,347.59,0.55,0.43,2023-01-08,716,N,VIIRS,n,2,301.81,19.3,D,0
21.27085,83.04618,341.01,0.42,0.45,2023-01-08,716,N,VIIRS,n,2,306.19,2.76,D,0
21.27501,83.04532,335.38,0.42,0.45,2023-01-08,716,N,VIIRS,n,2,304.5,3.35,D,0
21.14854,82.36404,342.08,0.47,0.48,2023-01-08,716,N,VIIRS,n,2,302.42,7.04,D,0
21.09319,82.08035,347.3,0.49,0.48,2023-01-08,716,N,VIIRS,n,2,305.42,6.88,D,0
22.03196,87.30836,331.88,0.4,0.37,2023-01-08,716,N,VIIRS,n,2,300.33,2.97,D,0
21.47011,84.0247,337.59,0.55,0.43,2023-01-08,716,N,VIIRS,n,2,301.43,4.39,D,0
21.2824,82.99301,367.0,0.43,0.46,2023-01-08,716,N,VIIRS,h,2,307.13,11.2,D,0
21.28317,82.9971,351.1,0.43,0.46,2023-01-08,716,N,VIIRS,n,2,307.71,7.97,D,0
21.07034,81.89288,341.95,0.5,0.49,2023-01-08,716,N,VIIRS,n,2,306.26,5.51,D,0
21.60421,84.72456,331.13,0.51,0.41,2023-01-08,716,N,VIIRS,n,2,299.85,2.81,D,0
21.07481,81.89188,332.93,0.5,0.49,2023-01-08,716,N,VIIRS,l,2,306.56,5.51,D,0
22.06644,87.43644,337.32,0.4,0.37,2023-01-08,716,N,VIIRS,n,2,301.96,6.13,D,0
20.731,80.13448,334.11,0.33,0.55,2023-01-08,716,N,VIIRS,n,2,302.15,0.93,D,0
21.44432,83.77213,329.43,0.57,0.43,2023-01-08,716,N,VIIRS,n,2,302.88,2.72,D,0
21.39161,83.48569,345.3,0.4,0.44,2023-01-08,716,N,VIIRS,n,2,304.1,4.06,D,0
20.5591,78.18533,338.68,0.44,0.62,2023-01-08,716,N,VIIRS,n,2,301.72,4.07,D,0
22.35483,87.4623,330.62,0.4,0.37,2023-01-08,716,N,VIIRS,n,2,300.35,2.43,D,0
22.35756,87.45786,328.32,0.4,0.37,2023-01-08,716,N,VIIRS,n,2,298.34,0.54,D,0
22.02843,85.49417,343.02,0.46,0.39,2023-01-08,716,N,VIIRS,n,2,304.66,12.44,D,0
22.28115,86.96622,331.13,0.41,0.37,2023-01-08,716,N,VIIRS,n,2,300.76,1.3,D,0
22.03278,85.49789,333.51,0.46,0.39,2023-01-08,716,N,VIIRS,l,2,306.01,4.63,D,0
22.03201,85.49346,340.5,0.46,0.39,2023-01-08,716,N,VIIRS,n,2,305.15,4.63,D,0
21.32989,81.74068,344.26,0.51,0.49,2023-01-08,716,N,VIIRS,n,2,303.83,9.88,D,0
22.0356,85.49276,337.53,0.46,0.39,2023-01-08,716,N,VIIRS,n,2,301.89,4.63,D,0
21.60749,83.09651,340.42,0.42,0.45,2023-01-08,716,N,VIIRS,n,2,303.96,3.46,D,0
21.80853,84.1544,341.22,0.54,0.42,2023-01-08,716,N,VIIRS,n,2,302.39,5.45,D,0
22.36413,87.36998,334.71,0.4,0.37,2023-01-08,716,N,VIIRS,n,2,301.37,1.9,D,0
21.81239,84.15361,336.73,0.54,0.42,2023-01-08,716,N,VIIRS,n,2,299.34,5.45,D,0
21.59288,82.97433,334.53,0.42,0.45,2023-01-08,716,N,VIIRS,n,2,305.65,3.98,D,0
21.59702,82.97343,334.46,0.42,0.45,2023-01-08,716,N,VIIRS,n,2,301.63,3.37,D,0
21.38838,81.8233,331.06,0.5,0.49,2023-01-08,716,N,VIIRS,l,2,302.01,2.5,D,0
21.7107,83.48916,331.22,0.39,0.44,2023-01-08,716,N,VIIRS,l,2,303.05,1.91,D,0
21.4637,82.1858,337.09,0.47,0.48,2023-01-08,716,N,VIIRS,n,2,304.47,4.43,D,0
22.48803,88.02129,331.72,0.39,0.36,2023-01-08,716,N,VIIRS,n,2,297.89,1.69,D,0
22.36134,87.22379,337.79,0.4,0.37,2023-01-08,716,N,VIIRS,n,2,302.69,5.33,D,0
21.61545,82.95675,351.33,0.42,0.45,2023-01-08,716,N,VIIRS,n,2,304.03,4.37,D,0
21.46719,82.18033,332.14,0.47,0.48,2023-01-08,716,N,VIIRS,l,2,302.91,4.43,D,0
22.36781,87.24245,330.5,0.4,0.37,2023-01-08,716,N,VIIRS,n,2,300.23,2.5,D,0
22.43567,87.62373,331.64,0.39,0.36,2023-01-08,716,N,VIIRS,n,2,298.53,2.54,D,0
21.60947,82.85601,351.91,0.43,0.46,2023-01-08,716,N,VIIRS,n,2,304.25,14.17,D,0
21.60869,82.85191,339.36,0.43,0.46,2023-01-08,716,N,VIIRS,n,2,304.29,14.17,D,0
21.61364,82.85509,367.0,0.43,0.46,2023-01-08,716,N,VIIRS,h,2,309.14,14.17,D,0
21.61287,82.85099,338.68,0.43,0.46,2023-01-08,716,N,VIIRS,n,2,306.41,14.17,D,0
21.39255,81.70113,337.36,0.51,0.49,2023-01-08,716,N,VIIRS,n,2,303.92,6.23,D,0
21.61781,82.85419,333.58,0.43,0.46,2023-01-08,716,N,VIIRS,n,2,301.15,2.72,D,0
21.61704,82.85007,337.46,0.43,0.46,2023-01-08,716,N,VIIRS,n,2,298.88,2.72,D,0
21.40179,81.72441,338.74,0.51,0.49,2023-01-08,716,N,VIIRS,n,2,302.49,4.0,D,0
21.70146,83.28049,336.45,0.4,0.44,2023-01-08,716,N,VIIRS,n,2,301.29,2.24,D,0
21.42226,81.80568,340.31,0.5,0.49,2023-01-08,716,N,VIIRS,n,2,305.78,5.41,D,0
21.40628,81.7234,334.4,0.51,0.49,2023-01-08,716,N,VIIRS,n,2,301.12,4.0,D,0
21.39775,81.67957,342.26,0.51,0.49,2023-01-08,716,N,VIIRS,n,2,306.39,9.03,D,0
21.3968,81.67469,340.38,0.51,0.49,2023-01-08,716,N,VIIRS,n,2,301.75,9.03,D,0
21.39489,81.66487,329.73,0.51,0.49,2023-01-08,716,N,VIIRS,n,2,304.17,2.02,D,0
21.66756,83.13319,335.78,0.41,0.45,2023-01-08,716,N,VIIRS,n,2,302.52,2.33,D,0
21.61363,82.8555,355.37,0.43,0.46,2023-01-08,716,N,VIIRS,n,2,308.38,16.66,D,0
21.61283,82.85139,345.6,0.43,0.46,2023-01-08,716,N,VIIRS,n,2,307.29,16.66,D,0
21.87874,84.22791,333.4,0.53,0.42,2023-01-08,716,N,VIIRS,n,2,300.62,4.56,D,0
21.6178,82.85459,331.51,0.43,0.46,2023-01-08,716,N,VIIRS,n,2,301.36,16.66,D,0
21.617,82.85049,340.45,0.43,0.46,2023-01-08,716,N,VIIRS,n,2,299.34,16.66,D,0
21.70575,83.28755,340.67,0.4,0.44,2023-01-08,716,N,VIIRS,n,2,304.23,7.82,D,0
21.70427,83.27982,340.15,0.4,0.44,2023-01-08,716,N,VIIRS,n,2,300.72,6.06,D,0
21.39232,81.69804,340.07,0.51,0.49,2023-01-08,716,N,VIIRS,n,2,303.98,5.13,D,0
21.40271,81.72612,337.33,0.51,0.49,2023-01-08,716,N,VIIRS,n,2,302.41,4.68,D,0
21.40173,81.72128,329.29,0.51,0.49,2023-01-08,716,N,VIIRS,n,2,301.36,2.72,D,0
21.39739,81.67654,367.0,0.51,0.49,2023-01-08,716,N,VIIRS,h,2,306.44,18.3,D,0
21.69451,83.18465,343.18,0.41,0.45,2023-01-08,716,N,VIIRS,n,2,304.5,5.72,D,0
21.42278,81.80237,330.52,0.5,0.49,2023-01-08,716,N,VIIRS,l,2,304.69,6.62,D,0
21.39541,81.66678,332.75,0.51,0.49,2023-01-08,716,N,VIIRS,n,2,304.26,3.66,D,0
21.39893,81.66084,367.0,0.51,0.49,2023-01-08,716,N,VIIRS,h,2,308.72,13.17,D,0
21.39992,81.66576,329.24,0.51,0.49,2023-01-08,716,N,VIIRS,n,2,303.13,3.66,D,0
21.61129,82.709,332.74,0.44,0.46,2023-01-08,716,N,VIIRS,n,2,303.65,2.36,D,0
21.41521,81.71825,338.35,0.51,0.49,2023-01-08,716,N,VIIRS,n,2,302.89,3.95,D,0
21.40344,81.65982,332.05,0.51,0.49,2023-01-08,716,N,VIIRS,n,2,304.68,4.0,D,0
21.86935,84.04733,331.14,0.54,0.42,2023-01-08,716,N,VIIRS,l,2,305.73,4.03,D,0
21.33668,81.30706,331.0,0.54,0.51,2023-01-08,716,N,VIIRS,n,2,300.35,2.3,D,0
22.4645,87.44976,332.89,0.39,0.37,2023-01-08,716,N,VIIRS,n,2,300.78,2.89,D,0
21.52072,82.13191,367.0,0.48,0.48,2023-01-08,716,N,VIIRS,h,2,304.82,12.84,D,0
21.89538,84.10149,347.64,0.54,0.42,2023-01-08,716,N,VIIRS,n,2,304.21,9.16,D,0
21.51982,82.12735,343.38,0.48,0.48,2023-01-08,716,N,VIIRS,n,2,302.89,6.15,D,0
21.45473,81.77522,341.58,0.5,0.49,2023-01-08,716,N,VIIRS,n,2,304.6,5.2,D,0
21.9088,84.13107,331.72,0.54,0.42,2023-01-08,716,N,VIIRS,n,2,299.51,2.45,D,0
21.63835,82.69,347.28,0.44,0.46,2023-01-08,716,N,VIIRS,n,2,304.85,3.31,D,0
21.65459,82.75174,346.67,0.43,0.46,2023-01-08,716,N,VIIRS,n,2,306.83,19.17,D,0
21.65379,82.74757,355.32,0.43,0.46,2023-01-08,716,N,VIIRS,n,2,311.24,19.17,D,0
21.71614,83.00655,335.64,0.42,0.45,2023-01-08,716,N,VIIRS,n,2,303.57,2.97,D,0
21.70238,82.9339,337.2,0.42,0.45,2023-01-08,716,N,VIIRS,n,2,300.23,5.42,D,0
21.66478,82.73643,354.09,0.43,0.46,2023-01-08,716,N,VIIRS,n,2,311.62,36.21,D,0
21.66898,82.73552,354.53,0.43,0.46,2023-01-08,716,N,VIIRS,n,2,302.4,7.93,D,0
21.65456,82.66001,348.11,0.44,0.46,2023-01-08,716,N,VIIRS,n,2,302.68,5.46,D,0
21.57504,82.24718,337.43,0.47,0.48,2023-01-08,716,N,VIIRS,n,2,302.96,4.52,D,0
21.79978,83.40704,341.43,0.4,0.44,2023-01-08,716,N,VIIRS,n,2,302.04,3.75,D,0
22.06666,87.37322,330.54,0.4,0.37,2023-01-08,716,N,VIIRS,n,2,298.12,1.64,D,0
21.6335,82.52704,348.35,0.45,0.47,2023-01-08,716,N,VIIRS,n,2,305.88,11.01,D,0
21.63268,82.52273,353.34,0.45,0.47,2023-01-08,716,N,VIIRS,n,2,305.75,11.01,D,0
21.8045,83.40996,340.94,0.4,0.44,2023-01-08,716,N,VIIRS,n,2,302.76,3.01,D,0
21.76322,83.16589,337.25,0.41,0.45,2023-01-08,716,N,VIIRS,n,2,305.08,2.24,D,0
21.67363,82.69093,351.33,0.44,0.46,2023-01-08,716,N,VIIRS,n,2,315.26,53.75,D,0
22.46126,87.12925,331.77,0.4,0.37,2023-01-08,716,N,VIIRS,n,2,300.53,1.15,D,0
21.8435,83.53078,350.6,0.39,0.44,2023-01-08,716,N,VIIRS,n,2,305.81,7.43,D,0
21.77955,83.16236,353.09,0.41,0.45,2023-01-08,716,N,VIIRS,n,2,307.35,11.7,D,0
21.51005,81.74755,337.15,0.5,0.49,2023-01-08,716,N,VIIRS,n,2,304.23,3.93,D,0
21.50911,81.74272,330.54,0.5,0.49,2023-01-08,716,N,VIIRS,n,2,302.81,3.93,D,0
22.61794,88.05144,340.11,0.39,0.36,2023-01-08,716,N,VIIRS,n,2,300.08,5.06,D,0
21.78364,83.16148,335.02,0.41,0.45,2023-01-08,716,N,VIIRS,n,2,300.54,4.0,D,0
21.50577,81.67749,340.05,0.51,0.49,2023-01-08,716,N,VIIRS,n,2,302.62,3.36,D,0
19.12456,84.61369,336.92,0.56,0.43,2023-01-08,716,N,VIIRS,n,2,304.65,5.87,D,0
18.1926,79.92049,367.0,0.38,0.59,2023-01-08,716,N,VIIRS,h,2,305.68,6.76,D,0
18.96778,83.79544,338.8,0.42,0.45,2023-01-08,716,N,VIIRS,n,2,310.77,5.54,D,0
19.12064,84.61446,331.79,0.56,0.43,2023-01-08,716,N,VIIRS,n,2,304.9,2.95,D,0
19.12059,84.6363,334.97,0.56,0.43,2023-01-08,716,N,VIIRS,l,2,305.93,7.3,D,0
19.11275,84.63786,335.32,0.56,0.43,2023-01-08,716,N,VIIRS,l,2,305.74,7.1,D,0
19.1254,84.61072,334.95,0.56,0.43,2023-01-08,716,N,VIIRS,n,2,307.71,3.73,D,0
19.12147,84.6115,334.89,0.56,0.43,2023-01-08,716,N,VIIRS,n,2,307.34,3.73,D,0
19.12129,84.63339,342.04,0.56,0.43,2023-01-08,716,N,VIIRS,n,2,305.81,6.4,D,0
19.11737,84.63417,336.47,0.56,0.43,2023-01-08,716,N,VIIRS,n,2,307.41,6.4,D,0
18.31863,80.43863,331.81,0.35,0.57,2023-01-08,716,N,VIIRS,n,2,304.42,1.86,D,0
19.11438,84.64021,337.44,0.56,0.43,2023-01-08,716,N,VIIRS,n,2,305.03,5.22,D,0
19.11046,84.641,343.43,0.56,0.43,2023-01-08,716,N,VIIRS,n,2,307.11,5.22,D,0
19.1056,84.63651,331.28,0.56,0.43,2023-01-08,716,N,VIIRS,n,2,305.77,4.1,D,0
19.10654,84.64178,342.74,0.56,0.43,2023-01-08,716,N,VIIRS,n,2,305.13,4.1,D,0
18.19147,79.9219,337.46,0.38,0.59,2023-01-08,716,N,VIIRS,n,2,304.02,3.52,D,0
18.19782,79.98003,343.27,0.38,0.58,2023-01-08,716,N,VIIRS,n,2,305.65,4.45,D,0
17.51939,77.00216,355.06,0.6,0.71,2023-01-08,716,N,VIIRS,n,2,304.56,12.6,D,0
18.18759,80.09235,331.29,0.37,0.58,2023-01-08,716,N,VIIRS,n,2,304.92,3.56,D,0
19.06937,84.63825,335.99,0.56,0.43,2023-01-08,716,N,VIIRS,n,2,303.37,4.29,D,0
18.10042,79.78268,340.44,0.39,0.59,2023-01-08,716,N,VIIRS,n,2,303.37,4.28,D,0
18.09501,79.78391,331.27,0.39,0.59,2023-01-08,716,N,VIIRS,l,2,303.82,3.98,D,0
18.79087,83.57236,337.78,0.43,0.46,2023-01-08,716,N,VIIRS,n,2,307.1,3.41,D,0
18.05654,79.93103,335.29,0.38,0.59,2023-01-08,716,N,VIIRS,n,2,302.08,1.36,D,0
18.82611,83.85662,341.25,0.42,0.45,2023-01-08,716,N,VIIRS,n,2,307.95,6.92,D,0
18.87263,84.17845,337.35,0.4,0.44,2023-01-08,716,N,VIIRS,n,2,304.56,4.6,D,0
18.85044,84.19456,337.55,0.4,0.44,2023-01-08,716,N,VIIRS,n,2,307.91,3.49,D,0
18.77274,83.89188,329.69,0.42,0.45,2023-01-08,716,N,VIIRS,n,2,304.64,2.27,D,0
17.55859,78.00752,336.35,0.52,0.67,2023-01-08,716,N,VIIRS,n,2,302.76,3.5,D,0
18.76477,84.0892,336.33,0.4,0.45,2023-01-08,716,N,VIIRS,n,2,303.48,2.96,D,0
18.73199,83.97997,341.72,0.41,0.45,2023-01-08,716,N,VIIRS,n,2,307.92,4.25,D,0
17.49776,77.93464,331.9,0.53,0.67,2023-01-08,716,N,VIIRS,n,2,301.93,2.42,D,0
18.71196,83.96382,334.09,0.41,0.45,2023-01-08,716,N,VIIRS,l,2,308.95,4.59,D,0
17.68026,78.96852,337.54,0.45,0.63,2023-01-08,716,N,VIIRS,n,2,301.98,2.24,D,0
18.60626,83.65445,332.74,0.43,0.46,2023-01-08,716,N,VIIRS,n,2,303.83,2.43,D,0
17.87085,79.91039,337.29,0.39,0.59,2023-01-08,716,N,VIIRS,n,2,306.1,4.14,D,0
17.6798,78.96815,335.61,0.45,0.63,2023-01-08,716,N,VIIRS,n,2,301.93,2.2,D,0
17.78463,79.96426,345.86,0.38,0.59,2023-01-08,716,N,VIIRS,n,2,305.17,2.76,D,0
17.77923,79.96542,339.98,0.38,0.59,2023-01-08,716,N,VIIRS,n,2,304.22,2.76,D,0
17.78392,79.96535,356.26,0.38,0.59,2023-01-08,716,N,VIIRS,n,2,306.97,5.38,D,0
17.75695,79.97134,332.33,0.38,0.59,2023-01-08,716,N,VIIRS,n,2,303.01,1.4,D,0
17.73168,80.22704,331.02,0.37,0.58,2023-01-08,716,N,VIIRS,l,2,303.11,2.57,D,0
17.73388,80.22771,338.49,0.37,0.58,2023-01-08,716,N,VIIRS,n,2,304.02,3.62,D,0
16.78647,76.08784,332.54,0.71,0.75,2023-01-08,716,N,VIIRS,n,2,300.35,3.15,D,0
17.10289,77.49842,338.17,0.57,0.69,2023-01-08,716,N,VIIRS,n,2,306.08,4.76,D,0
17.62403,80.07307,351.33,0.38,0.59,2023-01-08,716,N,VIIRS,n,2,305.77,4.93,D,0
17.57217,79.90613,329.98,0.39,0.59,2023-01-08,716,N,VIIRS,n,2,302.06,1.1,D,0
17.75261,80.85313,334.05,0.34,0.56,2023-01-08,716,N,VIIRS,n,2,302.49,2.13,D,0
17.59159,80.13251,367.0,0.38,0.59,2023-01-08,716,N,VIIRS,h,2,306.76,6.9,D,0
17.75099,80.85374,333.92,0.34,0.56,2023-01-08,716,N,VIIRS,n,2,302.9,2.54,D,0
17.59507,80.13107,367.0,0.38,0.59,2023-01-08,716,N,VIIRS,h,2,307.47,9.75,D,0
17.56753,80.13334,330.71,0.38,0.59,2023-01-08,716,N,VIIRS,n,2,302.55,1.44,D,0
18.22113,83.47581,343.59,0.45,0.47,2023-01-08,716,N,VIIRS,n,2,305.36,5.07,D,0
17.66353,80.86922,334.44,0.34,0.56,2023-01-08,716,N,VIIRS,n,2,303.27,1.59,D,0
17.67536,81.05633,342.46,0.33,0.55,2023-01-08,716,N,VIIRS,n,2,304.93,2.79,D,0
22.06233,87.34632,331.28,0.4,0.37,2023-01-08,716,N,VIIRS,n,2,298.97,4.12,D,0
21.3203,83.05664,341.79,0.42,0.45,2023-01-08,716,N,VIIRS,n,2,304.78,3.47,D,0
21.00055,81.39376,338.86,0.54,0.51,2023-01-08,716,N,VIIRS,n,2,302.32,6.1,D,0
21.39879,83.45642,340.37,0.4,0.44,2023-01-08,716,N,VIIRS,n,2,302.09,5.3,D,0
20.99824,81.39138,337.37,0.54,0.51,2023-01-08,716,N,VIIRS,n,2,302.24,5.57,D,0
20.99505,81.37585,328.91,0.54,0.51,2023-01-08,716,N,VIIRS,n,2,300.85,3.06,D,0
21.33208,83.02079,338.38,0.42,0.45,2023-01-08,716,N,VIIRS,n,2,305.77,3.1,D,0
21.52313,84.00578,346.73,0.55,0.43,2023-01-08,716,N,VIIRS,n,2,305.37,16.69,D,0
21.53385,83.99802,343.24,0.55,0.43,2023-01-08,716,N,VIIRS,n,2,302.22,11.46,D,0
22.05479,86.93115,330.4,0.41,0.37,2023-01-08,716,N,VIIRS,l,2,302.29,1.87,D,0
21.0677,81.51997,330.73,0.53,0.5,2023-01-08,716,N,VIIRS,l,2,303.53,4.9,D,0
21.0884,81.59924,334.11,0.52,0.5,2023-01-08,716,N,VIIRS,n,2,303.54,3.87,D,0
21.18679,82.07071,336.59,0.49,0.48,2023-01-08,716,N,VIIRS,n,2,300.89,4.22,D,0
21.42423,83.23384,338.03,0.41,0.45,2023-01-08,716,N,VIIRS,n,2,302.44,3.68,D,0
21.07069,81.39119,340.47,0.54,0.51,2023-01-08,716,N,VIIRS,n,2,301.15,4.66,D,0
21.3763,82.93493,344.98,0.43,0.46,2023-01-08,716,N,VIIRS,n,2,304.33,7.45,D,0
21.22236,82.11135,340.33,0.48,0.48,2023-01-08,716,N,VIIRS,n,2,308.26,8.25,D,0
21.22676,82.11036,346.26,0.48,0.48,2023-01-08,716,N,VIIRS,n,2,309.52,8.25,D,0
21.04795,81.20489,347.33,0.55,0.51,2023-01-08,716,N,VIIRS,n,2,301.13,9.68,D,0
22.20917,87.64944,334.0,0.39,0.36,2023-01-08,716,N,VIIRS,n,2,300.17,2.8,D,0
21.75416,84.93376,338.86,0.49,0.4,2023-01-08,716,N,VIIRS,n,2,304.32,4.92,D,0
21.5991,84.067,343.01,0.55,0.43,2023-01-08,716,N,VIIRS,n,2,304.08,13.23,D,0
21.20461,81.94923,332.08,0.5,0.49,2023-01-08,716,N,VIIRS,n,2,305.37,2.7,D,0
21.20368,81.94449,332.21,0.5,0.49,2023-01-08,716,N,VIIRS,n,2,304.61,2.7,D,0
21.15062,81.67355,331.21,0.52,0.5,2023-01-08,716,N,VIIRS,n,2,302.86,1.87,D,0
22.16455,87.32734,331.71,0.4,0.37,2023-01-08,716,N,VIIRS,l,2,302.1,4.42,D,0
21.38706,82.87688,343.73,0.43,0.46,2023-01-08,716,N,VIIRS,n,2,303.33,4.61,D,0
21.15515,81.67252,329.22,0.52,0.5,2023-01-08,716,N,VIIRS,n,2,301.49,1.79,D,0
21.06135,81.17404,330.52,0.56,0.51,2023-01-08,716,N,VIIRS,n,2,301.4,2.25,D,0
21.48343,83.27787,330.69,0.41,0.45,2023-01-08,716,N,VIIRS,n,2,302.14,3.35,D,0
21.48179,83.27808,333.85,0.41,0.45,2023-01-08,716,N,VIIRS,n,2,302.17,2.66,D,0
21.06269,81.17635,330.11,0.56,0.51,2023-01-08,716,N,VIIRS,n,2,301.14,4.05,D,0
22.24035,87.49065,328.81,0.4,0.37,2023-01-08,716,N,VIIRS,l,2,300.87,2.23,D,0
21.2528,82.01845,336.65,0.49,0.48,2023-01-08,716,N,VIIRS,n,2,306.37,3.79,D,0
21.46976,83.10423,333.38,0.42,0.45,2023-01-08,716,N,VIIRS,n,2,301.21,3.78,D,0
21.28921,82.1553,344.72,0.48,0.48,2023-01-08,716,N,VIIRS,n,2,301.79,5.07,D,0
19.13042,84.62346,339.92,0.56,0.43,2023-01-08,716,N,VIIRS,n,2,307.83,5.08,D,0
18.2227,80.03577,330.12,0.37,0.58,2023-01-08,716,N,VIIRS,n,2,303.84,2.44,D,0
18.19805,79.81349,333.88,0.39,0.59,2023-01-08,716,N,VIIRS,n,2,303.19,4.4,D,0
18.19728,79.80982,337.78,0.39,0.59,2023-01-08,716,N,VIIRS,n,2,302.8,3.37,D,0
18.2603,79.97582,341.06,0.38,0.58,2023-01-08,716,N,VIIRS,n,2,303.13,3.72,D,0
18.25956,79.97227,332.8,0.38,0.58,2023-01-08,716,N,VIIRS,n,2,302.52,3.72,D,0
18.26415,79.96749,339.89,0.38,0.58,2023-01-08,716,N,VIIRS,n,2,304.04,3.34,D,0
18.26949,79.96629,331.54,0.38,0.58,2023-01-08,716,N,VIIRS,l,2,304.82,4.8,D,0
19.01763,83.74047,331.91,0.42,0.45,2023-01-08,716,N,VIIRS,n,2,300.99,0.93,D,0
18.32793,80.2215,333.87,0.36,0.57,2023-01-08,716,N,VIIRS,l,2,304.62,3.4,D,0
17.65458,77.03492,333.69,0.6,0.7,2023-01-08,716,N,VIIRS,n,2,302.7,2.28,D,0
18.30499,80.00295,343.45,0.37,0.58,2023-01-08,716,N,VIIRS,n,2,303.69,2.98,D,0
19.1145,83.7904,340.53,0.42,0.45,2023-01-08,716,N,VIIRS,n,2,307.17,4.91,D,0
19.11863,83.78957,329.9,0.42,0.45,2023-01-08,716,N,VIIRS,n,2,304.61,4.91,D,0
18.34615,79.89207,336.86,0.38,0.59,2023-01-08,716,N,VIIRS,n,2,302.41,1.8,D,0
18.87276,82.47374,333.89,0.51,0.49,2023-01-08,716,N,VIIRS,n,2,303.24,3.84,D,0
18.34698,79.86929,329.21,0.38,0.59,2023-01-08,716,N,VIIRS,l,2,303.66,2.63,D,0
18.35865,79.81747,333.23,0.38,0.59,2023-01-08,716,N,VIIRS,n,2,303.39,1.65,D,0
18.39645,79.78223,331.98,0.38,0.59,2023-01-08,716,N,VIIRS,n,2,302.8,2.41,D,0
19.18288,83.73579,330.41,0.42,0.45,2023-01-08,716,N,VIIRS,n,2,305.35,3.61,D,0
18.97515,82.53773,339.75,0.5,0.49,2023-01-08,716,N,VIIRS,n,2,303.26,3.02,D,0
18.02739,77.94122,332.32,0.51,0.66,2023-01-08,716,N,VIIRS,n,2,305.31,3.66,D,0
19.05467,82.66188,341.79,0.49,0.49,2023-01-08,716,N,VIIRS,n,2,305.33,4.33,D,0
18.99894,82.272,333.94,0.52,0.5,2023-01-08,716,N,VIIRS,n,2,303.41,5.63,D,0
18.99889,82.27012,334.78,0.52,0.5,2023-01-08,716,N,VIIRS,n,2,303.26,2.14,D,0
19.06369,82.2868,333.97,0.52,0.5,2023-01-08,716,N,VIIRS,l,2,304.98,3.44,D,0
19.08014,82.29856,339.99,0.52,0.5,2023-01-08,716,N,VIIRS,n,2,303.63,6.46,D,0
19.08468,82.29762,331.01,0.52,0.5,2023-01-08,716,N,VIIRS,l,2,302.74,6.34,D,0
19.10203,82.16589,333.28,0.53,0.5,2023-01-08,716,N,VIIRS,n,2,303.3,4.23,D,0
18.69193,79.82603,329.61,0.38,0.58,2023-01-08,716,N,VIIRS,n,2,300.44,1.35,D,0
19.43103,83.36514,329.01,0.44,0.46,2023-01-08,716,N,VIIRS,n,2,302.42,2.42,D,0
19.43081,83.36563,328.5,0.44,0.46,2023-01-08,716,N,VIIRS,n,2,301.93,1.18,D,0
19.4851,83.5364,328.95,0.42,0.46,2023-01-08,716,N,VIIRS,l,2,301.89,4.4,D,0
18.33472,77.97114,338.95,0.5,0.66,2023-01-08,716,N,VIIRS,n,2,302.84,4.04,D,0
19.90565,85.80622,331.29,0.47,0.4,2023-01-08,716,N,VIIRS,n,2,300.34,2.75,D,0
18.81524,80.02813,353.24,0.36,0.58,2023-01-08,716,N,VIIRS,n,2,305.87,4.55,D,0
19.94158,85.90539,333.64,0.47,0.4,2023-01-08,716,N,VIIRS,n,2,303.69,3.0,D,0
19.99632,86.0946,340.01,0.46,0.39,2023-01-08,716,N,VIIRS,n,2,301.35,6.26,D,0
19.28755,82.09933,338.29,0.53,0.5,2023-01-08,716,N,VIIRS,n,2,303.35,3.05,D,0
19.96063,85.68821,339.73,0.48,0.4,2023-01-08,716,N,VIIRS,n,2,301.99,8.02,D,0
19.95967,85.68967,343.19,0.48,0.4,2023-01-08,716,N,VIIRS,n,2,302.54,8.78,D,0
19.29122,82.10059,341.37,0.53,0.5,2023-01-08,716,N,VIIRS,n,2,303.79,5.94,D,0
19.58928,83.51428,328.25,0.42,0.46,2023-01-08,716,N,VIIRS,n,2,302.2,1.36,D,0
20.12149,86.28045,330.35,0.45,0.39,2023-01-08,716,N,VIIRS,n,2,299.9,1.79,D,0
20.17405,86.3755,338.99,0.44,0.39,2023-01-08,716,N,VIIRS,n,2,301.99,2.89,D,0
19.55444,82.81157,330.88,0.47,0.48,2023-01-08,716,N,VIIRS,n,2,302.72,2.71,D,0
20.09773,85.68394,345.25,0.48,0.4,2023-01-08,716,N,VIIRS,n,2,305.96,10.75,D,0
19.59168,82.84052,329.4,0.47,0.47,2023-01-08,716,N,VIIRS,n,2,302.26,2.08,D,0
20.15322,85.89524,331.82,0.47,0.39,2023-01-08,716,N,VIIRS,n,2,304.11,3.21,D,0
20.18609,86.04307,333.7,0.46,0.39,2023-01-08,716,N,VIIRS,n,2,303.83,1.71,D,0
19.62273,82.86141,340.91,0.46,0.47,2023-01-08,716,N,VIIRS,n,2,302.61,4.33,D,0
18.57839,77.72312,367.0,0.52,0.66,2023-01-08,716,N,VIIRS,h,2,302.65,7.2,D,0
18.58446,77.72167,350.39,0.52,0.66,2023-01-08,716,N,VIIRS,n,2,298.48,5.85,D,0
19.57664,82.49998,340.63,0.49,0.49,2023-01-08,716,N,VIIRS,n,2,301.93,12.47,D,0
19.58375,82.51309,367.0,0.49,0.49,2023-01-08,716,N,VIIRS,h,2,309.96,24.13,D,0
19.65488,82.84085,329.32,0.47,0.47,2023-01-08,716,N,VIIRS,l,2,302.8,1.95,D,0
19.59262,82.48694,335.26,0.49,0.49,2023-01-08,716,N,VIIRS,n,2,304.75,6.2,D,0
19.58615,82.51392,340.22,0.49,0.48,2023-01-08,716,N,VIIRS,n,2,301.43,9.63,D,0
19.58525,82.50938,340.9,0.49,0.49,2023-01-08,716,N,VIIRS,n,2,303.49,9.63,D,0
20.19278,85.73676,333.2,0.47,0.4,2023-01-08,716,N,VIIRS,n,2,303.57,2.73,D,0
19.46325,81.87527,339.36,0.54,0.51,2023-01-08,716,N,VIIRS,n,2,306.31,7.9,D,0
20.19799,85.74503,331.69,0.47,0.4,2023-01-08,716,N,VIIRS,n,2,304.02,2.38,D,0
18.58378,77.72334,367.0,0.51,0.66,2023-01-08,716,N,VIIRS,h,2,302.42,17.41,D,0
20.31427,86.39461,332.62,0.44,0.38,2023-01-08,716,N,VIIRS,l,2,303.18,3.77,D,0
19.59487,82.48799,341.23,0.49,0.49,2023-01-08,716,N,VIIRS,n,2,305.86,4.77,D,0
19.60099,82.47213,346.81,0.49,0.49,2023-01-08,716,N,VIIRS,n,2,304.75,4.99,D,0
19.6001,82.46759,329.69,0.49,0.49,2023-01-08,716,N,VIIRS,l,2,300.98,4.99,D,0
19.65679,82.54565,340.98,0.49,0.48,2023-01-08,716,N,VIIRS,n,2,304.37,11.61,D,0
19.65591,82.54106,340.03,0.49,0.48,2023-01-08,716,N,VIIRS,n,2,303.74,11.61,D,0
19.60197,82.26312,340.82,0.51,0.49,2023-01-08,716,N,VIIRS,n,2,303.93,4.0,D,0
19.73129,82.83942,336.58,0.46,0.47,2023-01-08,716,N,VIIRS,n,2,302.05,5.01,D,0
19.74244,82.85074,339.35,0.46,0.47,2023-01-08,716,N,VIIRS,n,2,302.31,4.63,D,0
19.69296,82.51854,347.12,0.49,0.48,2023-01-08,716,N,VIIRS,n,2,310.4,53.78,D,0
20.34572,86.06273,337.68,0.46,0.39,2023-01-08,716,N,VIIRS,n,2,303.52,5.53,D,0
20.25691,85.54138,333.89,0.48,0.4,2023-01-08,716,N,VIIRS,n,2,303.17,3.08,D,0
20.25031,85.48088,333.91,0.49,0.4,2023-01-08,716,N,VIIRS,l,2,307.42,4.15,D,0
19.69161,82.47236,332.52,0.49,0.49,2023-01-08,716,N,VIIRS,n,2,300.19,2.4,D,0
20.33341,85.85373,331.96,0.46,0.39,2023-01-08,716,N,VIIRS,n,2,303.01,4.24,D,0
20.33702,85.85303,344.13,0.46,0.39,2023-01-08,716,N,VIIRS,n,2,303.99,4.24,D,0
20.413,86.25024,333.19,0.45,0.39,2023-01-08,716,N,VIIRS,n,2,301.3,2.03,D,0
20.41155,86.24174,338.07,0.45,0.39,2023-01-08,716,N,VIIRS,n,2,303.54,10.15,D,0
19.79382,82.83195,330.48,0.46,0.47,2023-01-08,716,N,VIIRS,n,2,302.16,1.65,D,0
19.71954,82.40267,332.41,0.49,0.49,2023-01-08,716,N,VIIRS,n,2,301.81,2.93,D,0
19.71039,82.3559,346.71,0.5,0.49,2023-01-08,716,N,VIIRS,n,2,303.39,7.19,D,0
20.33374,85.57526,337.65,0.48,0.4,2023-01-08,716,N,VIIRS,n,2,304.66,4.86,D,0
20.48814,86.4143,338.15,0.44,0.38,2023-01-08,716,N,VIIRS,n,2,303.9,6.39,D,0
20.49586,86.43869,341.92,0.44,0.38,2023-01-08,716,N,VIIRS,n,2,301.21,5.12,D,0
19.86648,82.9071,334.99,0.46,0.47,2023-01-08,716,N,VIIRS,n,2,302.96,2.85,D,0
20.51969,86.45135,340.25,0.44,0.38,2023-01-08,716,N,VIIRS,n,2,302.63,3.88,D,0
19.75328,82.11872,338.09,0.51,0.5,2023-01-08,716,N,VIIRS,n,2,302.95,4.72,D,0
19.78449,82.15747,345.9,0.51,0.49,2023-01-08,716,N,VIIRS,n,2,307.03,9.91,D,0
19.84308,82.43317,331.2,0.49,0.49,2023-01-08,716,N,VIIRS,n,2,303.93,3.2,D,0
20.56853,86.35633,340.76,0.44,0.38,2023-01-08,716,N,VIIRS,n,2,303.93,4.2,D,0
20.62383,86.53484,333.64,0.43,0.38,2023-01-08,716,N,VIIRS,n,2,301.91,2.76,D,0
20.64396,86.5693,331.62,0.43,0.38,2023-01-08,716,N,VIIRS,n,2,301.0,1.88,D,0
19.88312,82.2802,337.49,0.5,0.49,2023-01-08,716,N,VIIRS,n,2,299.81,9.1,D,0
20.54956,85.9322,333.29,0.46,0.39,2023-01-08,716,N,VIIRS,n,2,303.68,1.65,D,0
19.88082,82.28249,350.47,0.5,0.49,2023-01-08,716,N,VIIRS,n,2,301.53,6.88,D,0
20.57086,85.90553,335.66,0.46,0.39,2023-01-08,716,N,VIIRS,n,2,305.43,3.04,D,0
19.92791,82.21351,332.37,0.5,0.49,2023-01-08,716,N,VIIRS,n,2,303.54,3.15,D,0
20.59824,85.74062,345.13,0.47,0.39,2023-01-08,716,N,VIIRS,n,2,303.93,7.51,D,0
19.9573,82.17205,351.92,0.51,0.49,2023-01-08,716,N,VIIRS,n,2,305.83,7.56,D,0
19.96629,82.1701,330.08,0.51,0.49,2023-01-08,716,N,VIIRS,l,2,303.54,2.36,D,0
19.96354,82.15575,330.76,0.51,0.49,2023-01-08,716,N,VIIRS,n,2,304.46,2.73,D,0
20.75236,86.52387,334.62,0.43,0.38,2023-01-08,716,N,VIIRS,n,2,303.81,6.4,D,0
20.75295,86.52496,334.39,0.43,0.38,2023-01-08,716,N,VIIRS,n,2,302.99,6.52,D,0
20.83021,86.96136,337.71,0.42,0.37,2023-01-08,716,N,VIIRS,n,2,306.45,3.87,D,0
20.8343,86.96468,344.81,0.42,0.37,2023-01-08,716,N,VIIRS,n,2,312.56,5.09,D,0
20.83773,86.96404,330.35,0.42,0.37,2023-01-08,716,N,VIIRS,l,2,303.93,5.09,D,3
19.95858,82.17475,337.05,0.51,0.49,2023-01-08,716,N,VIIRS,n,2,303.45,4.37,D,0
19.95763,82.17001,339.32,0.51,0.49,2023-01-08,716,N,VIIRS,n,2,304.86,4.37,D,0
19.96376,82.15376,334.79,0.51,0.49,2023-01-08,716,N,VIIRS,n,2,304.4,1.77,D,0
18.99874,77.44476,330.86,0.53,0.67,2023-01-08,716,N,VIIRS,n,2,302.04,1.81,D,0
19.56547,79.65429,331.23,0.37,0.58,2023-01-08,716,N,VIIRS,n,2,303.27,2.17,D,0
20.91628,86.59209,335.41,0.43,0.38,2023-01-08,716,N,VIIRS,n,2,303.47,2.1,D,0
20.94426,86.73778,336.72,0.42,0.38,2023-01-08,716,N,VIIRS,n,2,303.22,3.76,D,0
20.88215,86.36852,331.23,0.44,0.38,2023-01-08,716,N,VIIRS,n,2,301.89,2.18,D,0
20.94238,86.68382,346.4,0.42,0.38,2023-01-08,716,N,VIIRS,n,2,303.45,4.91,D,0
20.9417,86.67976,351.97,0.42,0.38,2023-01-08,716,N,VIIRS,n,2,304.32,4.91,D,0
20.86784,86.24138,341.83,0.44,0.38,2023-01-08,716,N,VIIRS,n,2,307.36,6.76,D,0
20.87136,86.2407,349.52,0.44,0.38,2023-01-08,716,N,VIIRS,n,2,308.46,26.32,D,0
18.69574,75.45692,339.79,0.71,0.75,2023-01-08,716,N,VIIRS,n,2,299.15,10.3,D,0
20.9692,86.71638,333.53,0.42,0.38,2023-01-08,716,N,VIIRS,n,2,301.95,2.31,D,0
20.89388,86.22331,336.71,0.44,0.39,2023-01-08,716,N,VIIRS,l,2,306.96,8.45,D,0
20.89317,86.21909,343.96,0.44,0.39,2023-01-08,716,N,VIIRS,n,2,305.85,8.45,D,0
20.8974,86.22263,338.62,0.44,0.39,2023-01-08,716,N,VIIRS,n,2,307.19,3.85,D,0
20.7351,85.14328,333.09,0.5,0.41,2023-01-08,716,N,VIIRS,l,2,303.29,2.59,D,0
20.99697,86.66129,330.96,0.42,0.38,2023-01-08,716,N,VIIRS,n,2,301.93,1.65,D,0
20.98387,86.56281,346.52,0.43,0.38,2023-01-08,716,N,VIIRS,n,2,306.15,9.1,D,0
20.92702,86.20892,335.28,0.44,0.39,2023-01-08,716,N,VIIRS,n,2,305.8,2.81,D,0
18.69384,75.45509,348.03,0.71,0.75,2023-01-08,716,N,VIIRS,n,2,300.2,9.96,D,0
20.92349,86.08232,340.39,0.45,0.39,2023-01-08,716,N,VIIRS,n,2,306.03,4.36,D,0
20.79407,85.25479,336.65,0.49,0.4,2023-01-08,716,N,VIIRS,n,2,307.97,7.52,D,2
21.04127,86.64873,333.71,0.42,0.38,2023-01-08,716,N,VIIRS,n,2,302.87,5.38,D,0
21.01729,86.48444,331.47,0.43,0.38,2023-01-08,716,N,VIIRS,n,2,301.19,4.66,D,0
20.78394,85.11079,333.62,0.5,0.41,2023-01-08,716,N,VIIRS,l,2,304.13,5.16,D,0
20.14364,81.70129,341.77,0.54,0.51,2023-01-08,716,N,VIIRS,n,2,302.59,5.81,D,0
20.99055,86.24028,336.14,0.44,0.38,2023-01-08,716,N,VIIRS,n,2,305.56,2.9,D,0
19.24664,77.38273,337.39,0.52,0.67,2023-01-08,716,N,VIIRS,n,2,303.01,3.02,D,0
21.01803,86.38182,336.91,0.43,0.38,2023-01-08,716,N,VIIRS,n,2,303.52,4.05,D,0
23.72423,87.29426,336.45,0.39,0.36,2023-01-08,717,N,VIIRS,n,2,301.41,4.47,D,0
26.73514,93.74548,327.97,0.42,0.45,2023-01-08,717,N,VIIRS,n,2,298.68,2.01,D,0
26.7347,93.74519,328.85,0.42,0.45,2023-01-08,717,N,VIIRS,n,2,298.89,1.59,D,0
24.32731,81.17097,326.55,0.48,0.48,2023-01-08,717,N,VIIRS,n,2,300.46,2.98,D,0
24.61358,83.9757,331.61,0.5,0.41,2023-01-08,717,N,VIIRS,n,2,300.24,2.3,D,0
26.00397,93.73731,333.41,0.41,0.45,2023-01-08,717,N,VIIRS,n,2,298.14,3.25,D,0
25.75085,91.71465,328.6,0.48,0.4,2023-01-08,717,N,VIIRS,n,2,297.68,3.09,D,0
25.63987,91.19616,332.24,0.45,0.39,2023-01-08,717,N,VIIRS,n,2,292.18,5.53,D,0
23.25345,77.98539,367.0,0.4,0.6,2023-01-08,717,N,VIIRS,h,2,302.61,6.04,D,0
25.6608,91.64548,337.23,0.48,0.4,2023-01-08,717,N,VIIRS,n,2,293.89,4.34,D,0
24.16953,82.56017,337.89,0.4,0.44,2023-01-08,717,N,VIIRS,n,2,305.31,3.95,D,2
25.64333,91.96763,331.6,0.49,0.4,2023-01-08,717,N,VIIRS,n,2,296.48,4.86,D,0
24.16677,82.67883,333.79,0.4,0.44,2023-01-08,717,N,VIIRS,n,2,302.05,2.69,D,0
25.67543,92.4092,334.91,0.52,0.41,2023-01-08,717,N,VIIRS,n,2,295.72,5.52,D,0
25.62798,92.53259,325.79,0.52,0.42,2023-01-08,717,N,VIIRS,n,2,295.48,1.27,D,0
24.81051,86.85417,344.83,0.39,0.37,2023-01-08,717,N,VIIRS,n,2,297.39,4.3,D,0
25.58179,92.24184,329.73,0.51,0.41,2023-01-08,717,N,VIIRS,n,2,296.84,2.07,D,0
23.05323,77.86095,338.44,0.41,0.61,2023-01-08,717,N,VIIRS,n,2,299.1,5.18,D,0
25.54089,92.19112,333.94,0.5,0.41,2023-01-08,717,N,VIIRS,n,2,295.58,4.57,D,0
25.54149,92.19599,330.03,0.5,0.41,2023-01-08,717,N,VIIRS,n,2,298.17,4.57,D,0
25.42009,91.32944,330.94,0.46,0.39,2023-01-08,717,N,VIIRS,n,2,295.95,4.6,D,0
25.41349,91.33515,333.89,0.46,0.39,2023-01-08,717,N,VIIRS,n,2,297.21,5.34,D,0
25.39559,91.31018,334.31,0.46,0.39,2023-01-08,717,N,VIIRS,n,2,301.15,3.56,D,0
25.40025,91.34636,334.91,0.46,0.39,2023-01-08,717,N,VIIRS,n,2,296.04,2.19,D,0
24.9151,87.93229,344.59,0.38,0.36,2023-01-08,717,N,VIIRS,n,2,293.88,6.99,D,0
25.34315,90.99075,339.2,0.44,0.39,2023-01-08,717,N,VIIRS,n,2,300.57,4.69,D,0
25.3912,91.36169,330.99,0.46,0.39,2023-01-08,717,N,VIIRS,n,2,299.35,3.48,D,0
25.49002,92.2138,327.67,0.5,0.41,2023-01-08,717,N,VIIRS,n,2,297.27,2.77,D,0
25.4854,92.27086,325.93,0.51,0.41,2023-01-08,717,N,VIIRS,n,2,297.2,2.97,D,0
25.34966,91.20918,333.28,0.45,0.39,2023-01-08,717,N,VIIRS,n,2,296.97,3.64,D,0
25.37254,91.38835,330.5,0.46,0.39,2023-01-08,717,N,VIIRS,n,2,296.82,3.34,D,0
25.37521,91.3866,327.2,0.46,0.39,2023-01-08,717,N,VIIRS,n,2,297.84,2.24,D,0
25.37163,91.38731,326.87,0.46,0.39,2023-01-08,717,N,VIIRS,n,2,296.01,1.85,D,0
25.46164,92.29261,326.25,0.51,0.41,2023-01-08,717,N,VIIRS,n,2,298.31,2.94,D,0
23.21362,79.25388,333.46,0.33,0.55,2023-01-08,717,N,VIIRS,n,2,300.96,4.45,D,0
23.21293,79.2507,367.0,0.33,0.55,2023-01-08,717,N,VIIRS,h,2,303.01,8.0,D,0
23.2093,79.25845,332.49,0.33,0.55,2023-01-08,717,N,VIIRS,n,2,301.35,4.45,D,0
23.20222,79.25036,327.69,0.33,0.55,2023-01-08,717,N,VIIRS,l,2,298.22,1.37,D,0
23.03498,78.54288,330.4,0.37,0.58,2023-01-08,717,N,VIIRS,n,2,298.69,3.25,D,0
23.18793,79.25802,329.04,0.33,0.55,2023-01-08,717,N,VIIRS,n,2,299.38,1.87,D,0
25.36029,92.02969,346.68,0.49,0.4,2023-01-08,717,N,VIIRS,n,2,298.81,7.61,D,0
25.36984,92.13863,331.93,0.5,0.41,2023-01-08,717,N,VIIRS,n,2,297.31,4.11,D,0
25.40656,92.44221,334.13,0.52,0.41,2023-01-08,717,N,VIIRS,n,2,299.88,3.06,D,0
25.41087,92.51086,325.75,0.52,0.42,2023-01-08,717,N,VIIRS,l,2,298.33,2.91,D,0
25.36854,92.13569,332.47,0.5,0.41,2023-01-08,717,N,VIIRS,n,2,298.0,2.8,D,0
25.41175,92.507,332.58,0.52,0.41,2023-01-08,717,N,VIIRS,n,2,301.94,4.2,D,0
25.36687,92.27321,329.75,0.5,0.41,2023-01-08,717,N,VIIRS,l,2,300.05,3.29,D,0
25.35444,92.42082,331.79,0.51,0.41,2023-01-08,717,N,VIIRS,n,2,299.19,4.94,D,0
25.35252,92.56384,329.69,0.52,0.42,2023-01-08,717,N,VIIRS,n,2,298.32,3.62,D,0
25.23769,92.07092,328.38,0.49,0.4,2023-01-08,717,N,VIIRS,l,2,299.76,4.85,D,0
25.28577,92.51291,329.26,0.52,0.41,2023-01-08,717,N,VIIRS,n,2,297.67,5.23,D,0
25.15351,91.7071,335.61,0.47,0.4,2023-01-08,717,N,VIIRS,n,2,300.59,3.35,D,0
25.23394,92.34487,332.87,0.51,0.41,2023-01-08,717,N,VIIRS,n,2,297.68,3.33,D,0
23.19966,80.25402,334.66,0.58,0.52,2023-01-08,717,N,VIIRS,n,2,302.74,5.06,D,0
23.01363,79.54967,331.88,0.32,0.55,2023-01-08,717,N,VIIRS,n,2,294.93,1.53,D,0
22.93023,79.18164,367.0,0.34,0.56,2023-01-08,717,N,VIIRS,h,2,299.11,11.0,D,0
22.92513,79.18291,367.0,0.34,0.56,2023-01-08,717,N,VIIRS,l,2,350.75,80.58,D,0
22.92443,79.17961,344.15,0.34,0.56,2023-01-08,717,N,VIIRS,n,2,301.22,39.87,D,0
22.92584,79.18622,353.77,0.34,0.56,2023-01-08,717,N,VIIRS,n,2,298.15,80.58,D,0
22.83648,78.7968,334.07,0.36,0.57,2023-01-08,717,N,VIIRS,n,2,298.77,2.98,D,0
25.047,92.35196,342.51,0.5,0.41,2023-01-08,717,N,VIIRS,n,2,302.39,6.37,D,0
22.55281,78.20718,329.17,0.4,0.6,2023-01-08,717,N,VIIRS,n,2,299.15,2.08,D,0
24.9107,94.17386,327.35,0.42,0.45,2023-01-08,717,N,VIIRS,n,2,293.94,2.71,D,0
23.80469,86.33118,340.82,0.41,0.37,2023-01-08,717,N,VIIRS,n,2,312.39,7.85,D,2
23.7944,86.35389,348.69,0.41,0.37,2023-01-08,717,N,VIIRS,n,2,310.59,6.2,D,2
23.78764,86.33447,333.62,0.41,0.37,2023-01-08,717,N,VIIRS,l,2,307.17,4.0,D,2
24.84541,94.0448,341.94,0.41,0.45,2023-01-08,717,N,VIIRS,n,2,300.89,4.23,D,0
24.84586,94.04892,339.79,0.41,0.45,2023-01-08,717,N,VIIRS,n,2,298.7,4.23,D,0
24.8417,94.04945,334.24,0.41,0.45,2023-01-08,717,N,VIIRS,n,2,299.32,3.95,D,0
23.77933,86.38997,338.16,0.41,0.37,2023-01-08,717,N,VIIRS,l,2,309.16,7.37,D,2
23.72428,86.11655,332.3,0.42,0.38,2023-01-08,717,N,VIIRS,n,2,301.42,2.56,D,0
24.84428,94.0448,343.64,0.41,0.45,2023-01-08,717,N,VIIRS,n,2,300.79,5.9,D,0
24.84476,94.04891,344.06,0.41,0.45,2023-01-08,717,N,VIIRS,n,2,299.97,5.9,D,0
23.68037,86.08736,333.31,0.42,0.38,2023-01-08,717,N,VIIRS,n,2,300.44,6.6,D,2
23.68174,86.09554,335.96,0.42,0.38,2023-01-08,717,N,VIIRS,n,2,304.29,5.26,D,2
23.8704,87.31414,331.73,0.39,0.36,2023-01-08,717,N,VIIRS,n,2,302.92,2.32,D,0
23.72521,86.44152,333.55,0.41,0.37,2023-01-08,717,N,VIIRS,n,2,307.89,3.22,D,2
23.90683,87.60899,340.32,0.39,0.36,2023-01-08,717,N,VIIRS,n,2,300.98,5.55,D,0
23.68527,86.39142,336.51,0.41,0.37,2023-01-08,717,N,VIIRS,n,2,305.22,7.97,D,2
22.23331,78.9569,342.47,0.36,0.58,2023-01-08,717,N,VIIRS,n,2,303.35,3.2,D,0
24.73896,94.04636,326.42,0.41,0.45,2023-01-08,717,N,VIIRS,n,2,300.13,1.58,D,0
24.70215,93.75436,327.37,0.4,0.44,2023-01-08,717,N,VIIRS,n,2,295.24,2.66,D,0
23.60662,86.08446,345.55,0.42,0.38,2023-01-08,717,N,VIIRS,n,2,303.31,5.2,D,0
23.6107,86.10898,332.72,0.42,0.38,2023-01-08,717,N,VIIRS,n,2,301.12,1.78,D,0
24.70249,93.75407,326.87,0.4,0.44,2023-01-08,717,N,VIIRS,n,2,295.38,2.05,D,0
23.68964,86.65273,330.98,0.4,0.37,2023-01-08,717,N,VIIRS,n,2,297.89,3.21,D,0
23.71137,86.78634,335.02,0.4,0.37,2023-01-08,717,N,VIIRS,n,2,299.18,3.3,D,0
23.92586,88.14485,332.12,0.38,0.36,2023-01-08,717,N,VIIRS,n,2,297.36,2.3,D,0
22.23401,78.9542,333.5,0.36,0.58,2023-01-08,717,N,VIIRS,n,2,302.05,2.07,D,0
22.23474,78.95759,329.89,0.36,0.58,2023-01-08,717,N,VIIRS,n,2,301.28,3.11,D,0
23.708,86.78699,334.1,0.4,0.37,2023-01-08,717,N,VIIRS,n,2,299.34,2.45,D,0
23.83153,87.60352,331.53,0.39,0.36,2023-01-08,717,N,VIIRS,n,2,299.44,1.27,D,0
22.20261,79.06367,329.01,0.36,0.57,2023-01-08,717,N,VIIRS,l,2,303.33,2.43,D,0
23.72756,87.29363,338.8,0.39,0.36,2023-01-08,717,N,VIIRS,n,2,300.17,4.47,D,0
23.71215,87.44542,329.02,0.39,0.36,2023-01-08,717,N,VIIRS,l,2,301.49,1.6,D,0
24.58861,93.94134,328.26,0.41,0.45,2023-01-08,717,N,VIIRS,n,2,296.81,3.15,D,0
22.16224,79.27744,334.7,0.35,0.57,2023-01-08,717,N,VIIRS,n,2,304.05,2.1,D,0
21.58231,76.76319,338.02,0.51,0.66,2023-01-08,717,N,VIIRS,n,2,298.75,3.1,D,0
23.73301,87.83916,329.23,0.39,0.36,2023-01-08,717,N,VIIRS,n,2,299.55,1.8,D,0
23.74006,87.88439,336.47,0.39,0.36,2023-01-08,717,N,VIIRS,n,2,301.01,5.67,D,0
23.71431,87.85036,331.37,0.39,0.36,2023-01-08,717,N,VIIRS,n,2,299.62,2.98,D,0
24.51772,94.0732,337.46,0.41,0.45,2023-01-08,717,N,VIIRS,n,2,297.48,3.21,D,0
23.56084,87.24157,335.87,0.39,0.36,2023-01-08,717,N,VIIRS,n,2,302.17,3.78,D,2
23.66178,88.05743,332.13,0.38,0.36,2023-01-08,717,N,VIIRS,n,2,300.18,1.87,D,0
23.49849,87.21773,337.32,0.39,0.37,2023-01-08,717,N,VIIRS,n,2,300.13,2.23,D,0
23.5298,87.72937,333.01,0.39,0.36,2023-01-08,717,N,VIIRS,n,2,300.25,3.52,D,0
21.91429,79.1858,334.56,0.36,0.57,2023-01-08,717,N,VIIRS,n,2,295.93,1.71,D,0
23.48421,88.0245,339.71,0.39,0.36,2023-01-08,717,N,VIIRS,n,2,301.19,4.54,D,0
22.70417,83.49817,328.93,0.57,0.43,2023-01-08,717,N,VIIRS,n,2,302.38,1.74,D,0
23.42697,87.74452,332.47,0.39,0.36,2023-01-08,717,N,VIIRS,n,2,300.48,2.6,D,0
23.43701,87.80867,334.74,0.39,0.36,2023-01-08,717,N,VIIRS,n,2,301.23,2.65,D,0
22.51272,82.52214,331.22,0.43,0.46,2023-01-08,717,N,VIIRS,n,2,302.02,3.52,D,0
23.20891,86.43228,345.61,0.41,0.37,2023-01-08,717,N,VIIRS,n,2,303.5,4.49,D,0
22.64208,83.27448,339.85,0.39,0.44,2023-01-08,717,N,VIIRS,n,2,299.65,4.09,D,0
23.37745,87.62524,329.44,0.39,0.36,2023-01-08,717,N,VIIRS,n,2,300.95,1.65,D,0
23.3755,87.69959,332.19,0.39,0.36,2023-01-08,717,N,VIIRS,n,2,300.45,1.55,D,0
23.41606,88.00217,327.08,0.39,0.36,2023-01-08,717,N,VIIRS,n,2,298.78,1.26,D,0
22.60311,83.46254,329.98,0.57,0.43,2023-01-08,717,N,VIIRS,l,2,300.1,3.19,D,0
23.18522,86.77684,333.01,0.4,0.37,2023-01-08,717,N,VIIRS,n,2,301.98,2.86,D,0
23.1849,86.77614,334.21,0.4,0.37,2023-01-08,717,N,VIIRS,n,2,302.02,2.93,D,0
22.60172,83.46436,338.63,0.57,0.43,2023-01-08,717,N,VIIRS,n,2,303.66,3.7,D,0
22.43788,82.65376,339.96,0.43,0.46,2023-01-08,717,N,VIIRS,n,2,301.87,3.68,D,0
23.20651,87.08156,331.27,0.4,0.37,2023-01-08,717,N,VIIRS,n,2,301.38,1.83,D,0
23.36014,88.27408,332.38,0.38,0.36,2023-01-08,717,N,VIIRS,n,2,297.07,3.21,D,0
23.31411,88.02042,330.81,0.39,0.36,2023-01-08,717,N,VIIRS,n,2,300.37,1.6,D,0
23.29247,87.94711,331.18,0.39,0.36,2023-01-08,717,N,VIIRS,n,2,298.68,1.02,D,0
23.2652,87.81661,333.85,0.39,0.36,2023-01-08,717,N,VIIRS,n,2,301.35,2.88,D,0
23.15189,87.17149,330.07,0.4,0.37,2023-01-08,717,N,VIIRS,n,2,301.47,1.66,D,0
23.14932,87.21956,329.52,0.4,0.37,2023-01-08,717,N,VIIRS,n,2,302.52,2.74,D,0
23.14878,87.22752,341.0,0.4,0.37,2023-01-08,717,N,VIIRS,n,2,302.19,4.39,D,0
22.23736,82.22315,330.34,0.46,0.47,2023-01-08,717,N,VIIRS,l,2,301.42,3.63,D,0
23.24509,88.05629,328.26,0.39,0.36,2023-01-08,717,N,VIIRS,l,2,299.77,1.17,D,0
22.29459,82.68042,337.22,0.43,0.46,2023-01-08,717,N,VIIRS,n,2,301.17,4.87,D,0
22.29042,82.68131,342.17,0.43,0.46,2023-01-08,717,N,VIIRS,n,2,304.2,8.82,D,0
22.29593,82.70996,330.71,0.43,0.46,2023-01-08,717,N,VIIRS,n,2,304.64,1.78,D,0
23.17178,87.78346,330.3,0.39,0.36,2023-01-08,717,N,VIIRS,l,2,300.6,1.79,D,0
22.24285,82.57069,346.54,0.43,0.46,2023-01-08,717,N,VIIRS,n,2,302.48,5.08,D,0
22.24366,82.57486,339.62,0.43,0.46,2023-01-08,717,N,VIIRS,n,2,301.56,5.08,D,0
22.23947,82.57579,342.18,0.43,0.46,2023-01-08,717,N,VIIRS,n,2,301.77,5.08,D,0
22.24028,82.57996,337.18,0.43,0.46,2023-01-08,717,N,VIIRS,n,2,300.76,9.3,D,0
23.14239,87.8354,334.61,0.39,0.36,2023-01-08,717,N,VIIRS,n,2,299.4,2.67,D,0
23.16563,88.0441,335.05,0.39,0.36,2023-01-08,717,N,VIIRS,n,2,301.05,2.54,D,0
22.82718,86.11777,338.62,0.43,0.38,2023-01-08,717,N,VIIRS,n,2,305.47,5.29,D,0
22.29694,83.15363,329.03,0.4,0.44,2023-01-08,717,N,VIIRS,l,2,300.1,2.17,D,0
23.09884,87.81271,328.25,0.39,0.36,2023-01-08,717,N,VIIRS,n,2,299.58,1.57,D,0
22.12342,82.2661,333.53,0.46,0.47,2023-01-08,717,N,VIIRS,n,2,303.41,2.31,D,0
22.18052,82.56232,340.63,0.44,0.46,2023-01-08,717,N,VIIRS,n,2,302.71,5.83,D,0
23.07379,87.69693,332.68,0.39,0.36,2023-01-08,717,N,VIIRS,n,2,300.59,2.71,D,0
22.13585,82.39914,330.66,0.45,0.47,2023-01-08,717,N,VIIRS,n,2,301.0,3.25,D,0
22.16384,82.544,342.21,0.44,0.46,2023-01-08,717,N,VIIRS,n,2,301.23,5.13,D,0
22.13569,82.44398,330.97,0.44,0.46,2023-01-08,717,N,VIIRS,n,2,300.71,1.49,D,0
22.2154,82.88029,333.98,0.42,0.45,2023-01-08,717,N,VIIRS,n,2,301.55,2.75,D,0
23.09037,87.91108,328.93,0.39,0.36,2023-01-08,717,N,VIIRS,l,2,300.23,2.22,D,0
22.14291,82.52662,344.18,0.44,0.46,2023-01-08,717,N,VIIRS,n,2,301.37,9.66,D,0
22.77497,86.02091,334.06,0.43,0.38,2023-01-08,717,N,VIIRS,n,2,304.23,2.9,D,0
22.03914,82.04288,332.43,0.47,0.48,2023-01-08,717,N,VIIRS,l,2,302.57,3.82,D,0
22.04004,82.04743,330.08,0.47,0.48,2023-01-08,717,N,VIIRS,l,2,303.22,3.82,D,0
22.78207,86.08392,330.71,0.43,0.38,2023-01-08,717,N,VIIRS,n,2,302.94,2.34,D,0
22.07538,82.24928,340.81,0.46,0.47,2023-01-08,717,N,VIIRS,n,2,305.72,6.03,D,0
22.1711,82.78443,332.81,0.42,0.45,2023-01-08,717,N,VIIRS,n,2,299.83,3.41,D,0
22.09661,82.51486,341.17,0.44,0.46,2023-01-08,717,N,VIIRS,n,2,304.96,7.11,D,0
22.06956,82.40042,333.74,0.45,0.47,2023-01-08,717,N,VIIRS,n,2,302.97,2.29,D,0
22.0971,82.51406,340.41,0.44,0.46,2023-01-08,717,N,VIIRS,n,2,303.48,4.55,D,0
22.0979,82.5183,331.31,0.44,0.46,2023-01-08,717,N,VIIRS,n,2,301.88,4.55,D,0
22.06659,82.40025,347.16,0.45,0.47,2023-01-08,717,N,VIIRS,n,2,303.89,5.05,D,0
22.11995,82.72669,333.17,0.43,0.46,2023-01-08,717,N,VIIRS,n,2,302.17,2.23,D,0
22.03011,82.37224,332.35,0.45,0.47,2023-01-08,717,N,VIIRS,n,2,304.37,1.97,D,0
22.12013,82.84154,332.94,0.42,0.45,2023-01-08,717,N,VIIRS,n,2,302.41,3.42,D,0
22.09256,82.71973,334.83,0.43,0.46,2023-01-08,717,N,VIIRS,n,2,302.41,2.36,D,0
22.11571,82.86356,335.29,0.42,0.45,2023-01-08,717,N,VIIRS,n,2,300.36,2.61,D,0
22.03403,82.46122,339.78,0.44,0.46,2023-01-08,717,N,VIIRS,n,2,306.83,5.77,D,0
21.50924,79.89433,339.45,0.33,0.55,2023-01-08,717,N,VIIRS,n,2,303.13,2.03,D,0
21.93254,81.96519,337.12,0.48,0.48,2023-01-08,717,N,VIIRS,n,2,299.88,3.08,D,0
22.71257,86.23312,332.78,0.42,0.38,2023-01-08,717,N,VIIRS,n,2,301.93,2.35,D,0
21.9666,82.16133,336.13,0.47,0.47,2023-01-08,717,N,VIIRS,n,2,302.48,3.96,D,0
22.00709,82.36827,344.54,0.45,0.47,2023-01-08,717,N,VIIRS,n,2,305.34,5.71,D,0
21.96228,82.1623,355.19,0.47,0.47,2023-01-08,717,N,VIIRS,n,2,305.51,9.81,D,0
21.44546,79.69459,329.86,0.34,0.56,2023-01-08,717,N,VIIRS,n,2,300.61,1.05,D,0
22.93013,87.69241,336.04,0.39,0.36,2023-01-08,717,N,VIIRS,n,2,301.09,3.35,D,0
21.8871,81.89816,341.03,0.48,0.48,2023-01-08,717,N,VIIRS,n,2,302.46,4.3,D,0
22.04605,82.70411,345.73,0.43,0.46,2023-01-08,717,N,VIIRS,n,2,303.18,4.38,D,0
22.00407,82.55645,334.84,0.44,0.46,2023-01-08,717,N,VIIRS,l,2,306.27,3.24,D,0
22.02541,82.66537,340.37,0.43,0.46,2023-01-08,717,N,VIIRS,n,2,303.87,4.96,D,0
22.02622,82.66954,339.66,0.43,0.46,2023-01-08,717,N,VIIRS,n,2,304.4,4.03,D,0
22.07931,82.94244,343.43,0.42,0.45,2023-01-08,717,N,VIIRS,n,2,302.88,5.16,D,0
21.93836,82.24638,331.03,0.46,0.47,2023-01-08,717,N,VIIRS,n,2,300.66,2.56,D,0
21.93924,82.25082,331.92,0.46,0.47,2023-01-08,717,N,VIIRS,n,2,306.0,5.38,D,0
22.02203,82.67045,332.9,0.43,0.46,2023-01-08,717,N,VIIRS,n,2,305.72,4.03,D,0
22.05525,82.88496,339.59,0.42,0.45,2023-01-08,717,N,VIIRS,n,2,300.63,3.71,D,0
22.02241,82.66984,334.25,0.43,0.46,2023-01-08,717,N,VIIRS,n,2,305.47,3.57,D,0
21.93824,82.25002,341.74,0.46,0.47,2023-01-08,717,N,VIIRS,n,2,307.03,5.88,D,0
21.99517,82.5489,332.76,0.44,0.46,2023-01-08,717,N,VIIRS,n,2,302.61,1.98,D,0
22.05421,82.88496,339.26,0.42,0.45,2023-01-08,717,N,VIIRS,n,2,300.7,2.13,D,0
22.53753,85.58381,329.89,0.45,0.39,2023-01-08,717,N,VIIRS,n,2,299.44,2.85,D,0
21.9514,82.38882,336.75,0.45,0.47,2023-01-08,717,N,VIIRS,n,2,301.86,5.6,D,0
22.06033,83.00876,340.71,0.41,0.45,2023-01-08,717,N,VIIRS,n,2,303.09,5.58,D,0
21.92671,82.37616,334.71,0.45,0.47,2023-01-08,717,N,VIIRS,l,2,304.99,6.85,D,0
22.02527,82.89121,331.33,0.42,0.45,2023-01-08,717,N,VIIRS,n,2,300.23,2.59,D,0
22.7492,87.00388,331.4,0.4,0.37,2023-01-08,717,N,VIIRS,n,2,300.52,1.96,D,0
22.02113,82.8921,354.6,0.42,0.45,2023-01-08,717,N,VIIRS,n,2,302.34,5.36,D,0
22.1265,83.47466,345.57,0.39,0.44,2023-01-08,717,N,VIIRS,n,2,305.33,4.14,D,0
22.12719,83.47838,343.19,0.39,0.44,2023-01-08,717,N,VIIRS,n,2,304.11,4.14,D,0
21.9181,82.40066,344.78,0.45,0.47,2023-01-08,717,N,VIIRS,n,2,303.66,5.23,D,0
22.00517,82.8535,338.38,0.42,0.45,2023-01-08,717,N,VIIRS,n,2,303.48,5.67,D,0
22.00439,82.84944,367.0,0.42,0.45,2023-01-08,717,N,VIIRS,h,2,305.4,9.82,D,0
21.95185,82.59817,341.63,0.44,0.46,2023-01-08,717,N,VIIRS,n,2,305.44,6.19,D,0
21.95267,82.60239,337.78,0.44,0.46,2023-01-08,717,N,VIIRS,n,2,304.82,6.19,D,0
21.99246,82.80962,348.6,0.42,0.46,2023-01-08,717,N,VIIRS,n,2,301.93,4.78,D,0
22.03988,83.05853,341.32,0.41,0.45,2023-01-08,717,N,VIIRS,n,2,304.78,2.77,D,0
22.02492,83.02469,330.76,0.41,0.45,2023-01-08,717,N,VIIRS,l,2,303.49,3.35,D,0
21.96974,82.75902,337.19,0.43,0.46,2023-01-08,717,N,VIIRS,n,2,305.55,5.35,D,0
21.88484,82.34438,342.29,0.45,0.47,2023-01-08,717,N,VIIRS,n,2,306.17,9.42,D,0
21.91187,82.48287,347.05,0.45,0.47,2023-01-08,717,N,VIIRS,n,2,305.75,3.66,D,0
22.01216,83.00259,335.41,0.41,0.45,2023-01-08,717,N,VIIRS,n,2,303.59,3.45,D,0
21.87625,82.32339,343.52,0.46,0.47,2023-01-08,717,N,VIIRS,n,2,305.19,8.72,D,0
21.87712,82.3278,347.51,0.46,0.47,2023-01-08,717,N,VIIRS,n,2,304.5,9.07,D,0
21.90679,82.47951,333.16,0.45,0.47,2023-01-08,717,N,VIIRS,n,2,306.23,2.26,D,0
21.85213,82.26917,341.68,0.46,0.47,2023-01-08,717,N,VIIRS,n,2,303.25,5.05,D,0
21.93845,82.7098,341.97,0.43,0.46,2023-01-08,717,N,VIIRS,n,2,302.68,2.18,D,0
21.84869,82.27452,342.16,0.46,0.47,2023-01-08,717,N,VIIRS,n,2,301.54,27.88,D,0
21.84956,82.27891,341.37,0.46,0.47,2023-01-08,717,N,VIIRS,n,2,302.82,6.59,D,0
21.87115,82.38836,332.92,0.45,0.47,2023-01-08,717,N,VIIRS,l,2,305.29,1.98,D,0
21.84526,82.27989,343.61,0.46,0.47,2023-01-08,717,N,VIIRS,n,2,304.96,6.59,D,0
21.88724,82.49275,345.24,0.45,0.47,2023-01-08,717,N,VIIRS,n,2,305.05,5.91,D,0
21.92603,82.69086,341.71,0.43,0.46,2023-01-08,717,N,VIIRS,n,2,303.67,4.56,D,0
21.84439,82.27549,367.0,0.46,0.47,2023-01-08,717,N,VIIRS,h,2,316.41,27.88,D,0
21.88216,82.48942,335.71,0.45,0.47,2023-01-08,717,N,VIIRS,n,2,303.88,5.27,D,0
21.90053,82.58292,339.27,0.44,0.46,2023-01-08,717,N,VIIRS,n,2,305.66,9.31,D,0
21.90136,82.58716,340.82,0.44,0.46,2023-01-08,717,N,VIIRS,n,2,303.48,9.31,D,0
21.92184,82.69179,333.02,0.43,0.46,2023-01-08,717,N,VIIRS,l,2,304.82,3.81,D,0
22.89007,88.21382,333.76,0.39,0.36,2023-01-08,717,N,VIIRS,n,2,300.34,4.37,D,0
22.89991,88.27734,332.94,0.38,0.36,2023-01-08,717,N,VIIRS,n,2,300.58,2.41,D,0
21.90776,82.66454,341.65,0.43,0.46,2023-01-08,717,N,VIIRS,n,2,303.29,4.14,D,0
21.98213,83.04634,330.65,0.41,0.45,2023-01-08,717,N,VIIRS,l,2,302.19,3.33,D,0
22.88552,88.27225,338.0,0.38,0.36,2023-01-08,717,N,VIIRS,n,2,297.62,5.49,D,0
22.86873,88.20566,343.19,0.39,0.36,2023-01-08,717,N,VIIRS,n,2,300.18,5.52,D,0
22.80641,87.82739,340.48,0.39,0.36,2023-01-08,717,N,VIIRS,n,2,300.02,2.94,D,0
22.80995,87.84999,332.02,0.39,0.36,2023-01-08,717,N,VIIRS,n,2,299.29,1.18,D,0
21.98362,83.04478,338.5,0.41,0.45,2023-01-08,717,N,VIIRS,n,2,302.22,3.17,D,0
21.90847,82.667,330.02,0.43,0.46,2023-01-08,717,N,VIIRS,l,2,303.83,2.68,D,0
21.86954,82.50804,340.57,0.45,0.47,2023-01-08,717,N,VIIRS,n,2,303.62,3.12,D,0
21.91267,82.73541,342.93,0.43,0.46,2023-01-08,717,N,VIIRS,n,2,303.93,3.79,D,0
21.92823,82.81787,332.75,0.43,0.46,2023-01-08,717,N,VIIRS,l,2,305.1,1.95,D,0
21.92914,82.86858,337.51,0.42,0.45,2023-01-08,717,N,VIIRS,n,2,302.46,9.78,D,0
21.92991,82.87263,367.0,0.42,0.45,2023-01-08,717,N,VIIRS,h,2,305.08,9.78,D,0
21.83195,82.38121,338.15,0.45,0.47,2023-01-08,717,N,VIIRS,n,2,305.08,4.07,D,0
21.92653,82.87758,353.75,0.42,0.45,2023-01-08,717,N,VIIRS,n,2,307.1,15.94,D,0
22.00927,83.31892,340.51,0.4,0.44,2023-01-08,717,N,VIIRS,n,2,300.8,2.15,D,0
22.78612,87.85049,336.02,0.39,0.36,2023-01-08,717,N,VIIRS,n,2,300.56,2.95,D,0
21.92697,82.90274,334.61,0.42,0.45,2023-01-08,717,N,VIIRS,n,2,300.03,2.64,D,0
21.84175,82.47847,345.13,0.45,0.47,2023-01-08,717,N,VIIRS,n,2,302.7,7.72,D,0
21.86301,82.58936,338.9,0.44,0.46,2023-01-08,717,N,VIIRS,n,2,303.58,3.87,D,0
21.86382,82.59361,340.32,0.44,0.46,2023-01-08,717,N,VIIRS,n,2,303.58,3.87,D,0
21.92283,82.90363,329.8,0.42,0.45,2023-01-08,717,N,VIIRS,n,2,302.88,2.55,D,0
21.84996,82.52126,367.0,0.44,0.46,2023-01-08,717,N,VIIRS,h,2,304.14,13.89,D,0
21.83749,82.47939,349.02,0.45,0.47,2023-01-08,717,N,VIIRS,n,2,305.58,7.72,D,0
21.82408,82.43287,331.04,0.45,0.47,2023-01-08,717,N,VIIRS,n,2,303.13,2.36,D,0
21.86626,82.69789,336.9,0.43,0.46,2023-01-08,717,N,VIIRS,n,2,304.57,3.14,D,0
21.89337,82.88477,342.45,0.42,0.45,2023-01-08,717,N,VIIRS,n,2,301.82,3.67,D,0
21.92321,83.04131,332.67,0.41,0.45,2023-01-08,717,N,VIIRS,n,2,302.0,1.73,D,0
20.81316,77.73341,349.55,0.46,0.64,2023-01-08,717,N,VIIRS,n,2,303.07,8.54,D,0
21.28046,79.86732,331.42,0.33,0.55,2023-01-08,717,N,VIIRS,n,2,299.69,2.23,D,0
21.80189,82.43316,335.32,0.45,0.47,2023-01-08,717,N,VIIRS,n,2,301.69,2.07,D,0
21.8736,82.80415,335.67,0.43,0.46,2023-01-08,717,N,VIIRS,n,2,302.78,2.55,D,0
21.91911,83.04219,334.8,0.41,0.45,2023-01-08,717,N,VIIRS,n,2,302.83,1.73,D,0
21.79763,82.43409,348.32,0.45,0.47,2023-01-08,717,N,VIIRS,n,2,304.04,8.26,D,0
21.86785,82.79681,331.94,0.43,0.46,2023-01-08,717,N,VIIRS,l,2,306.36,13.98,D,0
21.86864,82.80093,349.83,0.43,0.46,2023-01-08,717,N,VIIRS,n,2,306.71,13.98,D,0
21.87101,82.81329,336.06,0.43,0.46,2023-01-08,717,N,VIIRS,n,2,304.04,4.77,D,0
21.87729,82.84598,348.47,0.42,0.46,2023-01-08,717,N,VIIRS,n,2,304.09,5.09,D,0
21.78912,82.41331,334.89,0.45,0.47,2023-01-08,717,N,VIIRS,n,2,304.43,10.14,D,0
21.78997,82.41766,343.32,0.45,0.47,2023-01-08,717,N,VIIRS,n,2,303.91,11.97,D,0
21.86129,82.78534,339.55,0.43,0.46,2023-01-08,717,N,VIIRS,n,2,300.8,3.91,D,0
21.88481,82.90767,333.21,0.42,0.45,2023-01-08,717,N,VIIRS,n,2,301.48,3.42,D,0
21.86209,82.78947,367.0,0.43,0.46,2023-01-08,717,N,VIIRS,h,2,304.39,14.04,D,0
21.13378,79.25927,343.41,0.37,0.58,2023-01-08,717,N,VIIRS,n,2,302.73,4.45,D,0
21.73722,82.19471,337.29,0.47,0.48,2023-01-08,717,N,VIIRS,n,2,304.39,2.72,D,0
22.44896,86.06531,342.9,0.43,0.38,2023-01-08,717,N,VIIRS,n,2,302.95,3.81,D,0
21.85515,82.82101,331.43,0.43,0.46,2023-01-08,717,N,VIIRS,l,2,303.86,1.94,D,0
21.88991,83.02365,342.31,0.41,0.45,2023-01-08,717,N,VIIRS,n,2,303.46,5.66,D,0
21.94802,83.32768,329.68,0.4,0.44,2023-01-08,717,N,VIIRS,n,2,302.99,2.37,D,0
21.85393,82.85947,337.85,0.42,0.46,2023-01-08,717,N,VIIRS,n,2,304.97,2.49,D,0
21.8858,83.02454,334.62,0.41,0.45,2023-01-08,717,N,VIIRS,n,2,301.94,1.85,D,0
21.19739,79.67908,338.71,0.34,0.56,2023-01-08,717,N,VIIRS,n,2,301.7,2.83,D,0
21.75144,82.35793,337.46,0.46,0.47,2023-01-08,717,N,VIIRS,n,2,302.6,3.39,D,0
21.78042,82.52759,331.63,0.45,0.47,2023-01-08,717,N,VIIRS,n,2,300.88,3.57,D,0
21.78126,82.53188,337.1,0.44,0.46,2023-01-08,717,N,VIIRS,n,2,302.24,3.57,D,0
21.77617,82.5285,330.86,0.45,0.47,2023-01-08,717,N,VIIRS,n,2,303.26,3.57,D,0
21.77701,82.53279,351.01,0.44,0.46,2023-01-08,717,N,VIIRS,n,2,305.62,3.57,D,0
21.86806,82.99928,346.0,0.42,0.45,2023-01-08,717,N,VIIRS,n,2,303.31,6.4,D,0
21.83831,82.84595,367.0,0.43,0.46,2023-01-08,717,N,VIIRS,h,2,301.38,12.68,D,0
21.83415,82.84684,351.58,0.43,0.46,2023-01-08,717,N,VIIRS,n,2,303.25,6.95,D,0
21.79353,82.6616,353.68,0.44,0.46,2023-01-08,717,N,VIIRS,n,2,305.24,6.81,D,0
21.83395,82.86806,341.4,0.42,0.45,2023-01-08,717,N,VIIRS,n,2,303.99,4.81,D,0
21.83475,82.87211,331.79,0.42,0.45,2023-01-08,717,N,VIIRS,n,2,300.35,4.38,D,0
22.80215,88.41328,331.07,0.38,0.36,2023-01-08,717,N,VIIRS,n,2,297.02,1.16,D,0
21.77889,82.5317,347.77,0.45,0.47,2023-01-08,717,N,VIIRS,n,2,306.09,5.75,D,0
21.83804,82.84569,356.63,0.43,0.46,2023-01-08,717,N,VIIRS,n,2,302.0,11.41,D,0
21.86677,82.9994,342.42,0.42,0.45,2023-01-08,717,N,VIIRS,n,2,301.88,3.95,D,0
21.77464,82.53262,331.61,0.45,0.47,2023-01-08,717,N,VIIRS,l,2,302.78,5.75,D,0
21.83387,82.84658,348.85,0.43,0.46,2023-01-08,717,N,VIIRS,n,2,302.16,11.41,D,0
21.79453,82.66086,342.55,0.44,0.46,2023-01-08,717,N,VIIRS,n,2,305.69,3.32,D,0
21.83354,82.86785,341.3,0.42,0.46,2023-01-08,717,N,VIIRS,n,2,304.16,3.73,D,0
21.83431,82.87192,339.96,0.42,0.46,2023-01-08,717,N,VIIRS,n,2,301.42,5.64,D,0
21.19637,79.67751,341.04,0.34,0.56,2023-01-08,717,N,VIIRS,n,2,301.23,3.9,D,0
21.79031,82.66176,336.16,0.44,0.46,2023-01-08,717,N,VIIRS,n,2,305.17,3.32,D,0
21.80924,82.76183,345.26,0.43,0.46,2023-01-08,717,N,VIIRS,n,2,306.16,5.8,D,0
21.82246,82.83197,343.32,0.43,0.46,2023-01-08,717,N,VIIRS,n,2,302.9,3.93,D,0
21.82478,82.84428,330.3,0.43,0.46,2023-01-08,717,N,VIIRS,l,2,301.89,2.3,D,0
21.82906,82.88996,336.24,0.42,0.45,2023-01-08,717,N,VIIRS,n,2,302.27,2.57,D,0
21.80713,82.79671,350.52,0.43,0.46,2023-01-08,717,N,VIIRS,n,2,301.69,4.58,D,0
20.79592,77.8944,330.0,0.45,0.63,2023-01-08,717,N,VIIRS,n,2,303.67,1.91,D,0
21.80296,82.79762,339.72,0.43,0.46,2023-01-08,717,N,VIIRS,n,2,302.48,2.22,D,0
21.80686,82.81827,343.14,0.43,0.46,2023-01-08,717,N,VIIRS,n,2,303.17,3.84,D,0
21.80764,82.82237,331.07,0.43,0.46,2023-01-08,717,N,VIIRS,n,2,300.62,3.84,D,0
21.78857,82.74474,329.91,0.43,0.46,2023-01-08,717,N,VIIRS,l,2,303.61,2.71,D,0
21.78359,82.7415,336.22,0.43,0.46,2023-01-08,717,N,VIIRS,n,2,302.03,5.17,D,0
21.78438,82.74566,341.36,0.43,0.46,2023-01-08,717,N,VIIRS,n,2,303.99,15.43,D,0
21.792,82.80859,351.12,0.43,0.46,2023-01-08,717,N,VIIRS,n,2,309.0,19.98,D,0
21.78019,82.74657,367.0,0.43,0.46,2023-01-08,717,N,VIIRS,h,2,311.7,15.43,D,0
21.79175,82.83006,341.03,0.43,0.46,2023-01-08,717,N,VIIRS,n,2,303.27,5.03,D,0
21.79252,82.83414,342.05,0.43,0.46,2023-01-08,717,N,VIIRS,n,2,303.35,5.03,D,0
21.79876,82.86691,332.93,0.42,0.46,2023-01-08,717,N,VIIRS,n,2,302.31,2.99,D,0
21.60007,81.86384,341.54,0.49,0.49,2023-01-08,717,N,VIIRS,n,2,303.73,15.73,D,0
21.7708,82.7659,333.23,0.43,0.46,2023-01-08,717,N,VIIRS,l,2,306.86,2.9,D,0
22.48867,86.80163,330.15,0.41,0.37,2023-01-08,717,N,VIIRS,n,2,304.3,4.16,D,0
22.48528,86.80228,347.38,0.41,0.37,2023-01-08,717,N,VIIRS,n,2,305.48,4.16,D,0
22.66371,87.91181,329.06,0.39,0.36,2023-01-08,717,N,VIIRS,n,2,298.46,1.38,D,0
21.78368,82.87864,332.32,0.42,0.46,2023-01-08,717,N,VIIRS,n,2,300.92,3.17,D,0
21.79349,82.95252,340.74,0.42,0.45,2023-01-08,717,N,VIIRS,n,2,304.16,3.35,D,0
21.81686,83.1423,331.25,0.41,0.45,2023-01-08,717,N,VIIRS,n,2,302.43,1.34,D,0
22.3246,85.95044,337.13,0.44,0.38,2023-01-08,717,N,VIIRS,n,2,304.04,2.65,D,0
21.7469,82.82263,332.89,0.43,0.46,2023-01-08,717,N,VIIRS,n,2,302.17,4.08,D,0
21.74849,82.83086,344.75,0.43,0.46,2023-01-08,717,N,VIIRS,n,2,303.58,6.22,D,0
21.79585,83.07697,341.78,0.41,0.45,2023-01-08,717,N,VIIRS,n,2,303.26,9.14,D,0
21.50721,81.67928,344.05,0.51,0.49,2023-01-08,717,N,VIIRS,n,2,304.89,6.8,D,0
22.68912,88.31506,328.88,0.38,0.36,2023-01-08,717,N,VIIRS,n,2,297.57,2.21,D,0
21.51098,81.74428,333.97,0.5,0.49,2023-01-08,717,N,VIIRS,n,2,303.09,4.78,D,0
21.50651,81.7453,330.08,0.5,0.49,2023-01-08,717,N,VIIRS,n,2,303.45,4.53,D,0
21.73699,82.90565,335.07,0.42,0.45,2023-01-08,717,N,VIIRS,n,2,303.09,1.48,D,0
21.78234,83.16193,346.83,0.41,0.45,2023-01-08,717,N,VIIRS,n,2,304.78,15.84,D,0
27.52703,93.72525,342.05,0.43,0.46,2023-01-08,718,N,VIIRS,n,2,298.72,7.85,D,0
25.84299,84.35939,330.82,0.46,0.39,2023-01-08,718,N,VIIRS,n,2,288.28,3.4,D,0
27.3162,95.26811,331.59,0.52,0.5,2023-01-08,718,N,VIIRS,n,2,296.58,2.13,D,0
27.31846,95.26474,331.39,0.52,0.5,2023-01-08,718,N,VIIRS,n,2,296.72,3.75,D,0
27.18548,93.84965,339.81,0.43,0.46,2023-01-08,718,N,VIIRS,n,2,297.46,5.11,D,0
25.873,77.94511,353.14,0.35,0.57,2023-01-08,718,N,VIIRS,n,2,301.91,3.95,D,0
28.06686,95.94581,352.31,0.59,0.53,2023-01-08,718,N,VIIRS,n,2,295.4,52.46,D,0
28.06207,95.94746,348.96,0.59,0.53,2023-01-08,718,N,VIIRS,n,2,305.74,52.46,D,0
27.83953,96.22107,327.51,0.61,0.53,2023-01-08,718,N,VIIRS,n,2,296.48,6.26,D,0
25.63588,81.09683,328.12,0.46,0.47,2023-01-08,718,N,VIIRS,n,2,294.31,2.81,D,0
27.83849,96.21702,335.15,0.61,0.53,2023-01-08,718,N,VIIRS,n,2,298.22,4.42,D,0
27.37253,92.1911,335.02,0.53,0.42,2023-01-08,718,N,VIIRS,n,2,291.75,7.82,D,0
27.52923,93.70614,339.66,0.43,0.46,2023-01-08,718,N,VIIRS,n,2,291.46,30.46,D,0
26.9022,88.76138,333.81,0.39,0.36,2023-01-08,718,N,VIIRS,n,2,302.3,1.67,D,0
27.52512,93.70761,339.46,0.43,0.46,2023-01-08,718,N,VIIRS,n,2,297.4,24.94,D,0
27.52651,93.72044,342.24,0.43,0.46,2023-01-08,718,N,VIIRS,n,2,294.34,7.03,D,0
26.79563,88.28732,334.69,0.39,0.36,2023-01-08,718,N,VIIRS,n,2,300.92,3.5,D,0
27.29895,92.5768,328.82,0.55,0.43,2023-01-08,718,N,VIIRS,n,2,291.81,2.95,D,0
27.20578,92.59219,335.09,0.55,0.43,2023-01-08,718,N,VIIRS,n,2,295.18,9.65,D,0
26.7695,89.39787,326.74,0.4,0.37,2023-01-08,718,N,VIIRS,l,2,300.77,1.14,D,0
26.71312,89.19305,331.63,0.4,0.37,2023-01-08,718,N,VIIRS,n,2,299.42,1.77,D,0
26.90262,92.44176,330.83,0.54,0.42,2023-01-08,718,N,VIIRS,n,2,303.62,2.82,D,0
26.57839,90.96499,335.08,0.45,0.39,2023-01-08,718,N,VIIRS,n,2,300.69,3.35,D,0
24.24369,78.162,325.54,0.37,0.58,2023-01-08,718,N,VIIRS,n,2,296.91,1.89,D,2
30.028,80.40119,336.97,0.42,0.45,2023-01-08,719,N,VIIRS,n,2,292.75,4.41,D,0
29.97167,80.62263,334.98,0.41,0.45,2023-01-08,719,N,VIIRS,n,2,295.92,4.04,D,0
29.71882,79.50851,325.33,0.47,0.48,2023-01-08,719,N,VIIRS,l,2,297.54,5.48,D,0
29.89781,80.44919,337.11,0.42,0.45,2023-01-08,719,N,VIIRS,n,2,296.37,6.73,D,0
30.99566,78.67324,344.82,0.5,0.49,2023-01-08,719,N,VIIRS,n,2,289.81,10.51,D,0
29.61996,79.60032,328.74,0.47,0.48,2023-01-08,719,N,VIIRS,n,2,294.94,2.67,D,0
30.20765,80.24916,346.5,0.42,0.45,2023-01-08,719,N,VIIRS,n,2,302.83,5.65,D,0
30.21318,80.25505,333.04,0.42,0.45,2023-01-08,719,N,VIIRS,n,2,289.57,7.5,D,0
30.21245,80.25146,348.78,0.42,0.45,2023-01-08,719,N,VIIRS,n,2,291.85,7.5,D,0
30.54932,79.48003,330.05,0.46,0.47,2023-01-08,719,N,VIIRS,n,2,294.29,4.1,D,0
31.0009,77.91869,333.07,0.55,0.51,2023-01-08,719,N,VIIRS,n,2,286.22,8.33,D,0
30.90226,78.31077,329.41,0.52,0.5,2023-01-08,719,N,VIIRS,n,2,291.12,5.75,D,0
30.2084,80.25284,332.44,0.42,0.45,2023-01-08,719,N,VIIRS,n,2,296.05,5.65,D,0
30.20218,80.24365,325.47,0.42,0.45,2023-01-08,719,N,VIIRS,l,2,299.35,5.48,D,0
30.20293,80.24728,329.31,0.42,0.45,2023-01-08,719,N,VIIRS,n,2,298.07,5.65,D,0
30.093,79.82513,325.96,0.45,0.47,2023-01-08,719,N,VIIRS,n,2,293.53,5.15,D,0
9.45552,77.29725,331.35,0.48,0.64,2023-01-08,854,N,VIIRS,n,2,290.89,7.34,D,0
14.81312,75.86216,335.8,0.45,0.63,2023-01-08,855,N,VIIRS,n,2,300.86,5.44,D,0
14.81316,75.85709,342.57,0.45,0.63,2023-01-08,855,N,VIIRS,n,2,300.76,5.66,D,0
14.81366,75.86153,347.25,0.45,0.63,2023-01-08,855,N,VIIRS,n,2,301.34,5.66,D,0
14.72195,75.94496,337.75,0.45,0.63,2023-01-08,855,N,VIIRS,n,2,301.21,3.74,D,0
14.7224,75.94917,339.12,0.45,0.63,2023-01-08,855,N,VIIRS,n,2,301.28,3.74,D,0
14.72359,75.94732,336.42,0.45,0.63,2023-01-08,855,N,VIIRS,n,2,301.51,3.64,D,0
14.71771,75.94794,339.86,0.45,0.63,2023-01-08,855,N,VIIRS,n,2,301.36,3.88,D,0
14.37384,75.55383,331.21,0.42,0.61,2023-01-08,855,N,VIIRS,n,2,298.25,4.15,D,0
12.90309,74.88252,342.14,0.36,0.58,2023-01-08,855,N,VIIRS,n,2,299.99,2.11,D,0
12.06293,77.43116,341.64,0.53,0.67,2023-01-08,855,N,VIIRS,n,2,295.96,6.42,D,0
15.12313,75.79412,332.01,0.45,0.63,2023-01-08,855,N,VIIRS,n,2,300.22,1.8,D,0
15.03932,75.10689,352.67,0.4,0.6,2023-01-08,855,N,VIIRS,n,2,300.11,6.67,D,0
15.09164,75.83054,332.5,0.45,0.63,2023-01-08,855,N,VIIRS,n,2,302.43,5.19,D,0
14.81265,75.85771,354.12,0.45,0.63,2023-01-08,855,N,VIIRS,n,2,301.63,5.44,D,0
15.06568,75.70153,333.55,0.44,0.62,2023-01-08,855,N,VIIRS,l,2,303.65,4.96,D,0
18.81207,78.63448,330.34,0.75,0.77,2023-01-08,856,N,VIIRS,n,2,297.95,5.71,D,0
18.3741,73.11282,330.36,0.33,0.55,2023-01-08,856,N,VIIRS,n,2,297.66,0.88,D,0
15.04285,75.10677,354.23,0.4,0.6,2023-01-08,856,N,VIIRS,n,2,303.2,6.24,D,0
15.32532,75.66377,331.36,0.44,0.62,2023-01-08,856,N,VIIRS,l,2,302.95,5.66,D,0
15.33036,75.66219,335.13,0.44,0.62,2023-01-08,856,N,VIIRS,n,2,301.41,6.44,D,0
15.62061,74.73227,340.59,0.39,0.59,2023-01-08,856,N,VIIRS,n,2,302.47,3.57,D,0
16.1799,75.49217,330.04,0.44,0.62,2023-01-08,856,N,VIIRS,l,2,303.1,3.15,D,0
16.18572,75.49162,355.22,0.44,0.62,2023-01-08,856,N,VIIRS,n,2,304.27,7.27,D,0
16.29313,76.35511,335.92,0.5,0.66,2023-01-08,856,N,VIIRS,n,2,302.9,3.28,D,0
16.2268,74.67545,334.3,0.39,0.59,2023-01-08,856,N,VIIRS,n,2,301.43,2.43,D,0
16.45533,75.88631,351.79,0.47,0.64,2023-01-08,856,N,VIIRS,n,2,303.76,6.02,D,0
16.71557,73.76785,334.65,0.34,0.56,2023-01-08,856,N,VIIRS,n,2,300.02,1.99,D,0
16.72081,73.76736,331.22,0.34,0.56,2023-01-08,856,N,VIIRS,n,2,300.23,1.87,D,0
17.0408,74.92487,335.79,0.41,0.61,2023-01-08,856,N,VIIRS,n,2,301.44,1.56,D,0
17.04366,74.92427,337.91,0.41,0.61,2023-01-08,856,N,VIIRS,n,2,301.69,2.21,D,0
17.49179,77.91581,343.7,0.66,0.73,2023-01-08,856,N,VIIRS,n,2,303.53,6.74,D,0
17.5082,76.42706,334.83,0.53,0.67,2023-01-08,856,N,VIIRS,n,2,305.3,3.08,D,0
17.43542,75.59612,330.91,0.46,0.64,2023-01-08,856,N,VIIRS,n,2,300.61,4.01,D,0
17.43495,75.59164,342.12,0.46,0.64,2023-01-08,856,N,VIIRS,n,2,301.73,3.68,D,0
17.43233,75.59383,367.0,0.46,0.64,2023-01-08,856,N,VIIRS,h,2,302.14,5.51,D,0
17.54283,76.16135,334.38,0.51,0.66,2023-01-08,856,N,VIIRS,l,2,305.23,3.11,D,0
17.69699,77.22987,331.74,0.6,0.7,2023-01-08,856,N,VIIRS,n,2,303.54,2.79,D,0
17.41865,73.49685,335.63,0.34,0.56,2023-01-08,856,N,VIIRS,n,2,300.38,2.28,D,0
17.50328,73.29217,339.92,0.33,0.55,2023-01-08,856,N,VIIRS,n,2,300.2,4.71,D,0
17.71187,75.15008,331.0,0.44,0.62,2023-01-08,856,N,VIIRS,n,2,301.08,1.79,D,0
17.9486,76.32587,337.54,0.52,0.67,2023-01-08,856,N,VIIRS,n,2,306.38,4.41,D,0
17.87953,75.48134,330.41,0.46,0.64,2023-01-08,856,N,VIIRS,n,2,304.55,2.0,D,0
17.82861,74.97309,337.23,0.43,0.62,2023-01-08,856,N,VIIRS,n,2,300.61,2.53,D,0
17.77177,74.21037,356.57,0.38,0.59,2023-01-08,856,N,VIIRS,n,2,299.5,4.61,D,0
18.03203,76.60233,332.07,0.55,0.68,2023-01-08,856,N,VIIRS,n,2,300.55,2.79,D,0
18.03447,76.6015,337.23,0.55,0.68,2023-01-08,856,N,VIIRS,n,2,301.36,2.49,D,0
17.96178,75.0708,338.96,0.43,0.62,2023-01-08,856,N,VIIRS,n,2,300.44,3.18,D,0
18.1226,74.98111,330.94,0.43,0.62,2023-01-08,856,N,VIIRS,l,2,302.65,2.05,D,0
18.44554,78.16606,343.07,0.7,0.75,2023-01-08,856,N,VIIRS,n,2,306.97,8.77,D,0
18.14073,74.22541,332.99,0.38,0.59,2023-01-08,856,N,VIIRS,n,2,299.7,2.68,D,0
18.1099,73.56684,344.83,0.35,0.56,2023-01-08,856,N,VIIRS,n,2,302.85,3.38,D,0
18.27394,74.27515,331.02,0.39,0.59,2023-01-08,856,N,VIIRS,n,2,303.02,1.81,D,0
18.41649,75.34772,367.0,0.46,0.63,2023-01-08,856,N,VIIRS,h,2,304.57,7.65,D,0
18.23533,73.26157,333.15,0.33,0.55,2023-01-08,856,N,VIIRS,n,2,300.63,2.09,D,0
18.33408,73.33836,367.0,0.34,0.56,2023-01-08,856,N,VIIRS,h,2,304.0,8.36,D,0
18.33373,73.33516,333.91,0.34,0.56,2023-01-08,856,N,VIIRS,n,2,300.15,8.36,D,0
18.33925,73.33765,367.0,0.34,0.56,2023-01-08,856,N,VIIRS,h,2,303.05,8.3,D,0
21.10466,72.64626,367.0,0.33,0.55,2023-01-08,857,N,VIIRS,h,2,303.33,5.81,D,2
20.75937,73.16114,367.0,0.35,0.57,2023-01-08,857,N,VIIRS,h,2,302.14,9.96,D,0
20.76045,73.15939,367.0,0.35,0.57,2023-01-08,857,N,VIIRS,h,2,303.67,11.56,D,0
20.29103,72.98419,337.34,0.34,0.56,2023-01-08,857,N,VIIRS,n,2,302.1,2.95,D,0
20.27131,73.83321,333.7,0.38,0.59,2023-01-08,857,N,VIIRS,n,2,302.7,2.04,D,0
19.65767,73.11282,331.44,0.34,0.56,2023-01-08,857,N,VIIRS,n,2,301.98,1.68,D,0
19.64259,75.02444,332.12,0.45,0.63,2023-01-08,857,N,VIIRS,n,2,303.13,3.2,D,0
19.37562,73.11479,339.84,0.34,0.56,2023-01-08,857,N,VIIRS,n,2,301.76,1.95,D,0
19.49355,74.34797,330.68,0.41,0.6,2023-01-08,857,N,VIIRS,n,2,300.03,2.21,D,0
19.46224,75.47626,341.06,0.48,0.65,2023-01-08,857,N,VIIRS,n,2,303.85,4.93,D,0
19.25636,75.9797,334.43,0.51,0.66,2023-01-08,857,N,VIIRS,n,2,303.5,3.46,D,0
18.93671,73.07561,346.33,0.33,0.55,2023-01-08,857,N,VIIRS,n,2,300.11,3.51,D,0
19.05195,74.21403,345.33,0.39,0.6,2023-01-08,857,N,VIIRS,n,2,303.9,3.98,D,0
18.85885,72.92877,345.11,0.32,0.55,2023-01-08,857,N,VIIRS,n,2,303.03,2.95,D,2
18.8184,73.15088,331.39,0.33,0.55,2023-01-08,857,N,VIIRS,n,2,301.03,1.84,D,0
19.13801,77.10428,331.86,0.61,0.71,2023-01-08,857,N,VIIRS,n,2,301.3,5.02,D,0
18.7535,74.0108,331.08,0.38,0.59,2023-01-08,857,N,VIIRS,n,2,301.22,1.12,D,0
18.55071,73.57463,333.85,0.35,0.57,2023-01-08,857,N,VIIRS,n,2,297.69,4.32,D,0
22.19551,75.44261,339.07,0.51,0.66,2023-01-08,857,N,VIIRS,n,2,298.28,9.16,D,0
22.19593,75.44772,355.59,0.51,0.66,2023-01-08,857,N,VIIRS,n,2,300.03,15.12,D,0
21.88458,72.65233,338.03,0.34,0.56,2023-01-08,857,N,VIIRS,n,2,302.55,2.05,D,0
21.88341,72.65228,333.91,0.34,0.56,2023-01-08,857,N,VIIRS,n,2,302.23,1.51,D,0
21.77915,72.61569,338.78,0.33,0.56,2023-01-08,857,N,VIIRS,n,2,301.4,3.47,D,0
21.50466,70.33022,337.49,0.47,0.48,2023-01-08,857,N,VIIRS,n,2,298.2,3.51,D,0
21.75417,72.67829,338.19,0.34,0.56,2023-01-08,857,N,VIIRS,n,2,301.45,3.85,D,0
21.74899,72.67886,354.77,0.34,0.56,2023-01-08,857,N,VIIRS,n,2,302.57,3.85,D,0
21.44309,70.97617,330.5,0.52,0.5,2023-01-08,857,N,VIIRS,n,2,300.87,1.19,D,0
21.42139,71.34881,331.2,0.55,0.51,2023-01-08,857,N,VIIRS,l,2,305.06,1.66,D,0
21.64404,74.45731,335.55,0.44,0.62,2023-01-08,857,N,VIIRS,n,2,301.31,4.51,D,0
21.64442,74.46162,337.74,0.44,0.62,2023-01-08,857,N,VIIRS,n,2,301.46,6.41,D,0
21.49885,72.98779,341.49,0.35,0.57,2023-01-08,857,N,VIIRS,n,2,301.53,1.87,D,0
21.49942,72.98887,335.12,0.35,0.57,2023-01-08,857,N,VIIRS,n,2,301.14,1.58,D,0
21.64411,74.4612,350.07,0.44,0.62,2023-01-08,857,N,VIIRS,n,2,302.7,6.95,D,0
21.85955,77.9864,327.99,0.73,0.76,2023-01-08,857,N,VIIRS,l,2,298.15,7.54,D,0
21.10846,72.63284,344.6,0.33,0.55,2023-01-08,857,N,VIIRS,n,2,301.77,7.23,D,2
22.87816,77.01423,325.88,0.65,0.73,2023-01-08,858,N,VIIRS,l,2,299.83,2.39,D,0
22.38596,76.19958,331.78,0.57,0.69,2023-01-08,858,N,VIIRS,n,2,300.43,4.38,D,0
22.38618,76.20273,336.03,0.57,0.69,2023-01-08,858,N,VIIRS,n,2,301.07,6.83,D,0
22.44503,75.86891,338.41,0.55,0.68,2023-01-08,858,N,VIIRS,n,2,300.81,6.87,D,0
22.44458,75.86317,331.94,0.55,0.68,2023-01-08,858,N,VIIRS,n,2,298.44,3.78,D,0
25.58887,75.65983,335.81,0.57,0.69,2023-01-08,858,N,VIIRS,n,2,294.29,4.67,D,0
22.54804,73.46043,337.65,0.39,0.59,2023-01-08,858,N,VIIRS,n,2,300.31,2.07,D,0
29.91048,74.9585,357.42,0.56,0.69,2023-01-08,900,N,VIIRS,l,2,287.47,51.07,D,0
29.91015,74.95246,337.08,0.56,0.69,2023-01-08,900,N,VIIRS,n,2,291.37,50.04,D,2
29.81574,80.44457,327.7,0.37,0.58,2023-01-08,1943,N,VIIRS,n,2,280.9,3.03,N,0
30.01081,78.91183,298.0,0.45,0.63,2023-01-08,1943,N,VIIRS,n,2,282.24,0.54,N,0
30.00015,79.48413,300.92,0.42,0.61,2023-01-08,1943,N,VIIRS,n,2,279.99,1.16,N,0
30.0103,79.42323,304.24,0.42,0.61,2023-01-08,1943,N,VIIRS,n,2,281.84,0.92,N,0
30.01069,79.41789,296.92,0.42,0.61,2023-01-08,1943,N,VIIRS,n,2,281.88,0.92,N,0
30.01571,79.42799,300.78,0.42,0.61,2023-01-08,1943,N,VIIRS,n,2,282.11,0.97,N,0
30.01628,79.42003,311.25,0.42,0.61,2023-01-08,1943,N,VIIRS,n,2,282.48,0.97,N,0
30.00159,79.48547,303.64,0.42,0.61,2023-01-08,1943,N,VIIRS,n,2,281.07,1.01,N,0
30.01129,79.42538,306.97,0.42,0.61,2023-01-08,1943,N,VIIRS,n,2,281.85,1.4,N,0
30.01169,79.41913,303.29,0.42,0.61,2023-01-08,1943,N,VIIRS,n,2,282.33,1.74,N,0
30.01725,79.42228,309.27,0.42,0.61,2023-01-08,1943,N,VIIRS,n,2,281.84,1.89,N,0
29.96381,80.62601,305.46,0.36,0.57,2023-01-08,1943,N,VIIRS,n,2,280.93,1.12,N,0
29.96412,80.62211,298.4,0.36,0.57,2023-01-08,1943,N,VIIRS,n,2,281.22,1.12,N,0
29.96443,80.61812,305.73,0.36,0.57,2023-01-08,1943,N,VIIRS,n,2,282.68,2.17,N,0
29.96875,80.63158,300.86,0.36,0.57,2023-01-08,1943,N,VIIRS,n,2,282.02,1.12,N,0
30.06026,80.36275,307.61,0.37,0.58,2023-01-08,1943,N,VIIRS,n,2,279.27,0.89,N,0
30.0568,80.36104,298.2,0.37,0.58,2023-01-08,1943,N,VIIRS,n,2,279.51,1.09,N,0
30.34529,78.27847,295.35,0.5,0.66,2023-01-08,1943,N,VIIRS,n,2,281.91,0.88,N,0
30.40329,78.3372,296.88,0.5,0.65,2023-01-08,1943,N,VIIRS,n,2,282.76,0.64,N,0
27.37233,92.19475,297.34,0.41,0.37,2023-01-08,1943,N,VIIRS,n,2,274.94,0.41,N,0
27.38828,92.24519,298.04,0.41,0.37,2023-01-08,1943,N,VIIRS,n,2,276.53,1.25,N,0
27.38816,92.24365,300.99,0.41,0.37,2023-01-08,1943,N,VIIRS,n,2,276.74,0.88,N,0
27.02302,95.07251,300.78,0.54,0.42,2023-01-08,1943,N,VIIRS,n,2,283.07,0.42,N,0
27.52547,93.72997,299.67,0.46,0.39,2023-01-08,1943,N,VIIRS,n,2,279.08,0.77,N,0
29.35233,79.77684,303.88,0.4,0.6,2023-01-08,1943,N,VIIRS,n,2,284.04,0.92,N,0
29.35124,79.77139,295.74,0.4,0.6,2023-01-08,1943,N,VIIRS,n,2,283.86,1.24,N,0
27.31738,95.26322,305.16,0.55,0.43,2023-01-08,1943,N,VIIRS,n,2,283.49,1.06,N,0
27.34072,95.47884,295.68,0.56,0.43,2023-01-08,1943,N,VIIRS,n,2,284.03,0.35,N,0
29.68986,79.71098,322.11,0.4,0.6,2023-01-08,1943,N,VIIRS,n,2,283.89,3.49,N,0
29.9125,74.93038,296.82,0.78,0.78,2023-01-08,1943,N,VIIRS,n,2,277.73,42.08,N,0
29.91196,74.94722,342.5,0.77,0.78,2023-01-08,1943,N,VIIRS,n,2,278.21,27.24,N,2
29.91223,74.93881,367.0,0.77,0.78,2023-01-08,1943,N,VIIRS,h,2,284.53,42.08,N,0
29.68801,79.71575,296.06,0.4,0.6,2023-01-08,1943,N,VIIRS,n,2,281.25,1.22,N,0
29.6883,79.71148,318.6,0.4,0.6,2023-01-08,1943,N,VIIRS,n,2,283.34,1.79,N,0
29.68861,79.70715,297.53,0.4,0.6,2023-01-08,1943,N,VIIRS,n,2,281.86,1.79,N,0
27.55826,96.03873,317.84,0.4,0.44,2023-01-08,1943,N,VIIRS,n,2,282.96,1.15,N,2
29.81533,80.44981,304.71,0.36,0.58,2023-01-08,1943,N,VIIRS,n,2,280.68,2.59,N,0
30.43679,79.40734,316.99,0.43,0.62,2023-01-08,1943,N,VIIRS,n,2,275.21,1.13,N,0
30.43661,79.41015,298.67,0.43,0.62,2023-01-08,1943,N,VIIRS,n,2,278.12,1.13,N,0
29.91792,74.94563,295.3,0.77,0.78,2023-01-08,1943,N,VIIRS,n,2,277.91,36.6,N,0
29.68953,79.71529,299.6,0.4,0.6,2023-01-08,1943,N,VIIRS,n,2,281.23,1.12,N,0
29.91169,74.95559,317.04,0.77,0.78,2023-01-08,1943,N,VIIRS,n,2,276.58,27.24,N,0
31.37883,76.91533,309.18,0.61,0.71,2023-01-08,1943,N,VIIRS,n,2,280.81,2.17,N,0
30.55209,79.51624,295.36,0.42,0.61,2023-01-08,1943,N,VIIRS,n,2,279.09,0.8,N,0
30.54662,79.51214,302.39,0.42,0.61,2023-01-08,1943,N,VIIRS,n,2,280.06,1.7,N,0
30.54646,79.51443,298.05,0.42,0.61,2023-01-08,1943,N,VIIRS,n,2,279.93,0.8,N,0
30.55051,79.5136,300.28,0.42,0.61,2023-01-08,1943,N,VIIRS,n,2,279.64,1.72,N,0
30.55036,79.5158,307.08,0.42,0.61,2023-01-08,1943,N,VIIRS,n,2,280.62,1.74,N,0
30.51283,79.47731,300.59,0.42,0.61,2023-01-08,1943,N,VIIRS,n,2,279.94,1.29,N,0
30.50722,79.47507,297.11,0.42,0.61,2023-01-08,1943,N,VIIRS,n,2,279.21,0.92,N,0
30.59202,77.93835,302.07,0.53,0.67,2023-01-08,1943,N,VIIRS,n,2,280.61,1.37,N,0
30.43764,79.39451,314.95,0.43,0.62,2023-01-08,1943,N,VIIRS,n,2,277.21,1.79,N,0
30.43737,79.39864,307.41,0.43,0.62,2023-01-08,1943,N,VIIRS,n,2,277.7,1.79,N,0
30.43697,79.40466,304.18,0.43,0.62,2023-01-08,1943,N,VIIRS,n,2,278.02,2.84,N,0
27.29239,95.77515,300.41,0.39,0.44,2023-01-08,1943,N,VIIRS,n,2,286.08,0.94,N,0
27.46752,95.4243,296.82,0.56,0.43,2023-01-08,1943,N,VIIRS,n,2,284.53,0.41,N,2
29.90303,74.95316,298.03,0.77,0.77,2023-01-08,1943,N,VIIRS,n,2,275.04,2.69,N,0
29.90335,74.94476,310.04,0.77,0.78,2023-01-08,1943,N,VIIRS,n,2,275.06,4.18,N,0
29.91,74.96194,296.2,0.77,0.77,2023-01-08,1943,N,VIIRS,n,2,276.65,5.07,N,0
29.91032,74.95358,327.17,0.77,0.77,2023-01-08,1943,N,VIIRS,n,2,276.58,5.07,N,0
29.91063,74.94522,333.54,0.77,0.78,2023-01-08,1943,N,VIIRS,n,2,280.66,36.6,N,2
29.91095,74.93683,367.0,0.77,0.78,2023-01-08,1943,N,VIIRS,h,2,279.67,36.6,N,0
29.9176,74.95402,295.68,0.77,0.77,2023-01-08,1943,N,VIIRS,n,2,277.88,5.07,N,0
30.44265,79.39708,298.38,0.43,0.62,2023-01-08,1943,N,VIIRS,n,2,276.63,1.03,N,0
30.4362,79.40658,327.65,0.43,0.62,2023-01-08,1943,N,VIIRS,n,2,277.87,3.39,N,0
30.43716,79.39294,300.64,0.43,0.62,2023-01-08,1943,N,VIIRS,n,2,277.11,1.03,N,0
30.43682,79.39776,300.49,0.43,0.62,2023-01-08,1943,N,VIIRS,n,2,277.19,2.79,N,0
30.43601,79.40931,300.4,0.43,0.62,2023-01-08,1943,N,VIIRS,n,2,278.23,1.58,N,0
26.08614,93.95062,298.07,0.49,0.41,2023-01-08,1944,N,VIIRS,n,2,285.93,0.36,N,0
26.64458,79.47688,301.2,0.39,0.59,2023-01-08,1944,N,VIIRS,n,2,279.91,0.95,N,2
26.63939,79.47229,312.43,0.39,0.59,2023-01-08,1944,N,VIIRS,n,2,279.75,2.26,N,2
26.63907,79.47628,310.4,0.39,0.59,2023-01-08,1944,N,VIIRS,n,2,280.73,0.95,N,2
26.63948,79.47455,325.67,0.39,0.59,2023-01-08,1944,N,VIIRS,n,2,280.65,1.73,N,2
23.55697,87.08628,295.29,0.41,0.37,2023-01-08,1945,N,VIIRS,n,2,284.14,0.43,N,0
23.69772,86.07301,327.91,0.45,0.39,2023-01-08,1945,N,VIIRS,n,2,282.82,4.27,N,2
23.70129,86.07359,328.81,0.45,0.39,2023-01-08,1945,N,VIIRS,n,2,283.93,3.3,N,2
23.56324,87.09148,296.56,0.41,0.37,2023-01-08,1945,N,VIIRS,n,2,284.63,0.49,N,2
24.13539,82.56438,302.15,0.47,0.47,2023-01-08,1945,N,VIIRS,n,2,282.78,0.98,N,0
23.70486,86.07416,327.33,0.45,0.39,2023-01-08,1945,N,VIIRS,n,2,283.72,3.3,N,2
23.70843,86.07475,299.16,0.45,0.39,2023-01-08,1945,N,VIIRS,n,2,282.19,0.46,N,2
23.61298,86.79081,305.42,0.42,0.38,2023-01-08,1945,N,VIIRS,n,2,287.67,1.06,N,2
23.61355,86.78677,300.66,0.42,0.38,2023-01-08,1945,N,VIIRS,n,2,286.7,0.96,N,2
23.55158,87.24575,300.21,0.41,0.37,2023-01-08,1945,N,VIIRS,n,2,288.08,1.25,N,3
23.61644,86.7914,296.34,0.42,0.38,2023-01-08,1945,N,VIIRS,n,2,285.85,0.45,N,2
23.66805,86.42226,307.37,0.44,0.38,2023-01-08,1945,N,VIIRS,n,2,285.61,0.98,N,0
23.55216,87.24174,329.48,0.41,0.37,2023-01-08,1945,N,VIIRS,n,2,287.29,4.28,N,3
23.55499,87.24633,302.23,0.41,0.37,2023-01-08,1945,N,VIIRS,n,2,286.11,1.25,N,3
23.66153,86.49509,301.15,0.43,0.38,2023-01-08,1945,N,VIIRS,n,2,284.72,0.99,N,0
24.13815,82.69928,306.22,0.46,0.47,2023-01-08,1945,N,VIIRS,n,2,283.25,1.01,N,0
23.55557,87.24234,338.87,0.41,0.37,2023-01-08,1945,N,VIIRS,n,2,287.34,4.28,N,3
23.55898,87.24291,303.03,0.41,0.37,2023-01-08,1945,N,VIIRS,n,2,284.51,1.9,N,2
23.56071,87.23092,302.39,0.41,0.37,2023-01-08,1945,N,VIIRS,n,2,284.2,0.83,N,2
23.67803,86.4021,299.5,0.44,0.38,2023-01-08,1945,N,VIIRS,n,2,287.53,1.29,N,2
23.67862,86.39783,311.33,0.44,0.38,2023-01-08,1945,N,VIIRS,n,2,290.63,1.29,N,2
23.55956,87.23892,328.07,0.41,0.37,2023-01-08,1945,N,VIIRS,n,2,286.24,1.9,N,2
23.68333,86.38985,305.27,0.44,0.38,2023-01-08,1945,N,VIIRS,n,2,285.92,2.41,N,2
23.75649,85.85497,314.35,0.46,0.39,2023-01-08,1945,N,VIIRS,n,2,287.05,3.49,N,2
24.14632,82.70521,310.19,0.46,0.47,2023-01-08,1945,N,VIIRS,n,2,282.84,1.14,N,0
24.14683,82.70065,295.98,0.46,0.47,2023-01-08,1945,N,VIIRS,n,2,282.44,1.14,N,0
24.16274,82.55886,301.6,0.47,0.47,2023-01-08,1945,N,VIIRS,n,2,283.41,1.21,N,2
23.68273,86.39416,322.7,0.44,0.38,2023-01-08,1945,N,VIIRS,n,2,288.02,2.41,N,2
23.68625,86.39474,312.0,0.44,0.38,2023-01-08,1945,N,VIIRS,n,2,286.46,1.65,N,2
23.68744,86.38614,303.56,0.44,0.38,2023-01-08,1945,N,VIIRS,n,2,286.77,1.03,N,2
23.7601,85.85554,307.49,0.46,0.39,2023-01-08,1945,N,VIIRS,n,2,286.07,1.66,N,2
23.80238,85.53987,299.59,0.47,0.4,2023-01-08,1945,N,VIIRS,n,2,284.97,1.03,N,0
23.68685,86.39044,322.44,0.44,0.38,2023-01-08,1945,N,VIIRS,n,2,289.4,1.65,N,2
24.16714,82.55936,322.43,0.47,0.47,2023-01-08,1945,N,VIIRS,n,2,284.95,2.11,N,2
23.62033,86.88879,295.71,0.42,0.38,2023-01-08,1945,N,VIIRS,n,2,282.85,0.48,N,0
23.69036,86.39104,303.75,0.44,0.38,2023-01-08,1945,N,VIIRS,n,2,288.01,1.65,N,2
23.69096,86.38673,302.7,0.44,0.38,2023-01-08,1945,N,VIIRS,n,2,286.57,1.03,N,2
24.17099,82.5647,296.34,0.47,0.47,2023-01-08,1945,N,VIIRS,n,2,282.32,1.1,N,2
24.17154,82.55981,308.75,0.47,0.47,2023-01-08,1945,N,VIIRS,n,2,284.87,2.11,N,2
23.82397,85.46202,297.71,0.48,0.4,2023-01-08,1945,N,VIIRS,n,2,282.57,0.65,N,0
24.16682,82.68024,321.12,0.46,0.47,2023-01-08,1945,N,VIIRS,n,2,285.01,2.94,N,0
23.82632,85.50072,311.04,0.48,0.4,2023-01-08,1945,N,VIIRS,n,2,290.08,2.05,N,2
24.18752,82.57619,303.67,0.47,0.47,2023-01-08,1945,N,VIIRS,n,2,282.33,1.51,N,2
24.19191,82.57677,314.21,0.47,0.47,2023-01-08,1945,N,VIIRS,n,2,284.91,1.67,N,2
24.20653,82.52672,302.94,0.47,0.48,2023-01-08,1945,N,VIIRS,n,2,281.15,1.64,N,0
23.61105,87.14916,300.68,0.41,0.37,2023-01-08,1945,N,VIIRS,n,2,285.87,1.19,N,2
23.61163,87.14514,302.55,0.41,0.37,2023-01-08,1945,N,VIIRS,n,2,285.95,1.03,N,2
23.71544,86.44326,302.81,0.43,0.38,2023-01-08,1945,N,VIIRS,n,2,285.64,0.84,N,2
23.71835,86.44813,312.21,0.43,0.38,2023-01-08,1945,N,VIIRS,n,2,291.74,2.06,N,2
23.71895,86.44386,302.44,0.43,0.38,2023-01-08,1945,N,VIIRS,n,2,287.72,0.84,N,2
23.71955,86.4396,296.95,0.43,0.38,2023-01-08,1945,N,VIIRS,n,2,285.99,0.84,N,2
23.72186,86.44872,310.9,0.43,0.38,2023-01-08,1945,N,VIIRS,n,2,295.46,2.01,N,2
23.72306,86.44019,301.97,0.43,0.38,2023-01-08,1945,N,VIIRS,n,2,285.85,1.54,N,2
23.72657,86.44077,313.06,0.43,0.38,2023-01-08,1945,N,VIIRS,n,2,288.94,1.54,N,2
23.72888,86.44989,296.44,0.43,0.38,2023-01-08,1945,N,VIIRS,n,2,285.97,0.55,N,2
23.73069,86.43708,301.37,0.43,0.38,2023-01-08,1945,N,VIIRS,n,2,290.15,1.16,N,2
23.73249,86.42429,298.05,0.44,0.38,2023-01-08,1945,N,VIIRS,n,2,284.95,1.12,N,2
23.66509,86.92156,317.78,0.42,0.38,2023-01-08,1945,N,VIIRS,n,2,284.49,1.04,N,2
23.66568,86.91746,299.05,0.42,0.38,2023-01-08,1945,N,VIIRS,n,2,286.15,1.04,N,2
23.77106,86.20133,304.16,0.44,0.39,2023-01-08,1945,N,VIIRS,n,2,286.88,1.28,N,2
23.77166,86.19698,295.46,0.44,0.39,2023-01-08,1945,N,VIIRS,n,2,284.44,1.3,N,2
23.74304,86.42605,297.7,0.44,0.38,2023-01-08,1945,N,VIIRS,n,2,286.29,1.02,N,2
23.77338,86.21065,301.92,0.44,0.39,2023-01-08,1945,N,VIIRS,n,2,286.88,1.09,N,2
23.77399,86.20629,300.73,0.44,0.39,2023-01-08,1945,N,VIIRS,n,2,287.98,1.28,N,2
23.77644,86.18883,299.53,0.44,0.39,2023-01-08,1945,N,VIIRS,n,2,289.45,1.22,N,2
23.67216,86.93444,298.78,0.42,0.38,2023-01-08,1945,N,VIIRS,n,2,286.37,0.58,N,2
23.74294,86.42479,298.98,0.44,0.38,2023-01-08,1945,N,VIIRS,n,2,285.35,0.91,N,2
23.7729,86.20466,307.04,0.44,0.39,2023-01-08,1945,N,VIIRS,n,2,288.39,1.09,N,2
23.77349,86.20032,302.4,0.44,0.39,2023-01-08,1945,N,VIIRS,n,2,288.3,1.09,N,2
23.74646,86.42538,300.38,0.44,0.38,2023-01-08,1945,N,VIIRS,n,2,287.58,1.08,N,2
23.74705,86.42111,303.67,0.44,0.38,2023-01-08,1945,N,VIIRS,n,2,286.96,1.32,N,2
23.74763,86.41685,296.11,0.44,0.38,2023-01-08,1945,N,VIIRS,n,2,284.25,1.32,N,0
23.77585,86.20965,304.96,0.44,0.39,2023-01-08,1945,N,VIIRS,n,2,288.45,1.74,N,2
23.77999,86.20587,313.36,0.44,0.39,2023-01-08,1945,N,VIIRS,n,2,290.65,2.78,N,2
23.75115,86.41744,327.4,0.44,0.38,2023-01-08,1945,N,VIIRS,n,2,289.51,1.32,N,2
23.75643,86.40519,298.81,0.44,0.38,2023-01-08,1945,N,VIIRS,n,2,284.73,1.43,N,2
23.75702,86.40088,309.97,0.44,0.38,2023-01-08,1945,N,VIIRS,n,2,287.36,1.43,N,2
23.75761,86.39658,314.12,0.44,0.38,2023-01-08,1945,N,VIIRS,n,2,288.72,1.47,N,2
23.78295,86.21085,310.65,0.44,0.39,2023-01-08,1945,N,VIIRS,n,2,286.69,1.28,N,2
23.78354,86.2065,322.93,0.44,0.39,2023-01-08,1945,N,VIIRS,n,2,288.68,2.39,N,2
23.76113,86.39717,299.85,0.44,0.38,2023-01-08,1945,N,VIIRS,n,2,289.06,1.47,N,2
23.76171,86.39289,310.92,0.44,0.38,2023-01-08,1945,N,VIIRS,n,2,291.56,1.47,N,2
23.76348,86.38002,298.73,0.44,0.38,2023-01-08,1945,N,VIIRS,n,2,286.71,1.02,N,0
23.76054,86.40148,321.57,0.44,0.38,2023-01-08,1945,N,VIIRS,n,2,290.34,1.43,N,2
23.76524,86.39348,316.61,0.44,0.38,2023-01-08,1945,N,VIIRS,n,2,293.72,2.2,N,2
23.76582,86.3892,303.61,0.44,0.38,2023-01-08,1945,N,VIIRS,n,2,289.45,1.15,N,2
23.76759,86.37634,302.55,0.44,0.38,2023-01-08,1945,N,VIIRS,n,2,288.61,1.41,N,0
23.76818,86.37206,297.22,0.44,0.38,2023-01-08,1945,N,VIIRS,n,2,286.49,1.12,N,0
23.76876,86.39407,310.13,0.44,0.38,2023-01-08,1945,N,VIIRS,n,2,293.37,2.2,N,2
23.76935,86.38979,305.91,0.44,0.38,2023-01-08,1945,N,VIIRS,n,2,292.88,1.15,N,2
23.76993,86.38551,298.04,0.44,0.38,2023-01-08,1945,N,VIIRS,n,2,287.45,1.15,N,2
23.77228,86.39466,303.62,0.44,0.38,2023-01-08,1945,N,VIIRS,n,2,290.76,1.6,N,2
23.77287,86.39038,307.6,0.44,0.38,2023-01-08,1945,N,VIIRS,n,2,290.79,1.39,N,2
23.77345,86.38611,311.06,0.44,0.38,2023-01-08,1945,N,VIIRS,n,2,289.56,1.39,N,2
23.77641,86.3646,304.46,0.44,0.38,2023-01-08,1945,N,VIIRS,n,2,287.84,1.14,N,2
23.77878,86.34737,302.95,0.44,0.38,2023-01-08,1945,N,VIIRS,n,2,285.37,1.09,N,2
23.77937,86.34305,298.2,0.44,0.38,2023-01-08,1945,N,VIIRS,n,2,287.33,1.09,N,2
23.79419,86.2349,310.86,0.44,0.39,2023-01-08,1945,N,VIIRS,n,2,286.86,1.56,N,2
23.77639,86.39098,316.53,0.44,0.38,2023-01-08,1945,N,VIIRS,n,2,292.0,1.39,N,2
23.77698,86.38671,308.1,0.44,0.38,2023-01-08,1945,N,VIIRS,n,2,288.43,1.39,N,2
23.77875,86.3738,305.12,0.44,0.38,2023-01-08,1945,N,VIIRS,n,2,287.63,1.46,N,2
23.78231,86.34796,311.04,0.44,0.38,2023-01-08,1945,N,VIIRS,n,2,286.47,1.09,N,2
23.78409,86.33503,306.03,0.44,0.38,2023-01-08,1945,N,VIIRS,n,2,289.52,1.78,N,2
23.78468,86.33074,298.4,0.44,0.38,2023-01-08,1945,N,VIIRS,n,2,285.67,0.83,N,0
23.78824,86.3048,306.3,0.44,0.38,2023-01-08,1945,N,VIIRS,n,2,286.37,1.55,N,2
23.77932,86.39586,307.46,0.44,0.38,2023-01-08,1945,N,VIIRS,n,2,289.35,0.81,N,2
23.78762,86.33562,310.0,0.44,0.38,2023-01-08,1945,N,VIIRS,n,2,288.77,1.25,N,2
23.78821,86.33133,302.02,0.44,0.38,2023-01-08,1945,N,VIIRS,n,2,286.3,0.75,N,0
23.77991,86.39158,323.85,0.44,0.38,2023-01-08,1945,N,VIIRS,n,2,292.51,2.33,N,2
23.73346,86.75055,312.01,0.42,0.38,2023-01-08,1945,N,VIIRS,n,2,287.08,1.81,N,0
23.78284,86.39645,296.54,0.44,0.38,2023-01-08,1945,N,VIIRS,n,2,285.97,0.81,N,2
23.78343,86.39217,313.89,0.44,0.38,2023-01-08,1945,N,VIIRS,n,2,289.58,2.33,N,2
23.78877,86.35346,300.42,0.44,0.38,2023-01-08,1945,N,VIIRS,n,2,285.16,0.73,N,2
23.78992,86.37125,306.0,0.44,0.38,2023-01-08,1945,N,VIIRS,n,2,286.75,0.89,N,2
23.7929,86.34972,311.31,0.44,0.38,2023-01-08,1945,N,VIIRS,n,2,290.6,2.42,N,2
23.7923,86.35405,334.8,0.44,0.38,2023-01-08,1945,N,VIIRS,n,2,290.88,2.23,N,2
23.68797,87.12022,315.73,0.41,0.37,2023-01-08,1945,N,VIIRS,n,2,287.17,2.24,N,2
23.69087,87.10004,308.67,0.41,0.37,2023-01-08,1945,N,VIIRS,n,2,287.57,1.68,N,2
23.79583,86.35463,306.32,0.44,0.38,2023-01-08,1945,N,VIIRS,n,2,286.32,2.23,N,2
23.79642,86.35031,309.87,0.44,0.38,2023-01-08,1945,N,VIIRS,n,2,290.87,2.42,N,2
23.79761,86.34169,300.27,0.44,0.38,2023-01-08,1945,N,VIIRS,n,2,287.33,0.91,N,0
23.6769,87.22139,296.16,0.41,0.37,2023-01-08,1945,N,VIIRS,n,2,285.42,0.72,N,0
23.69139,87.1208,303.42,0.41,0.37,2023-01-08,1945,N,VIIRS,n,2,286.83,1.21,N,2
23.69255,87.11275,298.63,0.41,0.37,2023-01-08,1945,N,VIIRS,n,2,285.38,1.66,N,2
23.69313,87.1087,295.59,0.41,0.37,2023-01-08,1945,N,VIIRS,n,2,284.64,0.8,N,2
23.69371,87.10468,299.53,0.41,0.37,2023-01-08,1945,N,VIIRS,n,2,284.59,0.8,N,2
23.80352,86.32505,309.79,0.44,0.38,2023-01-08,1945,N,VIIRS,n,2,291.03,1.83,N,2
23.80532,86.31204,298.12,0.44,0.38,2023-01-08,1945,N,VIIRS,n,2,286.71,1.94,N,0
23.80293,86.32938,326.53,0.44,0.38,2023-01-08,1945,N,VIIRS,n,2,291.72,2.38,N,2
23.69424,87.12545,298.21,0.41,0.37,2023-01-08,1945,N,VIIRS,n,2,285.3,1.21,N,2
23.80646,86.32996,315.24,0.44,0.38,2023-01-08,1945,N,VIIRS,n,2,291.21,2.38,N,2
23.80766,86.32129,300.36,0.44,0.38,2023-01-08,1945,N,VIIRS,n,2,289.97,1.83,N,2
23.80825,86.31696,315.28,0.44,0.38,2023-01-08,1945,N,VIIRS,n,2,295.79,1.94,N,2
23.81459,86.58001,298.33,0.43,0.38,2023-01-08,1945,N,VIIRS,n,2,280.46,0.53,N,0
23.79909,87.05069,307.77,0.42,0.37,2023-01-08,1945,N,VIIRS,n,2,291.32,1.63,N,2
23.79967,87.04664,314.71,0.42,0.37,2023-01-08,1945,N,VIIRS,n,2,289.47,1.63,N,2
23.80829,87.03561,295.52,0.42,0.37,2023-01-08,1945,N,VIIRS,n,2,285.08,0.79,N,0
24.11959,86.35375,298.9,0.44,0.38,2023-01-08,1945,N,VIIRS,n,2,283.28,1.28,N,2
24.14798,86.33176,297.36,0.44,0.39,2023-01-08,1945,N,VIIRS,n,2,281.47,0.4,N,0
23.54818,87.24516,304.72,0.41,0.37,2023-01-08,1945,N,VIIRS,n,2,285.63,1.06,N,3
21.18206,81.38612,304.76,0.51,0.49,2023-01-08,1945,N,VIIRS,n,2,291.08,1.44,N,3
21.18261,81.38117,299.17,0.51,0.49,2023-01-08,1945,N,VIIRS,n,2,287.68,1.44,N,2
21.19462,81.39775,298.71,0.51,0.49,2023-01-08,1945,N,VIIRS,n,2,287.67,1.92,N,2
20.76034,85.29097,308.7,0.45,0.39,2023-01-08,1945,N,VIIRS,n,2,287.31,1.63,N,0
20.78434,85.26157,303.5,0.46,0.39,2023-01-08,1945,N,VIIRS,n,2,287.81,1.55,N,2
20.78734,85.26651,306.62,0.46,0.39,2023-01-08,1945,N,VIIRS,n,2,289.3,1.24,N,2
20.78794,85.26214,303.24,0.46,0.39,2023-01-08,1945,N,VIIRS,n,2,290.84,1.72,N,2
20.79212,85.25836,310.62,0.46,0.39,2023-01-08,1945,N,VIIRS,n,2,290.42,1.72,N,2
20.79272,85.25398,324.11,0.46,0.39,2023-01-08,1945,N,VIIRS,n,2,289.34,4.85,N,2
20.79572,85.25893,308.29,0.46,0.39,2023-01-08,1945,N,VIIRS,n,2,288.19,1.18,N,2
20.79632,85.25456,307.98,0.46,0.39,2023-01-08,1945,N,VIIRS,n,2,287.72,2.04,N,2
20.79932,85.2595,304.39,0.46,0.39,2023-01-08,1945,N,VIIRS,n,2,287.89,1.18,N,2
20.80351,85.25566,308.25,0.46,0.39,2023-01-08,1945,N,VIIRS,n,2,287.19,2.38,N,2
20.80711,85.25621,326.84,0.46,0.39,2023-01-08,1945,N,VIIRS,n,2,293.56,2.38,N,2
20.8653,84.99321,305.64,0.47,0.4,2023-01-08,1945,N,VIIRS,n,2,290.76,1.77,N,2
21.29627,81.6049,297.22,0.49,0.49,2023-01-08,1945,N,VIIRS,n,2,282.5,0.85,N,2
21.31145,81.59229,304.1,0.49,0.49,2023-01-08,1945,N,VIIRS,n,2,286.02,0.82,N,2
20.88539,84.98249,301.44,0.47,0.4,2023-01-08,1945,N,VIIRS,n,2,288.37,0.85,N,2
21.34345,81.6692,295.38,0.49,0.48,2023-01-08,1945,N,VIIRS,n,2,284.15,1.58,N,2
21.3456,81.66633,295.31,0.49,0.48,2023-01-08,1945,N,VIIRS,n,2,283.16,0.8,N,2
21.36624,81.64489,295.96,0.49,0.49,2023-01-08,1945,N,VIIRS,n,2,285.59,1.72,N,2
21.36693,81.67896,305.3,0.49,0.48,2023-01-08,1945,N,VIIRS,n,2,288.04,1.93,N,2
21.37088,81.68427,299.14,0.49,0.48,2023-01-08,1945,N,VIIRS,n,2,288.18,1.58,N,2
21.37577,81.6413,300.01,0.49,0.49,2023-01-08,1945,N,VIIRS,n,2,286.4,1.98,N,2
21.3759,81.68011,302.34,0.49,0.48,2023-01-08,1945,N,VIIRS,n,2,287.82,1.77,N,2
21.38312,81.65685,297.75,0.49,0.49,2023-01-08,1945,N,VIIRS,n,2,284.86,0.8,N,2
21.3887,81.6479,301.34,0.49,0.49,2023-01-08,1945,N,VIIRS,n,2,285.43,1.06,N,2
20.96969,85.01599,305.87,0.47,0.4,2023-01-08,1945,N,VIIRS,n,2,290.02,1.04,N,0
20.97031,85.01147,298.68,0.47,0.4,2023-01-08,1945,N,VIIRS,n,2,284.06,1.04,N,0
20.97452,85.03515,296.67,0.47,0.4,2023-01-08,1945,N,VIIRS,n,2,285.63,1.19,N,0
20.95786,85.18325,304.83,0.46,0.39,2023-01-08,1945,N,VIIRS,n,2,290.61,1.22,N,2
20.95908,85.17439,308.38,0.46,0.39,2023-01-08,1945,N,VIIRS,n,2,288.78,2.86,N,2
20.96829,85.10752,298.16,0.46,0.39,2023-01-08,1945,N,VIIRS,n,2,287.39,0.61,N,0
20.96026,85.1926,301.38,0.46,0.39,2023-01-08,1945,N,VIIRS,n,2,288.77,1.11,N,0
20.96086,85.18823,304.71,0.46,0.39,2023-01-08,1945,N,VIIRS,n,2,289.75,1.22,N,2
20.96147,85.18381,300.18,0.46,0.39,2023-01-08,1945,N,VIIRS,n,2,289.95,1.22,N,2
20.96208,85.17938,308.54,0.46,0.39,2023-01-08,1945,N,VIIRS,n,2,291.14,2.86,N,2
20.96393,85.16604,302.86,0.46,0.39,2023-01-08,1945,N,VIIRS,n,2,289.26,2.78,N,2
20.96516,85.15713,299.86,0.46,0.39,2023-01-08,1945,N,VIIRS,n,2,287.25,0.82,N,2
20.9627,85.17494,337.56,0.46,0.39,2023-01-08,1945,N,VIIRS,n,2,295.96,2.86,N,2
20.96331,85.1705,322.17,0.46,0.39,2023-01-08,1945,N,VIIRS,n,2,292.66,2.78,N,2
20.96387,85.19316,300.8,0.46,0.39,2023-01-08,1945,N,VIIRS,n,2,289.86,0.96,N,2
20.96448,85.18878,306.94,0.46,0.39,2023-01-08,1945,N,VIIRS,n,2,290.21,2.01,N,2
20.9657,85.17995,317.97,0.46,0.39,2023-01-08,1945,N,VIIRS,n,2,290.02,1.54,N,2
20.96631,85.1755,308.06,0.46,0.39,2023-01-08,1945,N,VIIRS,n,2,289.61,1.54,N,2
20.96693,85.17105,299.01,0.46,0.39,2023-01-08,1945,N,VIIRS,n,2,288.27,1.04,N,2
20.96816,85.16214,312.15,0.46,0.39,2023-01-08,1945,N,VIIRS,n,2,289.52,1.96,N,2
20.97001,85.1488,320.47,0.46,0.39,2023-01-08,1945,N,VIIRS,n,2,287.86,1.66,N,2
20.97055,85.17161,306.95,0.46,0.39,2023-01-08,1945,N,VIIRS,n,2,288.55,1.04,N,2
20.97117,85.16714,302.51,0.46,0.39,2023-01-08,1945,N,VIIRS,n,2,290.74,1.04,N,2
20.97417,85.17216,301.85,0.46,0.39,2023-01-08,1945,N,VIIRS,n,2,288.1,1.12,N,2
20.97479,85.1677,312.65,0.46,0.39,2023-01-08,1945,N,VIIRS,n,2,290.1,1.12,N,2
20.97787,85.14546,314.54,0.46,0.39,2023-01-08,1945,N,VIIRS,n,2,288.62,1.55,N,2
20.97972,85.13208,297.75,0.46,0.39,2023-01-08,1945,N,VIIRS,n,2,287.69,1.13,N,2
20.92382,86.04169,303.03,0.43,0.38,2023-01-08,1945,N,VIIRS,n,2,288.22,0.77,N,0
21.07369,85.04453,303.57,0.47,0.4,2023-01-08,1945,N,VIIRS,n,2,285.66,1.05,N,2
21.4861,81.77015,299.59,0.48,0.48,2023-01-08,1945,N,VIIRS,n,2,286.11,1.21,N,2
21.07734,85.04508,314.37,0.47,0.4,2023-01-08,1945,N,VIIRS,n,2,287.95,1.54,N,2
21.07795,85.04056,317.97,0.47,0.4,2023-01-08,1945,N,VIIRS,n,2,288.07,2.21,N,2
21.07857,85.03603,305.58,0.47,0.4,2023-01-08,1945,N,VIIRS,n,2,290.67,2.21,N,2
21.07919,85.03152,301.01,0.47,0.4,2023-01-08,1945,N,VIIRS,n,2,285.12,0.91,N,2
20.93888,86.06087,301.22,0.43,0.38,2023-01-08,1945,N,VIIRS,n,2,286.12,0.9,N,2
20.94236,86.06143,318.68,0.43,0.38,2023-01-08,1945,N,VIIRS,n,2,290.03,1.37,N,2
20.94295,86.05735,311.36,0.43,0.38,2023-01-08,1945,N,VIIRS,n,2,290.09,1.37,N,2
20.95107,86.05035,310.04,0.43,0.38,2023-01-08,1945,N,VIIRS,n,2,290.65,1.53,N,2
20.95165,86.04628,302.89,0.43,0.38,2023-01-08,1945,N,VIIRS,n,2,288.41,1.27,N,2
20.96449,86.00645,318.22,0.43,0.38,2023-01-08,1945,N,VIIRS,n,2,288.65,2.09,N,2
20.82837,86.96033,302.41,0.4,0.37,2023-01-08,1945,N,VIIRS,n,2,287.51,0.92,N,0
20.9674,86.0111,301.24,0.43,0.38,2023-01-08,1945,N,VIIRS,n,2,290.29,1.72,N,2
20.83175,86.9609,298.3,0.4,0.37,2023-01-08,1945,N,VIIRS,n,2,288.07,1.83,N,0
20.97206,86.00346,305.71,0.43,0.38,2023-01-08,1945,N,VIIRS,n,2,291.48,0.92,N,2
20.97496,86.00812,297.62,0.43,0.38,2023-01-08,1945,N,VIIRS,n,2,286.82,0.92,N,2
20.97555,86.00402,305.86,0.43,0.38,2023-01-08,1945,N,VIIRS,n,2,287.28,0.92,N,2
20.83455,86.9653,326.64,0.4,0.37,2023-01-08,1945,N,VIIRS,n,2,291.98,1.83,N,0
20.83513,86.96147,325.09,0.4,0.37,2023-01-08,1945,N,VIIRS,n,2,291.79,1.83,N,0
21.67246,82.07999,304.86,0.46,0.47,2023-01-08,1945,N,VIIRS,n,2,287.38,1.28,N,2
21.67688,84.03654,302.87,0.53,0.42,2023-01-08,1945,N,VIIRS,n,2,284.18,1.21,N,2
21.68008,84.0423,305.11,0.53,0.42,2023-01-08,1945,N,VIIRS,n,2,287.22,1.23,N,2
21.68076,84.03709,302.41,0.53,0.42,2023-01-08,1945,N,VIIRS,n,2,287.03,2.12,N,2
21.75221,83.81931,303.46,0.55,0.43,2023-01-08,1945,N,VIIRS,n,2,286.65,1.62,N,0
21.75346,83.84115,301.58,0.55,0.43,2023-01-08,1945,N,VIIRS,n,2,285.76,0.94,N,2
21.75739,83.8417,307.85,0.55,0.43,2023-01-08,1945,N,VIIRS,n,2,287.44,1.8,N,2
21.76132,83.84227,316.95,0.55,0.43,2023-01-08,1945,N,VIIRS,n,2,285.95,1.8,N,2
21.75403,84.02386,303.92,0.54,0.42,2023-01-08,1945,N,VIIRS,n,2,288.43,1.98,N,2
21.75791,84.02444,299.85,0.54,0.42,2023-01-08,1945,N,VIIRS,n,2,288.05,1.92,N,2
21.76247,84.0198,307.35,0.54,0.42,2023-01-08,1945,N,VIIRS,n,2,290.5,1.92,N,2
21.76636,84.02038,316.02,0.54,0.42,2023-01-08,1945,N,VIIRS,n,2,289.75,2.27,N,2
21.76568,84.02558,327.36,0.54,0.42,2023-01-08,1945,N,VIIRS,n,2,286.17,2.27,N,2
21.77024,84.02094,301.54,0.54,0.42,2023-01-08,1945,N,VIIRS,n,2,287.06,2.27,N,2
21.80361,83.88651,299.74,0.55,0.42,2023-01-08,1945,N,VIIRS,n,2,287.88,1.36,N,2
21.79446,83.98722,300.53,0.54,0.42,2023-01-08,1945,N,VIIRS,n,2,285.32,0.86,N,0
21.87548,83.4957,304.84,0.38,0.44,2023-01-08,1945,N,VIIRS,n,2,286.21,1.1,N,2
21.91769,83.35195,303.77,0.39,0.44,2023-01-08,1945,N,VIIRS,n,2,288.42,1.38,N,2
21.92174,83.35255,310.68,0.39,0.44,2023-01-08,1945,N,VIIRS,n,2,292.27,1.38,N,2
22.00375,82.67183,304.13,0.43,0.46,2023-01-08,1945,N,VIIRS,n,2,286.41,1.28,N,2
22.00425,82.66757,315.43,0.43,0.46,2023-01-08,1945,N,VIIRS,n,2,288.62,2.64,N,2
21.92221,83.34873,323.4,0.39,0.44,2023-01-08,1945,N,VIIRS,n,2,294.17,3.77,N,2
21.98128,83.23967,298.29,0.4,0.44,2023-01-08,1945,N,VIIRS,n,2,287.58,0.91,N,2
21.98634,83.23246,303.82,0.4,0.44,2023-01-08,1945,N,VIIRS,n,2,287.12,1.67,N,2
21.98611,83.36588,298.02,0.39,0.44,2023-01-08,1945,N,VIIRS,n,2,284.91,0.55,N,0
22.00689,83.32883,295.33,0.39,0.44,2023-01-08,1945,N,VIIRS,n,2,283.79,0.41,N,2
22.02161,83.37763,305.75,0.39,0.44,2023-01-08,1945,N,VIIRS,n,2,285.57,0.89,N,0
22.02707,83.36678,295.75,0.39,0.44,2023-01-08,1945,N,VIIRS,n,2,283.82,0.58,N,2
22.03159,83.36356,296.77,0.39,0.44,2023-01-08,1945,N,VIIRS,n,2,285.15,0.78,N,2
22.03206,83.35976,296.77,0.39,0.44,2023-01-08,1945,N,VIIRS,n,2,285.16,0.78,N,2
22.03253,83.35596,295.36,0.39,0.44,2023-01-08,1945,N,VIIRS,n,2,283.56,0.66,N,0
22.03705,83.35276,300.83,0.39,0.44,2023-01-08,1945,N,VIIRS,n,2,284.69,0.66,N,2
22.02559,83.76907,303.69,0.56,0.43,2023-01-08,1945,N,VIIRS,n,2,282.62,1.02,N,0
22.03442,83.73163,295.87,0.56,0.43,2023-01-08,1945,N,VIIRS,n,2,283.89,1.13,N,0
22.04166,83.73819,300.68,0.56,0.43,2023-01-08,1945,N,VIIRS,n,2,286.09,1.33,N,2
22.05568,83.72353,298.21,0.56,0.43,2023-01-08,1945,N,VIIRS,n,2,284.85,0.89,N,2
22.05798,83.72538,303.29,0.56,0.43,2023-01-08,1945,N,VIIRS,n,2,286.66,1.92,N,2
22.81447,76.21075,295.35,0.57,0.69,2023-01-08,1945,N,VIIRS,n,2,284.1,1.08,N,0
22.10706,83.52444,295.75,0.39,0.44,2023-01-08,1945,N,VIIRS,n,2,284.51,0.71,N,0
21.92962,85.22237,309.99,0.47,0.4,2023-01-08,1945,N,VIIRS,n,2,284.3,2.21,N,2
22.31372,82.5249,296.45,0.44,0.46,2023-01-08,1945,N,VIIRS,n,2,286.17,0.78,N,2
22.31425,82.52057,299.55,0.44,0.46,2023-01-08,1945,N,VIIRS,n,2,285.72,0.78,N,2
21.96897,85.3147,297.8,0.47,0.39,2023-01-08,1945,N,VIIRS,n,2,282.04,0.68,N,2
22.31594,82.52403,299.03,0.44,0.46,2023-01-08,1945,N,VIIRS,n,2,287.51,1.34,N,2
22.32131,82.5907,329.08,0.44,0.46,2023-01-08,1945,N,VIIRS,n,2,286.47,1.69,N,0
22.32509,82.59554,298.21,0.44,0.46,2023-01-08,1945,N,VIIRS,n,2,285.69,1.69,N,2
22.32187,82.66034,302.03,0.44,0.46,2023-01-08,1945,N,VIIRS,n,2,284.99,1.26,N,2
22.3319,82.57443,300.76,0.44,0.46,2023-01-08,1945,N,VIIRS,n,2,285.29,0.39,N,0
22.31667,82.74139,306.86,0.43,0.46,2023-01-08,1945,N,VIIRS,n,2,283.33,1.62,N,0
22.32463,82.67367,305.33,0.44,0.46,2023-01-08,1945,N,VIIRS,n,2,285.1,1.02,N,2
22.33614,82.64945,306.78,0.44,0.46,2023-01-08,1945,N,VIIRS,n,2,286.21,1.09,N,2
22.05326,85.4628,302.45,0.46,0.39,2023-01-08,1945,N,VIIRS,n,2,282.79,1.6,N,2
22.20302,84.84925,296.57,0.49,0.4,2023-01-08,1945,N,VIIRS,n,2,283.16,0.87,N,2
22.13414,85.38418,295.78,0.46,0.39,2023-01-08,1945,N,VIIRS,n,2,282.41,0.47,N,2
22.20675,84.84983,298.25,0.49,0.4,2023-01-08,1945,N,VIIRS,n,2,284.25,0.87,N,2
22.20739,84.84502,307.63,0.49,0.4,2023-01-08,1945,N,VIIRS,n,2,283.51,0.87,N,2
22.20919,84.85998,301.84,0.49,0.4,2023-01-08,1945,N,VIIRS,n,2,285.94,1.02,N,2
22.20983,84.85519,297.77,0.49,0.4,2023-01-08,1945,N,VIIRS,n,2,284.71,1.02,N,0
22.22273,84.75906,299.04,0.5,0.41,2023-01-08,1945,N,VIIRS,n,2,283.32,0.6,N,2
22.21034,84.87966,298.56,0.49,0.4,2023-01-08,1945,N,VIIRS,n,2,284.75,1.53,N,2
22.21227,84.86533,305.45,0.49,0.4,2023-01-08,1945,N,VIIRS,n,2,287.07,1.96,N,2
22.216,84.86589,299.17,0.49,0.4,2023-01-08,1945,N,VIIRS,n,2,284.93,0.81,N,0
22.91067,79.29687,296.97,0.36,0.57,2023-01-08,1945,N,VIIRS,n,2,277.83,0.39,N,0
23.38461,74.4022,333.77,0.74,0.76,2023-01-08,1945,N,VIIRS,n,2,290.44,7.39,N,0
23.38062,74.40035,316.53,0.74,0.76,2023-01-08,1945,N,VIIRS,n,2,289.33,4.25,N,0
23.38777,74.4012,313.83,0.74,0.76,2023-01-08,1945,N,VIIRS,n,2,289.46,3.42,N,0
22.05162,88.12666,305.63,0.39,0.36,2023-01-08,1945,N,VIIRS,n,2,290.25,1.18,N,2
22.05219,88.12292,310.21,0.39,0.36,2023-01-08,1945,N,VIIRS,n,2,292.13,1.18,N,2
22.05494,88.12724,318.76,0.39,0.36,2023-01-08,1945,N,VIIRS,n,2,290.45,1.56,N,2
22.05551,88.1235,314.72,0.39,0.36,2023-01-08,1945,N,VIIRS,n,2,293.27,1.56,N,2
22.2438,87.39079,297.18,0.4,0.37,2023-01-08,1945,N,VIIRS,n,2,286.82,0.96,N,2
22.24437,87.38694,311.5,0.4,0.37,2023-01-08,1945,N,VIIRS,n,2,286.62,0.96,N,2
22.36173,87.01572,302.35,0.41,0.37,2023-01-08,1945,N,VIIRS,n,2,289.03,1.19,N,2
22.36109,87.01834,301.31,0.41,0.37,2023-01-08,1945,N,VIIRS,n,2,288.31,0.8,N,2
22.36449,87.01892,300.12,0.41,0.37,2023-01-08,1945,N,VIIRS,n,2,287.85,0.8,N,2
22.36506,87.01497,299.02,0.41,0.37,2023-01-08,1945,N,VIIRS,n,2,287.3,0.8,N,2
22.36847,87.01556,298.95,0.41,0.37,2023-01-08,1945,N,VIIRS,n,2,286.67,0.71,N,2
22.35623,87.29003,298.04,0.4,0.37,2023-01-08,1945,N,VIIRS,n,2,287.23,0.54,N,2
22.35961,87.2906,298.8,0.4,0.37,2023-01-08,1945,N,VIIRS,n,2,287.41,0.54,N,2
22.36522,87.29951,318.8,0.4,0.37,2023-01-08,1945,N,VIIRS,n,2,290.71,1.87,N,2
22.3686,87.30009,302.03,0.4,0.37,2023-01-08,1945,N,VIIRS,n,2,287.72,1.0,N,0
22.37822,87.28185,315.24,0.4,0.37,2023-01-08,1945,N,VIIRS,n,2,290.99,0.92,N,2
22.38102,87.28631,306.04,0.4,0.37,2023-01-08,1945,N,VIIRS,n,2,286.43,0.92,N,2
22.58969,85.90543,305.71,0.45,0.39,2023-01-08,1945,N,VIIRS,n,2,285.64,0.69,N,2
22.59325,85.90601,301.99,0.45,0.39,2023-01-08,1945,N,VIIRS,n,2,283.89,0.69,N,2
22.63097,86.17739,295.33,0.44,0.38,2023-01-08,1945,N,VIIRS,n,2,285.12,0.43,N,0
23.16894,82.34235,299.25,0.47,0.48,2023-01-08,1945,N,VIIRS,n,2,283.96,0.58,N,2
22.79783,86.08945,302.53,0.44,0.38,2023-01-08,1945,N,VIIRS,n,2,285.76,0.81,N,2
22.80136,86.09003,305.39,0.44,0.38,2023-01-08,1945,N,VIIRS,n,2,289.16,1.45,N,2
22.78864,86.20564,300.28,0.44,0.38,2023-01-08,1945,N,VIIRS,n,2,289.97,1.63,N,2
22.78924,86.20139,304.93,0.44,0.38,2023-01-08,1945,N,VIIRS,n,2,289.79,1.34,N,2
22.78984,86.19714,307.28,0.44,0.38,2023-01-08,1945,N,VIIRS,n,2,293.14,1.34,N,2
22.79156,86.2104,309.26,0.44,0.38,2023-01-08,1945,N,VIIRS,n,2,288.46,0.96,N,2
22.79336,86.19771,319.95,0.44,0.38,2023-01-08,1945,N,VIIRS,n,2,289.71,1.52,N,3
22.80903,86.08691,303.3,0.44,0.38,2023-01-08,1945,N,VIIRS,n,2,288.84,0.64,N,2
22.79568,86.20674,298.36,0.44,0.38,2023-01-08,1945,N,VIIRS,n,2,287.87,0.96,N,2
22.79688,86.19829,302.25,0.44,0.38,2023-01-08,1945,N,VIIRS,n,2,289.04,1.52,N,2
22.81256,86.08749,299.92,0.44,0.38,2023-01-08,1945,N,VIIRS,n,2,286.42,0.64,N,2
22.87367,86.0613,300.21,0.44,0.38,2023-01-08,1945,N,VIIRS,n,2,284.93,0.95,N,2
22.91202,86.07191,302.46,0.44,0.38,2023-01-08,1945,N,VIIRS,n,2,283.74,0.77,N,0
23.35926,83.22575,301.62,0.42,0.45,2023-01-08,1945,N,VIIRS,n,2,280.45,0.99,N,0
23.66564,85.00092,296.76,0.5,0.41,2023-01-08,1945,N,VIIRS,n,2,284.03,0.69,N,2
23.66628,84.99604,297.18,0.5,0.41,2023-01-08,1945,N,VIIRS,n,2,279.75,1.04,N,2
23.67004,84.99661,295.65,0.5,0.41,2023-01-08,1945,N,VIIRS,n,2,283.33,1.04,N,2
24.65922,74.6307,296.97,0.74,0.76,2023-01-08,1945,N,VIIRS,n,2,285.47,2.06,N,2
23.99072,82.62306,297.24,0.46,0.47,2023-01-08,1945,N,VIIRS,n,2,280.57,0.63,N,0
23.3119,87.80486,313.74,0.4,0.37,2023-01-08,1945,N,VIIRS,n,2,283.4,1.28,N,0
23.71831,85.00915,295.35,0.5,0.41,2023-01-08,1945,N,VIIRS,n,2,280.25,0.96,N,2
23.64951,85.56986,296.15,0.47,0.4,2023-01-08,1945,N,VIIRS,n,2,284.38,0.63,N,0
23.72607,85.00696,308.29,0.5,0.41,2023-01-08,1945,N,VIIRS,n,2,282.48,1.01,N,2
23.72983,85.00756,309.51,0.5,0.41,2023-01-08,1945,N,VIIRS,n,2,283.56,1.01,N,2
23.69923,85.27518,296.96,0.49,0.4,2023-01-08,1945,N,VIIRS,n,2,284.27,0.89,N,2
23.73548,85.02344,299.7,0.5,0.41,2023-01-08,1945,N,VIIRS,n,2,284.91,1.65,N,2
23.73674,85.01363,299.65,0.5,0.41,2023-01-08,1945,N,VIIRS,n,2,287.09,1.51,N,2
23.73736,85.00874,306.34,0.5,0.41,2023-01-08,1945,N,VIIRS,n,2,284.22,1.51,N,2
23.74113,85.00932,304.15,0.5,0.41,2023-01-08,1945,N,VIIRS,n,2,284.55,1.82,N,2
23.70786,85.29614,296.63,0.49,0.4,2023-01-08,1945,N,VIIRS,n,2,282.73,0.59,N,0
23.54625,86.54674,296.4,0.43,0.38,2023-01-08,1945,N,VIIRS,n,2,283.41,0.77,N,0
23.44283,87.48767,303.26,0.4,0.37,2023-01-08,1945,N,VIIRS,n,2,284.06,0.51,N,0
23.63171,86.29539,299.05,0.44,0.38,2023-01-08,1945,N,VIIRS,n,2,285.69,0.8,N,2
23.48228,87.36115,303.76,0.4,0.37,2023-01-08,1945,N,VIIRS,n,2,289.36,0.65,N,2
23.48286,87.3572,299.02,0.41,0.37,2023-01-08,1945,N,VIIRS,n,2,286.26,0.65,N,2
23.74419,85.50447,309.04,0.48,0.4,2023-01-08,1945,N,VIIRS,n,2,282.96,1.53,N,2
23.66727,86.09254,300.66,0.45,0.39,2023-01-08,1945,N,VIIRS,n,2,285.55,1.17,N,2
23.67563,86.08488,335.77,0.45,0.39,2023-01-08,1945,N,VIIRS,n,2,287.95,4.15,N,2
23.67919,86.08546,319.45,0.45,0.39,2023-01-08,1945,N,VIIRS,n,2,287.34,1.61,N,2
23.84502,84.86285,296.93,0.51,0.41,2023-01-08,1945,N,VIIRS,n,2,279.8,0.71,N,0
23.5121,87.2768,298.28,0.41,0.37,2023-01-08,1945,N,VIIRS,n,2,285.66,0.84,N,2
23.68153,86.09481,316.27,0.45,0.39,2023-01-08,1945,N,VIIRS,n,2,286.34,1.52,N,2
23.68215,86.09042,309.99,0.45,0.39,2023-01-08,1945,N,VIIRS,n,2,285.51,1.52,N,2
23.68337,86.08163,301.91,0.45,0.39,2023-01-08,1945,N,VIIRS,n,2,285.46,1.61,N,2
23.51235,87.27576,296.48,0.41,0.37,2023-01-08,1945,N,VIIRS,n,2,285.08,0.57,N,2
23.67751,86.08775,326.32,0.45,0.39,2023-01-08,1945,N,VIIRS,n,2,285.13,2.05,N,2
23.6781,86.08336,324.6,0.45,0.39,2023-01-08,1945,N,VIIRS,n,2,288.76,1.99,N,2
23.51632,87.27238,296.0,0.41,0.37,2023-01-08,1945,N,VIIRS,n,2,285.73,0.57,N,2
23.68048,86.09273,317.49,0.45,0.39,2023-01-08,1945,N,VIIRS,n,2,286.91,2.05,N,2
23.68167,86.08393,301.16,0.45,0.39,2023-01-08,1945,N,VIIRS,n,2,285.82,1.99,N,2
23.68464,86.0889,305.46,0.45,0.39,2023-01-08,1945,N,VIIRS,n,2,284.85,1.42,N,2
23.51511,87.32927,297.65,0.41,0.37,2023-01-08,1945,N,VIIRS,n,2,285.3,0.53,N,0
20.57716,85.74642,299.7,0.43,0.38,2023-01-08,1946,N,VIIRS,n,2,285.8,0.77,N,0
20.51572,85.72381,307.54,0.43,0.38,2023-01-08,1946,N,VIIRS,n,2,289.5,1.4,N,2
21.26597,79.18447,302.22,0.35,0.57,2023-01-08,1946,N,VIIRS,n,2,287.03,1.32,N,0
21.26,79.19072,297.85,0.35,0.57,2023-01-08,1946,N,VIIRS,n,2,286.97,1.31,N,0
21.24597,79.22363,318.87,0.35,0.57,2023-01-08,1946,N,VIIRS,n,2,288.81,1.69,N,2
21.23967,79.23318,297.1,0.35,0.57,2023-01-08,1946,N,VIIRS,n,2,284.71,0.54,N,0
20.70201,78.62045,296.32,0.38,0.58,2023-01-08,1946,N,VIIRS,n,2,286.18,1.04,N,2
20.53226,74.83846,302.51,0.65,0.73,2023-01-08,1946,N,VIIRS,n,2,281.18,0.8,N,0
20.13346,79.01395,299.29,0.35,0.57,2023-01-08,1946,N,VIIRS,n,2,283.64,1.41,N,0
20.13313,79.01734,300.94,0.35,0.57,2023-01-08,1946,N,VIIRS,n,2,284.71,1.36,N,0
20.53131,74.83987,297.43,0.65,0.73,2023-01-08,1946,N,VIIRS,n,2,280.72,0.99,N,0
20.13413,79.01487,313.08,0.35,0.57,2023-01-08,1946,N,VIIRS,n,2,285.05,1.33,N,0
19.96191,79.33453,323.01,0.33,0.55,2023-01-08,1946,N,VIIRS,n,2,285.04,2.06,N,2
19.92238,79.1114,302.34,0.34,0.56,2023-01-08,1946,N,VIIRS,n,2,288.55,0.84,N,2
19.92197,79.11365,307.27,0.34,0.56,2023-01-08,1946,N,VIIRS,n,2,288.21,0.88,N,2
19.81947,79.23717,299.33,0.33,0.56,2023-01-08,1946,N,VIIRS,n,2,286.9,0.7,N,0
19.78564,79.1473,308.57,0.34,0.56,2023-01-08,1946,N,VIIRS,n,2,290.53,1.13,N,2
19.70487,79.21688,302.91,0.33,0.56,2023-01-08,1946,N,VIIRS,n,2,288.41,0.86,N,2
19.70355,79.21707,301.88,0.33,0.56,2023-01-08,1946,N,VIIRS,n,2,287.0,0.87,N,2
19.14598,76.3983,295.03,0.5,0.66,2023-01-08,1946,N,VIIRS,n,2,282.0,0.56,N,0
19.14683,76.39777,296.67,0.5,0.66,2023-01-08,1946,N,VIIRS,n,2,282.1,0.87,N,0
18.24936,83.90056,302.46,0.5,0.41,2023-01-08,1946,N,VIIRS,n,2,288.33,0.43,N,0
18.73667,79.52927,308.54,0.62,0.54,2023-01-08,1946,N,VIIRS,n,2,289.17,2.44,N,0
18.73602,79.53521,311.29,0.62,0.54,2023-01-08,1946,N,VIIRS,n,2,288.85,2.44,N,0
18.72604,79.53396,301.16,0.62,0.54,2023-01-08,1946,N,VIIRS,n,2,290.91,2.49,N,2
18.72039,79.53926,304.54,0.62,0.54,2023-01-08,1946,N,VIIRS,n,2,289.39,1.66,N,2
18.72026,79.53846,305.87,0.62,0.54,2023-01-08,1946,N,VIIRS,n,2,289.4,2.03,N,2
19.01437,76.09509,296.21,0.52,0.67,2023-01-08,1946,N,VIIRS,n,2,282.78,0.44,N,0
19.01191,76.05373,303.39,0.53,0.67,2023-01-08,1946,N,VIIRS,n,2,283.26,0.88,N,0
18.90579,74.42463,313.38,0.67,0.74,2023-01-08,1946,N,VIIRS,n,2,287.63,2.18,N,0
18.90526,74.43109,302.83,0.67,0.74,2023-01-08,1946,N,VIIRS,n,2,286.61,2.18,N,0
18.90547,74.42944,320.8,0.67,0.73,2023-01-08,1946,N,VIIRS,n,2,287.84,3.03,N,0
17.86187,82.12252,295.44,0.41,0.45,2023-01-08,1946,N,VIIRS,n,2,283.43,0.41,N,0
17.61263,83.20303,301.27,0.53,0.42,2023-01-08,1946,N,VIIRS,n,2,289.67,0.61,N,2
17.60876,83.20246,319.61,0.53,0.42,2023-01-08,1946,N,VIIRS,n,2,292.51,1.91,N,2
17.60489,83.2019,306.5,0.53,0.42,2023-01-08,1946,N,VIIRS,n,2,292.41,1.91,N,2
17.61109,83.20612,309.14,0.53,0.42,2023-01-08,1946,N,VIIRS,n,2,292.4,1.59,N,2
17.60791,83.20052,315.41,0.53,0.42,2023-01-08,1946,N,VIIRS,n,2,291.3,2.34,N,2
17.60404,83.19995,304.05,0.53,0.42,2023-01-08,1946,N,VIIRS,n,2,292.06,1.75,N,2
17.53126,83.00239,306.12,0.55,0.42,2023-01-08,1946,N,VIIRS,n,2,289.66,1.85,N,0
17.53214,83.00024,314.45,0.54,0.42,2023-01-08,1946,N,VIIRS,n,2,290.35,1.7,N,0
17.83431,79.04666,295.94,0.33,0.55,2023-01-08,1946,N,VIIRS,n,2,283.9,0.46,N,0
18.18229,75.40423,300.34,0.57,0.69,2023-01-08,1946,N,VIIRS,n,2,283.14,1.56,N,0
15.08854,75.83651,306.13,0.49,0.65,2023-01-08,1947,N,VIIRS,n,2,288.01,1.42,N,0
15.08736,75.8372,301.91,0.49,0.65,2023-01-08,1947,N,VIIRS,n,2,288.01,1.47,N,0
14.60404,78.52155,303.11,0.32,0.55,2023-01-08,1947,N,VIIRS,n,2,291.8,0.89,N,0
14.27071,80.12998,309.84,0.5,0.49,2023-01-08,1947,N,VIIRS,n,2,292.52,1.31,N,0
14.49059,78.49106,299.59,0.32,0.55,2023-01-08,1947,N,VIIRS,n,2,288.16,0.5,N,0
14.58697,78.57863,302.25,0.63,0.54,2023-01-08,1947,N,VIIRS,n,2,291.4,1.38,N,0
18.18861,75.40514,296.51,0.57,0.69,2023-01-08,1947,N,VIIRS,n,2,283.66,0.91,N,0
18.18217,75.40435,297.61,0.57,0.69,2023-01-08,1947,N,VIIRS,n,2,283.16,0.91,N,0
18.00747,75.09367,319.51,0.59,0.7,2023-01-08,1947,N,VIIRS,n,2,285.29,1.81,N,0
18.00895,75.09163,303.64,0.59,0.7,2023-01-08,1947,N,VIIRS,n,2,285.02,1.85,N,0
18.00841,75.09731,304.18,0.59,0.7,2023-01-08,1947,N,VIIRS,n,2,284.77,1.44,N,0
18.0127,74.54707,298.06,0.64,0.72,2023-01-08,1947,N,VIIRS,n,2,284.67,1.06,N,0
17.55842,77.82945,299.72,0.39,0.59,2023-01-08,1947,N,VIIRS,n,2,279.84,0.85,N,0
17.45525,76.73165,337.91,0.46,0.63,2023-01-08,1947,N,VIIRS,n,2,285.91,1.93,N,0
17.44936,76.73089,306.31,0.46,0.63,2023-01-08,1947,N,VIIRS,n,2,282.11,1.93,N,0
17.5144,75.88147,302.17,0.52,0.67,2023-01-08,1947,N,VIIRS,n,2,283.68,0.58,N,0
17.33214,77.48267,300.8,0.41,0.6,2023-01-08,1947,N,VIIRS,n,2,289.45,0.74,N,0
17.51016,75.88058,303.39,0.52,0.67,2023-01-08,1947,N,VIIRS,n,2,283.36,0.67,N,0
17.30713,77.47335,295.42,0.41,0.6,2023-01-08,1947,N,VIIRS,n,2,285.23,0.68,N,0
17.14544,78.2231,301.87,0.36,0.57,2023-01-08,1947,N,VIIRS,n,2,283.09,0.76,N,2
17.10922,77.13166,298.04,0.43,0.62,2023-01-08,1947,N,VIIRS,n,2,286.86,0.84,N,0
17.10672,74.56299,297.48,0.63,0.72,2023-01-08,1947,N,VIIRS,n,2,284.03,0.87,N,0
16.35979,81.28418,300.55,0.45,0.47,2023-01-08,1947,N,VIIRS,n,2,289.53,0.27,N,0
16.47345,75.78573,299.46,0.51,0.66,2023-01-08,1947,N,VIIRS,n,2,285.69,0.62,N,0
16.37084,75.3344,301.04,0.55,0.68,2023-01-08,1947,N,VIIRS,n,2,284.39,1.05,N,0
16.20574,76.15056,297.32,0.48,0.65,2023-01-08,1947,N,VIIRS,n,2,283.93,0.62,N,0
16.12469,75.37952,298.57,0.54,0.68,2023-01-08,1947,N,VIIRS,n,2,283.92,0.71,N,0
15.92618,75.74909,298.22,0.51,0.66,2023-01-08,1947,N,VIIRS,n,2,283.29,0.86,N,0
15.76605,75.09443,308.49,0.56,0.69,2023-01-08,1947,N,VIIRS,n,2,285.44,1.43,N,0
15.74484,75.04841,298.37,0.56,0.69,2023-01-08,1947,N,VIIRS,n,2,284.46,0.89,N,0
15.34588,78.04018,302.72,0.35,0.57,2023-01-08,1947,N,VIIRS,n,2,290.34,1.56,N,0
15.34551,78.04327,307.93,0.35,0.57,2023-01-08,1947,N,VIIRS,n,2,290.79,1.37,N,0
15.33353,76.24782,297.68,0.46,0.64,2023-01-08,1947,N,VIIRS,n,2,287.14,1.0,N,0
15.43689,74.79146,298.91,0.58,0.7,2023-01-08,1947,N,VIIRS,n,2,284.72,0.44,N,0
15.18065,77.10248,303.07,0.4,0.6,2023-01-08,1947,N,VIIRS,n,2,288.12,1.01,N,2
15.18457,76.79031,301.51,0.42,0.61,2023-01-08,1947,N,VIIRS,n,2,287.1,1.18,N,0
15.18401,76.64153,304.98,0.43,0.62,2023-01-08,1947,N,VIIRS,n,2,291.01,1.6,N,2
15.02509,78.01318,303.5,0.35,0.57,2023-01-08,1947,N,VIIRS,n,2,291.65,0.53,N,2
15.17408,76.67784,332.81,0.43,0.62,2023-01-08,1947,N,VIIRS,n,2,289.87,2.21,N,2
15.17684,76.65326,314.37,0.43,0.62,2023-01-08,1947,N,VIIRS,n,2,293.4,1.5,N,2
15.17638,76.65736,302.69,0.43,0.62,2023-01-08,1947,N,VIIRS,n,2,291.97,1.5,N,2
15.17216,76.37579,312.3,0.45,0.63,2023-01-08,1947,N,VIIRS,n,2,291.01,2.08,N,2
15.13591,76.70659,298.09,0.43,0.62,2023-01-08,1947,N,VIIRS,n,2,286.07,0.68,N,2
15.11855,76.81131,299.19,0.42,0.61,2023-01-08,1947,N,VIIRS,n,2,287.22,0.54,N,2
15.07221,76.86584,302.26,0.42,0.61,2023-01-08,1947,N,VIIRS,n,2,287.68,1.96,N,2
15.07082,76.86402,306.31,0.42,0.61,2023-01-08,1947,N,VIIRS,n,2,288.63,1.62,N,2
14.88289,78.05093,322.34,0.35,0.56,2023-01-08,1947,N,VIIRS,n,2,287.68,2.54,N,0
14.88251,78.05419,311.62,0.35,0.56,2023-01-08,1947,N,VIIRS,n,2,287.27,1.64,N,0
15.14512,75.65099,298.3,0.5,0.66,2023-01-08,1947,N,VIIRS,n,2,286.22,0.78,N,0
14.8884,77.95834,308.04,0.35,0.57,2023-01-08,1947,N,VIIRS,n,2,284.92,1.06,N,0
14.26902,80.13274,307.82,0.49,0.49,2023-01-08,1948,N,VIIRS,n,2,292.24,0.84,N,0
12.85553,79.90585,321.48,0.49,0.49,2023-01-08,1948,N,VIIRS,n,2,291.74,3.11,N,0
14.38383,75.57765,342.4,0.5,0.66,2023-01-08,1948,N,VIIRS,n,2,291.33,7.62,N,0
14.38433,75.57323,341.95,0.5,0.66,2023-01-08,1948,N,VIIRS,n,2,291.36,10.95,N,0
14.38998,75.57803,318.15,0.5,0.66,2023-01-08,1948,N,VIIRS,n,2,290.02,3.27,N,0
14.3905,75.57348,337.48,0.5,0.66,2023-01-08,1948,N,VIIRS,n,2,291.49,5.79,N,0
14.38355,75.57868,328.66,0.5,0.66,2023-01-08,1948,N,VIIRS,n,2,290.3,4.7,N,0
14.38403,75.57424,347.96,0.5,0.66,2023-01-08,1948,N,VIIRS,n,2,291.89,4.7,N,0
14.3897,75.5791,313.97,0.5,0.66,2023-01-08,1948,N,VIIRS,n,2,289.35,4.7,N,0
14.39018,75.57456,340.94,0.5,0.66,2023-01-08,1948,N,VIIRS,n,2,292.04,4.7,N,0
10.06551,76.28961,306.95,0.39,0.59,2023-01-08,1949,N,VIIRS,n,2,289.54,0.72,N,0
10.03278,77.12915,319.54,0.34,0.56,2023-01-08,1949,N,VIIRS,n,2,287.09,1.44,N,0
10.03315,77.12638,307.74,0.35,0.56,2023-01-08,1949,N,VIIRS,n,2,286.64,1.44,N,0
8.98799,77.01527,305.81,0.34,0.56,2023-01-08,1949,N,VIIRS,n,2,290.13,0.7,N,0
31.34081,77.64314,301.15,0.42,0.61,2023-01-08,2123,N,VIIRS,n,2,278.84,0.87,N,0
31.96587,76.81744,296.81,0.36,0.58,2023-01-08,2123,N,VIIRS,n,2,283.65,0.7,N,0
29.85126,79.45409,302.72,0.57,0.69,2023-01-08,2123,N,VIIRS,n,2,281.27,1.64,N,0
29.85689,79.45834,329.91,0.57,0.69,2023-01-08,2123,N,VIIRS,n,2,283.41,4.57,N,0
30.00502,79.44141,295.41,0.57,0.69,2023-01-08,2123,N,VIIRS,n,2,282.16,1.35,N,0
30.01059,79.42101,295.02,0.56,0.69,2023-01-08,2123,N,VIIRS,n,2,281.14,1.49,N,0
29.80875,80.45831,296.46,0.65,0.73,2023-01-08,2123,N,VIIRS,n,2,279.42,1.11,N,0
29.81222,80.45617,304.29,0.65,0.73,2023-01-08,2123,N,VIIRS,n,2,279.85,1.87,N,0
30.03635,80.20148,298.29,0.63,0.72,2023-01-08,2123,N,VIIRS,n,2,276.23,1.23,N,0
30.80913,78.13001,299.38,0.46,0.63,2023-01-08,2123,N,VIIRS,n,2,281.69,1.69,N,0
31.01942,77.95817,295.65,0.44,0.63,2023-01-08,2123,N,VIIRS,n,2,279.49,0.89,N,0
30.76453,78.64943,301.37,0.49,0.65,2023-01-08,2123,N,VIIRS,n,2,279.79,1.36,N,0
31.33672,77.64737,300.43,0.42,0.61,2023-01-08,2123,N,VIIRS,n,2,279.02,1.5,N,0
31.35967,77.55602,296.97,0.41,0.61,2023-01-08,2123,N,VIIRS,n,2,278.67,0.89,N,0
31.33984,77.6469,297.38,0.42,0.61,2023-01-08,2123,N,VIIRS,n,2,279.08,0.87,N,0
27.66774,76.12948,295.1,0.41,0.61,2023-01-08,2124,N,VIIRS,n,2,282.84,0.73,N,2
29.35481,79.77544,295.25,0.61,0.71,2023-01-08,2124,N,VIIRS,n,2,282.82,0.85,N,0
29.91342,74.95087,338.78,0.63,0.54,2023-01-08,2124,N,VIIRS,n,2,274.66,3.87,N,2
29.91493,74.94447,301.54,0.63,0.54,2023-01-08,2124,N,VIIRS,n,2,269.37,3.87,N,0
29.91191,74.95731,298.17,0.63,0.54,2023-01-08,2124,N,VIIRS,n,2,274.72,2.62,N,0
29.90854,74.94939,356.54,0.63,0.54,2023-01-08,2124,N,VIIRS,n,2,280.12,25.46,N,2
29.90703,74.9558,321.16,0.63,0.54,2023-01-08,2124,N,VIIRS,n,2,274.99,16.63,N,2
29.91005,74.94296,308.08,0.63,0.54,2023-01-08,2124,N,VIIRS,n,2,272.26,25.46,N,2
29.49012,75.31867,296.29,0.34,0.56,2023-01-08,2124,N,VIIRS,n,2,275.25,0.4,N,0
29.85533,79.4567,334.07,0.57,0.69,2023-01-08,2124,N,VIIRS,n,2,283.34,5.56,N,0
25.14676,72.93436,337.9,0.6,0.53,2023-01-08,2125,N,VIIRS,n,2,285.36,5.62,N,0
24.82055,73.09112,297.53,0.63,0.54,2023-01-08,2125,N,VIIRS,n,2,287.13,1.11,N,2
24.82103,73.09312,301.54,0.63,0.54,2023-01-08,2125,N,VIIRS,n,2,288.42,1.52,N,2
24.6615,74.63474,304.7,0.39,0.59,2023-01-08,2125,N,VIIRS,n,2,289.03,1.07,N,2
24.66239,74.63088,298.85,0.39,0.59,2023-01-08,2125,N,VIIRS,n,2,286.9,1.07,N,2
25.15157,72.93568,309.3,0.6,0.53,2023-01-08,2125,N,VIIRS,n,2,284.43,5.62,N,0
24.93187,74.63454,297.56,0.39,0.59,2023-01-08,2125,N,VIIRS,n,2,286.02,0.82,N,2
27.67094,71.95898,300.84,0.47,0.48,2023-01-08,2125,N,VIIRS,n,2,278.84,0.82,N,0
21.10861,72.63358,307.53,0.35,0.57,2023-01-08,2126,N,VIIRS,n,2,293.4,2.35,N,2
21.10648,72.64362,318.65,0.35,0.57,2023-01-08,2126,N,VIIRS,n,2,292.31,4.23,N,2
21.1079,72.63692,309.4,0.35,0.57,2023-01-08,2126,N,VIIRS,n,2,294.07,2.35,N,2
21.10577,72.64697,334.98,0.35,0.57,2023-01-08,2126,N,VIIRS,n,2,294.28,3.85,N,2
21.10931,72.63025,352.48,0.35,0.57,2023-01-08,2126,N,VIIRS,n,2,293.97,5.3,N,2
21.10396,72.6302,305.93,0.35,0.57,2023-01-08,2126,N,VIIRS,n,2,290.88,0.95,N,2
21.10545,72.64813,304.61,0.35,0.57,2023-01-08,2126,N,VIIRS,n,2,292.44,2.5,N,2
21.10839,72.63478,308.3,0.35,0.57,2023-01-08,2126,N,VIIRS,n,2,293.89,3.17,N,2
21.10984,72.62815,301.73,0.35,0.57,2023-01-08,2126,N,VIIRS,n,2,290.79,3.41,N,2
21.10619,72.64478,345.72,0.35,0.57,2023-01-08,2126,N,VIIRS,n,2,294.9,5.27,N,2
21.10911,72.63145,351.3,0.35,0.57,2023-01-08,2126,N,VIIRS,n,2,294.41,3.41,N,2
21.30833,73.22446,323.04,0.38,0.58,2023-01-08,2126,N,VIIRS,n,2,287.02,1.91,N,0
21.31119,73.22433,317.37,0.38,0.58,2023-01-08,2126,N,VIIRS,n,2,286.98,1.99,N,0
21.68231,72.53336,301.11,0.33,0.56,2023-01-08,2126,N,VIIRS,n,2,289.91,0.43,N,0
21.68301,72.53018,300.75,0.33,0.56,2023-01-08,2126,N,VIIRS,n,2,290.35,0.43,N,0
22.41732,69.03992,306.98,0.4,0.44,2023-01-08,2126,N,VIIRS,n,2,291.33,0.52,N,2
22.33072,69.74932,305.31,0.44,0.46,2023-01-08,2126,N,VIIRS,n,2,294.27,1.74,N,2
21.90535,72.75705,311.24,0.34,0.56,2023-01-08,2126,N,VIIRS,n,2,287.29,0.53,N,2
21.28398,76.83722,297.46,0.63,0.72,2023-01-08,2126,N,VIIRS,n,2,285.06,1.01,N,0
22.93303,69.70013,300.27,0.42,0.46,2023-01-08,2126,N,VIIRS,n,2,290.12,0.82,N,2
22.938,69.69697,305.34,0.42,0.45,2023-01-08,2126,N,VIIRS,n,2,290.27,0.82,N,2
22.36511,73.11754,316.2,0.35,0.57,2023-01-08,2126,N,VIIRS,n,2,290.98,2.37,N,2
23.26386,70.24934,309.15,0.45,0.47,2023-01-08,2126,N,VIIRS,n,2,290.95,1.4,N,2
23.80481,73.56454,300.86,0.35,0.57,2023-01-08,2126,N,VIIRS,n,2,284.47,0.48,N,0
20.83562,70.69179,301.41,0.53,0.5,2023-01-08,2126,N,VIIRS,n,2,291.16,1.84,N,2
20.91257,71.46041,307.12,0.59,0.53,2023-01-08,2126,N,VIIRS,n,2,291.97,2.62,N,2
20.90991,71.46186,302.68,0.59,0.53,2023-01-08,2126,N,VIIRS,n,2,292.22,1.27,N,2
20.91111,71.4562,301.74,0.59,0.53,2023-01-08,2126,N,VIIRS,n,2,291.25,1.98,N,0
18.90746,74.42702,331.58,0.5,0.66,2023-01-08,2127,N,VIIRS,n,2,287.46,3.8,N,0
19.34292,72.89609,300.14,0.39,0.59,2023-01-08,2127,N,VIIRS,n,2,289.4,2.27,N,0
19.34372,72.89241,325.64,0.39,0.59,2023-01-08,2127,N,VIIRS,n,2,289.93,2.28,N,0
19.34916,72.89361,321.55,0.39,0.59,2023-01-08,2127,N,VIIRS,n,2,289.55,2.28,N,0
19.42565,74.86619,297.12,0.52,0.67,2023-01-08,2127,N,VIIRS,n,2,280.99,0.64,N,0
17.99346,73.30282,305.03,0.44,0.63,2023-01-08,2127,N,VIIRS,n,2,289.16,0.69,N,0
16.64609,74.73363,297.79,0.58,0.7,2023-01-08,2127,N,VIIRS,n,2,283.06,1.06,N,0
16.26302,75.59525,304.11,0.67,0.74,2023-01-08,2127,N,VIIRS,n,2,282.69,1.21,N,0
17.81314,75.71803,296.73,0.63,0.72,2023-01-08,2127,N,VIIRS,n,2,282.41,0.35,N,0
17.48687,76.39751,316.38,0.71,0.75,2023-01-08,2127,N,VIIRS,n,2,285.43,2.77,N,0
17.99914,73.30429,302.16,0.44,0.63,2023-01-08,2127,N,VIIRS,n,2,288.76,0.28,N,0
18.1701,75.14111,304.65,0.58,0.69,2023-01-08,2127,N,VIIRS,n,2,284.61,1.06,N,0
18.17124,75.13905,302.03,0.57,0.69,2023-01-08,2127,N,VIIRS,n,2,284.67,1.34,N,0
18.6794,73.03484,302.52,0.41,0.61,2023-01-08,2127,N,VIIRS,n,2,291.96,1.08,N,2
18.90139,74.42587,312.92,0.5,0.66,2023-01-08,2127,N,VIIRS,n,2,286.54,1.57,N,0
18.68494,73.03617,304.48,0.41,0.61,2023-01-08,2127,N,VIIRS,n,2,293.57,2.5,N,2
18.68796,73.04922,308.56,0.41,0.61,2023-01-08,2127,N,VIIRS,n,2,291.18,1.37,N,0
18.63059,74.35246,295.75,0.5,0.66,2023-01-08,2127,N,VIIRS,n,2,283.2,0.63,N,0
18.9003,74.43069,310.22,0.5,0.66,2023-01-08,2127,N,VIIRS,n,2,285.45,1.57,N,0
15.65683,73.99024,304.35,0.54,0.68,2023-01-08,2128,N,VIIRS,n,2,289.72,0.98,N,2
16.02162,74.69576,295.45,0.6,0.7,2023-01-08,2128,N,VIIRS,n,2,283.2,0.51,N,0
16.05925,75.0068,297.47,0.62,0.72,2023-01-08,2128,N,VIIRS,n,2,283.05,0.61,N,0
15.33576,76.28551,296.41,0.77,0.78,2023-01-08,2128,N,VIIRS,n,2,286.33,0.46,N,2
21.30502,86.56325,341.08,0.5,0.49,2023-01-09,657,N,VIIRS,n,2,302.08,3.87,D,0
20.58727,85.7316,331.78,0.59,0.52,2023-01-09,657,N,VIIRS,n,2,301.15,2.76,D,0
20.65931,86.55119,331.77,0.52,0.5,2023-01-09,657,N,VIIRS,n,2,298.33,3.1,D,0
20.65504,86.67484,331.88,0.51,0.49,2023-01-09,657,N,VIIRS,n,2,300.99,3.62,D,0
19.67776,82.12714,329.16,0.52,0.66,2023-01-09,657,N,VIIRS,n,2,302.74,2.07,D,0
19.62922,82.47656,340.47,0.49,0.65,2023-01-09,657,N,VIIRS,n,2,301.97,3.98,D,0
19.66027,82.7263,332.92,0.47,0.64,2023-01-09,657,N,VIIRS,n,2,301.93,3.14,D,0
19.59117,82.53001,332.4,0.49,0.65,2023-01-09,657,N,VIIRS,n,2,304.78,4.07,D,0
19.32273,81.66215,327.14,0.56,0.69,2023-01-09,657,N,VIIRS,l,2,299.86,2.36,D,0
21.30252,86.56564,349.3,0.5,0.49,2023-01-09,657,N,VIIRS,n,2,305.23,9.78,D,0
20.02867,85.59748,346.47,0.61,0.53,2023-01-09,657,N,VIIRS,n,2,303.07,12.74,D,0
20.03202,85.5989,340.36,0.61,0.54,2023-01-09,657,N,VIIRS,n,2,302.72,9.29,D,0
20.00256,86.09779,330.07,0.57,0.52,2023-01-09,657,N,VIIRS,n,2,300.41,2.0,D,0
19.10859,82.29218,333.1,0.52,0.67,2023-01-09,657,N,VIIRS,n,2,303.72,6.68,D,0
19.1097,82.2971,367.0,0.52,0.67,2023-01-09,657,N,VIIRS,h,2,304.5,6.68,D,0
19.10853,82.29325,342.93,0.52,0.67,2023-01-09,657,N,VIIRS,n,2,303.53,8.69,D,0
19.10961,82.29818,350.58,0.52,0.67,2023-01-09,657,N,VIIRS,n,2,304.87,13.51,D,0
18.98154,81.98484,348.11,0.54,0.68,2023-01-09,657,N,VIIRS,n,2,303.39,6.05,D,0
18.97163,82.6202,329.95,0.5,0.65,2023-01-09,657,N,VIIRS,n,2,302.63,3.09,D,0
19.15656,84.50779,328.81,0.37,0.58,2023-01-09,657,N,VIIRS,n,2,301.5,1.81,D,0
18.77918,83.54346,330.85,0.44,0.62,2023-01-09,657,N,VIIRS,l,2,302.92,4.55,D,0
18.76332,83.52537,339.62,0.44,0.62,2023-01-09,657,N,VIIRS,n,2,304.35,4.55,D,0
18.1359,81.85351,330.67,0.58,0.69,2023-01-09,657,N,VIIRS,l,2,301.57,4.43,D,0
18.44675,83.31832,367.0,0.46,0.63,2023-01-09,657,N,VIIRS,h,2,305.09,13.78,D,0
18.4482,83.32162,330.35,0.46,0.63,2023-01-09,657,N,VIIRS,n,2,300.59,11.77,D,0
18.44729,83.31734,367.0,0.46,0.63,2023-01-09,657,N,VIIRS,h,2,302.42,11.66,D,0
17.99028,81.69259,328.9,0.59,0.7,2023-01-09,657,N,VIIRS,l,2,301.25,4.87,D,0
17.99093,81.69253,329.16,0.59,0.7,2023-01-09,657,N,VIIRS,l,2,301.89,4.5,D,0
18.3841,83.66689,336.97,0.44,0.62,2023-01-09,657,N,VIIRS,n,2,300.67,2.2,D,0
17.09447,80.76917,326.85,0.71,0.75,2023-01-09,657,N,VIIRS,n,2,298.2,3.51,D,0
21.307,86.56464,336.35,0.5,0.49,2023-01-09,657,N,VIIRS,n,2,301.98,3.52,D,0
21.44939,86.98026,329.95,0.47,0.48,2023-01-09,657,N,VIIRS,n,2,297.84,2.21,D,0
20.87015,84.1192,355.03,0.36,0.58,2023-01-09,657,N,VIIRS,n,2,301.58,4.78,D,0
21.49692,86.80914,341.86,0.48,0.48,2023-01-09,657,N,VIIRS,n,2,302.58,4.34,D,0
21.57279,87.01025,340.3,0.47,0.47,2023-01-09,657,N,VIIRS,n,2,301.83,3.43,D,0
20.99121,83.99684,333.67,0.37,0.58,2023-01-09,657,N,VIIRS,n,2,301.71,2.06,D,0
21.39429,85.88608,348.48,0.55,0.51,2023-01-09,657,N,VIIRS,n,2,303.21,10.66,D,0
20.83393,86.96377,344.15,0.48,0.48,2023-01-09,657,N,VIIRS,n,2,306.51,7.63,D,0
20.83678,86.9646,345.12,0.48,0.48,2023-01-09,657,N,VIIRS,n,2,303.86,11.36,D,0
20.94807,86.67143,340.75,0.5,0.49,2023-01-09,657,N,VIIRS,n,2,302.78,6.27,D,0
20.86841,86.27051,335.55,0.53,0.5,2023-01-09,657,N,VIIRS,n,2,304.03,5.68,D,0
21.01972,86.53209,337.83,0.51,0.49,2023-01-09,657,N,VIIRS,n,2,301.83,2.4,D,0
21.06236,86.72364,332.85,0.5,0.49,2023-01-09,657,N,VIIRS,n,2,300.3,2.81,D,0
20.79669,85.25697,329.61,0.62,0.54,2023-01-09,657,N,VIIRS,l,2,301.89,7.22,D,2
21.08171,86.48756,338.29,0.51,0.5,2023-01-09,657,N,VIIRS,n,2,304.07,4.12,D,0
21.0829,86.48936,341.51,0.51,0.5,2023-01-09,657,N,VIIRS,n,2,304.23,4.54,D,0
20.92813,85.73218,335.85,0.58,0.52,2023-01-09,657,N,VIIRS,n,2,301.72,4.02,D,0
21.05705,86.05117,340.09,0.55,0.51,2023-01-09,657,N,VIIRS,n,2,301.93,2.8,D,0
20.96231,85.17693,338.92,0.62,0.54,2023-01-09,657,N,VIIRS,n,2,305.16,9.3,D,2
20.69947,83.9111,340.02,0.38,0.59,2023-01-09,657,N,VIIRS,n,2,300.47,2.49,D,0
20.81471,84.34669,327.13,0.35,0.57,2023-01-09,657,N,VIIRS,l,2,300.82,1.23,D,0
21.25934,86.49761,331.68,0.51,0.49,2023-01-09,657,N,VIIRS,n,2,304.17,2.84,D,0
20.70882,83.79724,367.0,0.39,0.59,2023-01-09,657,N,VIIRS,h,2,303.12,8.28,D,0
21.34744,86.82974,334.98,0.48,0.48,2023-01-09,657,N,VIIRS,n,2,300.28,1.27,D,0
21.35184,86.82876,334.25,0.48,0.48,2023-01-09,657,N,VIIRS,n,2,301.97,2.79,D,0
21.30053,86.56425,344.78,0.5,0.49,2023-01-09,657,N,VIIRS,n,2,303.33,3.87,D,0
21.35121,86.83034,345.32,0.48,0.48,2023-01-09,657,N,VIIRS,n,2,302.21,5.77,D,0
20.94039,80.84331,327.74,0.58,0.7,2023-01-09,658,N,VIIRS,n,2,298.36,2.23,D,0
25.48038,92.22453,330.78,0.39,0.36,2023-01-09,658,N,VIIRS,n,2,293.95,2.11,D,0
25.5294,92.56355,329.59,0.38,0.36,2023-01-09,658,N,VIIRS,n,2,295.13,3.3,D,0
25.52998,92.56735,329.97,0.38,0.36,2023-01-09,658,N,VIIRS,n,2,294.04,3.68,D,0
25.78632,94.31831,329.8,0.4,0.37,2023-01-09,658,N,VIIRS,n,2,295.37,1.47,D,0
25.43605,91.98549,325.69,0.39,0.36,2023-01-09,658,N,VIIRS,n,2,299.39,1.62,D,0
25.66076,93.71158,325.06,0.39,0.36,2023-01-09,658,N,VIIRS,n,2,297.54,1.64,D,0
25.4055,92.1329,327.27,0.39,0.36,2023-01-09,658,N,VIIRS,l,2,298.59,2.75,D,0
25.42028,92.27134,332.97,0.39,0.36,2023-01-09,658,N,VIIRS,n,2,294.42,2.41,D,0
25.43526,92.38985,342.29,0.38,0.36,2023-01-09,658,N,VIIRS,n,2,296.88,3.18,D,0
25.45478,92.53857,345.92,0.38,0.36,2023-01-09,658,N,VIIRS,n,2,298.36,4.16,D,0
25.28036,91.66661,330.07,0.39,0.36,2023-01-09,658,N,VIIRS,n,2,293.11,2.6,D,0
25.33789,92.52855,325.31,0.38,0.36,2023-01-09,658,N,VIIRS,n,2,293.67,0.91,D,0
25.35615,92.8257,331.12,0.38,0.36,2023-01-09,658,N,VIIRS,n,2,294.48,3.95,D,0
25.1683,91.76555,328.74,0.39,0.36,2023-01-09,658,N,VIIRS,n,2,302.89,2.42,D,0
25.30788,92.77245,325.73,0.38,0.36,2023-01-09,658,N,VIIRS,l,2,299.73,4.47,D,0
25.29527,92.71236,338.26,0.38,0.36,2023-01-09,658,N,VIIRS,n,2,292.35,2.99,D,0
25.53951,94.71994,339.75,0.41,0.37,2023-01-09,658,N,VIIRS,n,2,293.9,3.74,D,0
25.41106,94.15741,338.87,0.4,0.37,2023-01-09,658,N,VIIRS,n,2,294.19,4.99,D,0
22.2582,78.59401,328.26,0.75,0.77,2023-01-09,658,N,VIIRS,n,2,300.96,5.02,D,0
25.34109,94.07697,326.46,0.4,0.37,2023-01-09,658,N,VIIRS,n,2,297.79,1.91,D,0
25.04759,92.35617,332.94,0.39,0.36,2023-01-09,658,N,VIIRS,n,2,302.06,2.78,D,0
22.25518,78.59672,328.23,0.75,0.77,2023-01-09,658,N,VIIRS,n,2,302.65,4.34,D,0
23.75852,85.85443,331.08,0.5,0.49,2023-01-09,658,N,VIIRS,n,2,304.78,5.44,D,2
25.23333,94.52348,326.01,0.4,0.37,2023-01-09,658,N,VIIRS,n,2,295.76,1.44,D,0
25.23447,94.53155,327.99,0.4,0.37,2023-01-09,658,N,VIIRS,n,2,296.59,3.51,D,0
25.22994,94.52401,335.35,0.4,0.37,2023-01-09,658,N,VIIRS,n,2,300.0,4.87,D,0
25.23108,94.53209,327.9,0.4,0.37,2023-01-09,658,N,VIIRS,n,2,296.08,4.98,D,0
25.22139,94.51258,335.5,0.4,0.37,2023-01-09,658,N,VIIRS,n,2,297.37,4.7,D,0
23.47868,84.66147,337.76,0.6,0.53,2023-01-09,658,N,VIIRS,n,2,303.16,3.64,D,0
23.78389,86.21056,335.29,0.47,0.48,2023-01-09,658,N,VIIRS,l,2,305.53,7.26,D,2
23.80346,86.33061,336.15,0.47,0.47,2023-01-09,658,N,VIIRS,n,2,307.79,6.28,D,2
23.79411,86.35167,334.34,0.47,0.47,2023-01-09,658,N,VIIRS,l,2,305.51,4.01,D,2
25.0448,93.91273,330.37,0.39,0.36,2023-01-09,658,N,VIIRS,n,2,295.49,1.82,D,0
23.75259,86.417,334.46,0.46,0.47,2023-01-09,658,N,VIIRS,n,2,305.68,2.48,D,2
25.02315,93.9285,332.51,0.39,0.36,2023-01-09,658,N,VIIRS,n,2,294.19,3.73,D,0
23.68492,86.39462,333.25,0.46,0.47,2023-01-09,658,N,VIIRS,n,2,302.25,5.59,D,2
24.97463,93.82962,325.65,0.39,0.36,2023-01-09,658,N,VIIRS,n,2,298.03,2.3,D,0
23.73434,86.75152,330.78,0.44,0.46,2023-01-09,658,N,VIIRS,n,2,302.7,2.74,D,0
24.98756,94.08574,328.39,0.39,0.36,2023-01-09,658,N,VIIRS,n,2,295.95,3.25,D,0
24.98566,94.08595,329.66,0.39,0.36,2023-01-09,658,N,VIIRS,n,2,297.53,3.91,D,0
23.88909,87.60329,330.09,0.39,0.44,2023-01-09,658,N,VIIRS,n,2,301.57,2.03,D,0
23.88508,87.60419,334.8,0.39,0.44,2023-01-09,658,N,VIIRS,n,2,303.41,2.03,D,0
23.76571,87.20065,334.26,0.42,0.45,2023-01-09,658,N,VIIRS,n,2,300.89,2.36,D,0
24.88417,93.9292,340.04,0.39,0.36,2023-01-09,658,N,VIIRS,n,2,300.21,4.73,D,0
24.90092,94.09297,334.69,0.39,0.36,2023-01-09,658,N,VIIRS,n,2,300.5,3.33,D,0
24.89643,94.13349,334.06,0.39,0.37,2023-01-09,658,N,VIIRS,n,2,300.2,6.97,D,0
24.84016,93.79063,337.48,0.39,0.36,2023-01-09,658,N,VIIRS,n,2,297.87,4.33,D,0
23.66811,86.92105,333.62,0.43,0.46,2023-01-09,658,N,VIIRS,n,2,301.22,3.76,D,2
24.79302,93.73978,328.81,0.39,0.36,2023-01-09,658,N,VIIRS,n,2,295.11,1.54,D,0
23.70777,87.44215,334.04,0.4,0.44,2023-01-09,658,N,VIIRS,n,2,301.67,3.8,D,0
24.63795,92.84124,333.04,0.38,0.36,2023-01-09,658,N,VIIRS,n,2,299.6,1.81,D,0
23.74512,87.65955,328.09,0.39,0.44,2023-01-09,658,N,VIIRS,n,2,301.93,1.71,D,0
23.68089,87.45634,335.86,0.4,0.44,2023-01-09,658,N,VIIRS,n,2,302.71,2.17,D,0
24.7879,94.08073,328.65,0.39,0.36,2023-01-09,658,N,VIIRS,n,2,296.6,3.51,D,0
23.6619,87.75328,330.82,0.39,0.44,2023-01-09,658,N,VIIRS,n,2,301.09,2.57,D,0
23.55993,87.24237,332.27,0.42,0.45,2023-01-09,658,N,VIIRS,n,2,302.1,5.8,D,2
24.64961,93.68676,347.5,0.39,0.36,2023-01-09,658,N,VIIRS,n,2,300.01,7.01,D,0
24.66092,93.78706,330.3,0.39,0.36,2023-01-09,658,N,VIIRS,n,2,296.06,1.33,D,0
23.59205,87.64983,334.2,0.39,0.44,2023-01-09,658,N,VIIRS,n,2,301.08,3.51,D,0
24.62526,93.95414,330.18,0.39,0.36,2023-01-09,658,N,VIIRS,n,2,297.09,1.84,D,0
24.62193,93.95472,334.32,0.39,0.36,2023-01-09,658,N,VIIRS,n,2,297.84,2.42,D,0
24.61414,93.9482,330.52,0.39,0.36,2023-01-09,658,N,VIIRS,n,2,295.65,1.93,D,0
23.46345,87.28398,329.22,0.42,0.45,2023-01-09,658,N,VIIRS,n,2,299.13,2.71,D,0
23.47943,87.38921,335.41,0.41,0.45,2023-01-09,658,N,VIIRS,n,2,298.35,1.6,D,0
23.50376,87.56017,335.14,0.4,0.44,2023-01-09,658,N,VIIRS,n,2,301.12,3.92,D,0
24.55739,93.86366,339.02,0.39,0.36,2023-01-09,658,N,VIIRS,n,2,296.45,5.5,D,0
24.53909,93.87864,329.96,0.39,0.36,2023-01-09,658,N,VIIRS,n,2,295.09,2.08,D,0
23.38679,87.17819,339.66,0.42,0.45,2023-01-09,658,N,VIIRS,n,2,299.24,3.28,D,0
23.44331,87.48809,331.56,0.4,0.45,2023-01-09,658,N,VIIRS,n,2,301.23,1.76,D,0
23.38549,87.17801,342.12,0.42,0.45,2023-01-09,658,N,VIIRS,n,2,299.51,4.93,D,0
23.44408,87.48779,333.03,0.41,0.45,2023-01-09,658,N,VIIRS,n,2,301.1,2.27,D,0
23.38707,87.32187,334.83,0.42,0.45,2023-01-09,658,N,VIIRS,n,2,303.35,4.45,D,0
23.38501,87.35589,337.38,0.41,0.45,2023-01-09,658,N,VIIRS,n,2,302.73,2.82,D,0
22.27899,82.2658,337.47,0.45,0.63,2023-01-09,658,N,VIIRS,n,2,300.92,4.83,D,0
22.22393,82.13239,333.38,0.46,0.63,2023-01-09,658,N,VIIRS,n,2,300.74,2.28,D,0
22.32393,82.59219,338.21,0.42,0.61,2023-01-09,658,N,VIIRS,n,2,305.49,3.41,D,2
22.5703,83.68614,338.65,0.36,0.57,2023-01-09,658,N,VIIRS,n,2,299.24,2.58,D,0
22.22479,82.13172,330.46,0.46,0.63,2023-01-09,658,N,VIIRS,n,2,300.73,1.48,D,0
22.32183,82.59298,334.5,0.42,0.61,2023-01-09,658,N,VIIRS,n,2,302.19,2.59,D,0
23.35176,87.68687,334.34,0.4,0.44,2023-01-09,658,N,VIIRS,n,2,300.53,2.9,D,0
22.26313,82.51608,336.53,0.43,0.62,2023-01-09,658,N,VIIRS,n,2,299.66,3.95,D,0
22.26407,82.52024,347.79,0.43,0.62,2023-01-09,658,N,VIIRS,n,2,301.08,3.95,D,0
24.34517,93.72878,339.5,0.39,0.36,2023-01-09,658,N,VIIRS,n,2,299.0,4.39,D,0
24.36374,93.87807,326.57,0.39,0.36,2023-01-09,658,N,VIIRS,n,2,299.24,1.47,D,0
23.29985,87.80968,328.88,0.39,0.44,2023-01-09,658,N,VIIRS,n,2,300.81,1.82,D,0
22.09349,82.30311,346.86,0.45,0.63,2023-01-09,658,N,VIIRS,n,2,302.75,5.69,D,0
22.05624,82.29897,330.17,0.45,0.63,2023-01-09,658,N,VIIRS,l,2,301.89,3.45,D,0
23.16513,87.83081,327.48,0.39,0.44,2023-01-09,658,N,VIIRS,n,2,300.63,2.14,D,0
22.0799,82.61697,351.69,0.43,0.62,2023-01-09,658,N,VIIRS,n,2,302.99,4.24,D,0
22.03578,82.44697,339.52,0.44,0.62,2023-01-09,658,N,VIIRS,n,2,302.76,3.51,D,0
22.80105,86.08938,330.96,0.5,0.49,2023-01-09,658,N,VIIRS,n,2,304.55,3.04,D,2
22.04906,82.61181,332.37,0.43,0.62,2023-01-09,658,N,VIIRS,n,2,302.12,2.22,D,0
21.95826,82.23848,344.23,0.45,0.63,2023-01-09,658,N,VIIRS,n,2,301.93,4.47,D,0
21.96526,82.26912,331.69,0.45,0.63,2023-01-09,658,N,VIIRS,n,2,301.36,3.51,D,0
21.96625,82.27348,347.3,0.45,0.63,2023-01-09,658,N,VIIRS,n,2,302.19,5.86,D,0
22.07938,82.77264,336.28,0.42,0.61,2023-01-09,658,N,VIIRS,n,2,301.76,2.95,D,0
21.93667,82.19746,367.0,0.46,0.63,2023-01-09,658,N,VIIRS,h,2,302.53,11.28,D,0
22.17847,83.29318,332.83,0.39,0.59,2023-01-09,658,N,VIIRS,n,2,300.82,2.33,D,0
23.09189,87.73135,340.72,0.4,0.44,2023-01-09,658,N,VIIRS,n,2,301.72,3.54,D,0
23.09924,87.81361,327.12,0.39,0.44,2023-01-09,658,N,VIIRS,n,2,299.71,2.03,D,0
21.96989,82.52599,345.65,0.44,0.62,2023-01-09,658,N,VIIRS,n,2,301.54,5.5,D,0
21.89092,82.23714,334.36,0.46,0.63,2023-01-09,658,N,VIIRS,n,2,303.0,4.68,D,0
21.91722,82.35023,330.01,0.45,0.63,2023-01-09,658,N,VIIRS,n,2,300.85,2.41,D,0
21.92126,82.3676,337.63,0.45,0.63,2023-01-09,658,N,VIIRS,n,2,302.81,5.34,D,0
22.04206,82.77763,328.62,0.42,0.61,2023-01-09,658,N,VIIRS,l,2,301.23,3.14,D,0
21.96852,82.52593,349.04,0.44,0.62,2023-01-09,658,N,VIIRS,n,2,302.1,6.3,D,0
23.85347,92.47739,329.35,0.39,0.36,2023-01-09,658,N,VIIRS,n,2,296.76,2.39,D,0
23.07337,87.94543,334.72,0.39,0.44,2023-01-09,658,N,VIIRS,n,2,301.5,3.64,D,0
21.89145,82.23621,344.89,0.46,0.63,2023-01-09,658,N,VIIRS,n,2,303.52,4.18,D,0
21.91701,82.34961,332.39,0.45,0.63,2023-01-09,658,N,VIIRS,n,2,301.86,2.49,D,0
21.9219,82.37136,333.45,0.45,0.63,2023-01-09,658,N,VIIRS,n,2,302.52,4.81,D,0
23.03084,87.74071,332.58,0.4,0.44,2023-01-09,658,N,VIIRS,n,2,302.57,2.85,D,0
21.87266,82.18012,329.53,0.46,0.64,2023-01-09,658,N,VIIRS,l,2,302.68,6.13,D,0
21.94499,82.55425,337.39,0.43,0.62,2023-01-09,658,N,VIIRS,n,2,300.81,3.25,D,0
21.89412,82.35545,329.42,0.45,0.63,2023-01-09,658,N,VIIRS,n,2,301.86,1.82,D,0
21.89511,82.3598,339.59,0.45,0.63,2023-01-09,658,N,VIIRS,n,2,302.53,1.82,D,0
21.88973,82.41595,333.8,0.44,0.63,2023-01-09,658,N,VIIRS,n,2,302.84,5.56,D,0
21.88501,82.42169,353.36,0.44,0.63,2023-01-09,658,N,VIIRS,n,2,302.35,13.25,D,0
21.9215,82.58236,356.36,0.43,0.62,2023-01-09,658,N,VIIRS,n,2,304.14,6.22,D,0
21.88403,82.41738,367.0,0.44,0.63,2023-01-09,658,N,VIIRS,h,2,303.97,5.56,D,0
21.8777,82.46885,340.56,0.44,0.62,2023-01-09,658,N,VIIRS,n,2,302.52,5.64,D,0
21.99166,82.97145,367.0,0.41,0.61,2023-01-09,658,N,VIIRS,h,2,305.83,12.73,D,0
21.91782,82.67103,337.17,0.43,0.62,2023-01-09,658,N,VIIRS,n,2,301.97,3.91,D,0
21.94469,82.78934,338.16,0.42,0.61,2023-01-09,658,N,VIIRS,n,2,302.94,3.85,D,0
21.91315,82.67656,343.53,0.43,0.62,2023-01-09,658,N,VIIRS,n,2,299.53,6.2,D,0
21.91408,82.68065,342.3,0.43,0.62,2023-01-09,658,N,VIIRS,n,2,300.74,6.16,D,0
21.90753,82.67794,350.61,0.43,0.62,2023-01-09,658,N,VIIRS,n,2,302.49,6.2,D,0
21.90846,82.68204,333.38,0.43,0.62,2023-01-09,658,N,VIIRS,n,2,301.07,6.16,D,0
21.97871,82.99134,336.72,0.41,0.6,2023-01-09,658,N,VIIRS,n,2,300.42,1.47,D,0
22.08982,83.48678,333.79,0.38,0.59,2023-01-09,658,N,VIIRS,n,2,301.78,2.68,D,0
22.08448,83.48806,328.73,0.38,0.59,2023-01-09,658,N,VIIRS,n,2,302.69,2.24,D,0
21.91778,82.82623,336.21,0.42,0.61,2023-01-09,658,N,VIIRS,n,2,301.7,4.93,D,0
22.94771,87.70249,335.21,0.4,0.44,2023-01-09,658,N,VIIRS,n,2,301.96,2.17,D,0
21.91189,82.67666,356.65,0.43,0.62,2023-01-09,658,N,VIIRS,n,2,301.29,10.35,D,0
22.08867,83.48782,346.56,0.38,0.59,2023-01-09,658,N,VIIRS,n,2,303.1,4.46,D,0
21.9128,82.68077,367.0,0.43,0.62,2023-01-09,658,N,VIIRS,h,2,302.38,12.7,D,0
21.10836,79.24674,328.43,0.72,0.76,2023-01-09,658,N,VIIRS,n,2,300.12,2.81,D,0
21.91559,82.82682,337.82,0.42,0.61,2023-01-09,658,N,VIIRS,n,2,302.73,4.84,D,0
21.85124,82.6177,356.91,0.43,0.62,2023-01-09,658,N,VIIRS,n,2,301.39,4.75,D,0
21.94217,83.02584,332.6,0.41,0.6,2023-01-09,658,N,VIIRS,n,2,301.86,4.16,D,0
21.78212,82.33766,338.81,0.45,0.63,2023-01-09,658,N,VIIRS,n,2,302.02,2.86,D,0
21.84559,82.61909,333.94,0.43,0.62,2023-01-09,658,N,VIIRS,n,2,303.3,4.75,D,0
21.97301,83.21748,351.09,0.39,0.6,2023-01-09,658,N,VIIRS,n,2,302.01,7.09,D,0
21.72398,82.18957,331.44,0.46,0.64,2023-01-09,658,N,VIIRS,l,2,302.84,2.34,D,0
21.78786,82.52248,337.69,0.44,0.62,2023-01-09,658,N,VIIRS,n,2,303.96,2.81,D,0
21.85815,82.83279,348.16,0.42,0.61,2023-01-09,658,N,VIIRS,n,2,301.6,4.61,D,0
21.79861,82.64847,331.02,0.43,0.62,2023-01-09,658,N,VIIRS,l,2,302.02,1.71,D,0
21.80054,82.70907,337.56,0.43,0.62,2023-01-09,658,N,VIIRS,n,2,301.01,2.87,D,0
21.77605,82.65403,341.54,0.43,0.62,2023-01-09,658,N,VIIRS,n,2,300.66,2.96,D,0
21.79841,82.70905,336.51,0.43,0.62,2023-01-09,658,N,VIIRS,n,2,301.25,3.03,D,0
22.03536,83.82439,330.3,0.36,0.57,2023-01-09,658,N,VIIRS,n,2,299.62,3.22,D,0
21.77429,82.65389,343.07,0.43,0.62,2023-01-09,658,N,VIIRS,n,2,300.36,2.78,D,0
21.86918,83.10991,342.56,0.4,0.6,2023-01-09,658,N,VIIRS,n,2,303.74,8.25,D,0
21.92175,83.35018,334.07,0.39,0.59,2023-01-09,658,N,VIIRS,n,2,305.33,3.25,D,2
21.87003,83.11378,367.0,0.4,0.6,2023-01-09,658,N,VIIRS,h,2,304.75,15.08,D,0
21.76389,82.68727,332.16,0.43,0.62,2023-01-09,658,N,VIIRS,n,2,301.9,7.07,D,0
21.76296,82.68312,367.0,0.43,0.62,2023-01-09,658,N,VIIRS,h,2,303.04,7.07,D,0
21.87394,83.21017,340.25,0.4,0.6,2023-01-09,658,N,VIIRS,n,2,301.15,4.42,D,0
21.70821,82.49234,335.29,0.44,0.63,2023-01-09,658,N,VIIRS,n,2,302.05,2.92,D,0
21.73013,82.58977,331.11,0.44,0.62,2023-01-09,658,N,VIIRS,n,2,302.05,3.89,D,0
21.98974,83.86796,346.14,0.36,0.57,2023-01-09,658,N,VIIRS,n,2,302.78,3.79,D,0
21.56649,82.08557,332.96,0.47,0.64,2023-01-09,658,N,VIIRS,n,2,301.49,2.7,D,0
21.74647,82.87296,332.83,0.42,0.61,2023-01-09,658,N,VIIRS,n,2,302.72,3.33,D,0
21.50916,81.86559,329.3,0.49,0.65,2023-01-09,658,N,VIIRS,l,2,302.26,3.35,D,0
23.46473,91.72236,326.95,0.4,0.37,2023-01-09,658,N,VIIRS,n,2,299.28,1.76,D,0
21.56343,82.08558,330.84,0.47,0.64,2023-01-09,658,N,VIIRS,n,2,301.6,2.15,D,0
21.5075,81.86496,336.64,0.49,0.65,2023-01-09,658,N,VIIRS,n,2,303.72,3.68,D,0
21.86074,83.46401,331.94,0.38,0.59,2023-01-09,658,N,VIIRS,n,2,300.71,2.92,D,0
21.80676,83.31986,331.63,0.39,0.59,2023-01-09,658,N,VIIRS,n,2,300.91,1.96,D,0
21.55548,82.26873,367.0,0.46,0.64,2023-01-09,658,N,VIIRS,h,2,300.37,7.93,D,0
21.5497,82.27022,367.0,0.46,0.64,2023-01-09,658,N,VIIRS,h,2,304.17,7.93,D,0
21.64444,82.74384,334.63,0.43,0.62,2023-01-09,658,N,VIIRS,n,2,301.8,3.31,D,0
21.68788,82.96437,341.14,0.42,0.61,2023-01-09,658,N,VIIRS,n,2,303.55,2.34,D,0
21.50919,82.20017,330.08,0.47,0.64,2023-01-09,658,N,VIIRS,n,2,300.4,2.34,D,0
21.76717,83.37327,329.05,0.39,0.59,2023-01-09,658,N,VIIRS,n,2,300.73,1.79,D,0
21.78283,83.57188,348.89,0.38,0.59,2023-01-09,658,N,VIIRS,n,2,301.29,6.49,D,0
21.88338,84.02878,333.35,0.35,0.57,2023-01-09,658,N,VIIRS,n,2,299.95,2.83,D,0
21.78362,83.57546,367.0,0.38,0.59,2023-01-09,658,N,VIIRS,h,2,303.2,6.49,D,0
21.78031,83.57133,337.9,0.38,0.59,2023-01-09,658,N,VIIRS,n,2,300.9,5.24,D,0
21.78108,83.5749,367.0,0.38,0.59,2023-01-09,658,N,VIIRS,h,2,306.16,5.24,D,0
21.77305,83.64191,353.97,0.38,0.58,2023-01-09,658,N,VIIRS,n,2,300.78,6.85,D,0
21.76694,83.63956,342.66,0.38,0.58,2023-01-09,658,N,VIIRS,n,2,300.94,8.2,D,0
21.76773,83.6432,348.1,0.38,0.58,2023-01-09,658,N,VIIRS,n,2,303.14,6.85,D,0
21.90652,84.29279,332.75,0.34,0.56,2023-01-09,658,N,VIIRS,n,2,301.04,1.99,D,0
21.83065,83.96168,342.96,0.36,0.57,2023-01-09,658,N,VIIRS,n,2,301.33,2.73,D,0
21.90143,84.29404,328.49,0.34,0.56,2023-01-09,658,N,VIIRS,n,2,301.51,1.58,D,0
21.44704,82.21746,367.0,0.47,0.64,2023-01-09,658,N,VIIRS,h,2,303.65,7.46,D,0
21.80014,83.97272,333.78,0.36,0.57,2023-01-09,658,N,VIIRS,n,2,300.76,1.38,D,0
21.39705,82.18732,335.75,0.47,0.64,2023-01-09,658,N,VIIRS,n,2,301.25,3.19,D,0
21.76109,83.84354,336.21,0.36,0.58,2023-01-09,658,N,VIIRS,n,2,301.5,3.43,D,2
21.63159,83.3578,330.46,0.39,0.6,2023-01-09,658,N,VIIRS,n,2,299.99,3.07,D,0
21.18018,81.52756,334.58,0.52,0.67,2023-01-09,658,N,VIIRS,n,2,302.45,4.79,D,0
22.34644,86.90539,334.35,0.46,0.47,2023-01-09,658,N,VIIRS,n,2,302.22,2.89,D,0
23.46574,93.34281,334.32,0.38,0.36,2023-01-09,658,N,VIIRS,n,2,298.96,3.73,D,0
21.75746,84.02437,328.65,0.36,0.57,2023-01-09,658,N,VIIRS,l,2,302.95,2.57,D,2
22.3885,87.17549,335.02,0.44,0.46,2023-01-09,658,N,VIIRS,n,2,302.13,3.16,D,0
21.73966,84.0178,331.62,0.36,0.57,2023-01-09,658,N,VIIRS,n,2,299.24,3.56,D,0
21.74039,84.02122,344.87,0.36,0.57,2023-01-09,658,N,VIIRS,n,2,299.21,5.83,D,0
21.18223,81.53072,328.15,0.52,0.67,2023-01-09,658,N,VIIRS,l,2,302.47,4.1,D,0
21.28051,81.98779,336.45,0.49,0.65,2023-01-09,658,N,VIIRS,n,2,303.95,4.5,D,0
21.68138,83.79734,331.97,0.37,0.58,2023-01-09,658,N,VIIRS,n,2,301.27,2.58,D,0
21.59544,83.42703,331.97,0.39,0.59,2023-01-09,658,N,VIIRS,n,2,301.07,1.59,D,0
22.36617,87.24228,341.67,0.44,0.46,2023-01-09,658,N,VIIRS,n,2,302.38,4.53,D,0
21.74249,84.20896,345.27,0.35,0.56,2023-01-09,658,N,VIIRS,n,2,305.96,2.57,D,0
21.73735,84.21022,348.89,0.35,0.56,2023-01-09,658,N,VIIRS,n,2,306.31,2.57,D,0
21.73609,84.3045,335.71,0.34,0.56,2023-01-09,658,N,VIIRS,n,2,301.85,2.51,D,0
21.73679,84.30775,332.76,0.34,0.56,2023-01-09,658,N,VIIRS,n,2,300.3,2.51,D,0
21.1126,81.59114,329.56,0.52,0.67,2023-01-09,658,N,VIIRS,n,2,297.02,1.95,D,0
21.35402,82.63373,332.03,0.44,0.62,2023-01-09,658,N,VIIRS,n,2,300.91,4.79,D,0
22.26715,86.94054,332.39,0.46,0.47,2023-01-09,658,N,VIIRS,n,2,302.23,2.58,D,0
21.37533,82.80591,335.9,0.43,0.62,2023-01-09,658,N,VIIRS,n,2,300.79,4.96,D,0
21.37628,82.81006,348.04,0.43,0.62,2023-01-09,658,N,VIIRS,n,2,301.53,4.96,D,0
21.47358,83.26534,336.36,0.4,0.6,2023-01-09,658,N,VIIRS,n,2,300.17,1.96,D,0
21.61713,83.90922,335.45,0.36,0.58,2023-01-09,658,N,VIIRS,n,2,298.94,2.62,D,0
21.97567,85.62514,340.11,0.56,0.51,2023-01-09,658,N,VIIRS,n,2,304.56,9.6,D,0
21.35388,82.63754,331.92,0.44,0.63,2023-01-09,658,N,VIIRS,n,2,299.52,4.29,D,0
21.97961,85.62672,342.81,0.56,0.51,2023-01-09,658,N,VIIRS,n,2,301.75,8.92,D,0
21.37409,82.8102,354.38,0.43,0.62,2023-01-09,658,N,VIIRS,n,2,302.38,7.85,D,0
21.47392,83.26537,337.02,0.4,0.6,2023-01-09,658,N,VIIRS,n,2,299.95,1.59,D,0
21.6132,83.91108,338.07,0.36,0.58,2023-01-09,658,N,VIIRS,n,2,300.17,2.07,D,0
21.63225,84.07741,340.47,0.35,0.57,2023-01-09,658,N,VIIRS,n,2,300.81,3.19,D,0
22.33729,87.57043,336.69,0.42,0.45,2023-01-09,658,N,VIIRS,n,2,298.84,4.3,D,0
21.22051,82.23161,355.77,0.47,0.64,2023-01-09,658,N,VIIRS,n,2,300.39,7.05,D,0
22.29801,87.3873,331.33,0.43,0.46,2023-01-09,658,N,VIIRS,n,2,301.72,2.13,D,0
21.30455,82.63198,331.43,0.44,0.63,2023-01-09,658,N,VIIRS,n,2,300.25,1.91,D,0
21.08525,81.72224,335.72,0.51,0.66,2023-01-09,658,N,VIIRS,n,2,301.1,3.2,D,0
21.10771,81.81965,332.87,0.5,0.66,2023-01-09,658,N,VIIRS,n,2,301.79,1.73,D,0
22.29578,87.44368,328.55,0.43,0.46,2023-01-09,658,N,VIIRS,n,2,299.85,2.7,D,0
21.08079,81.78563,329.34,0.51,0.66,2023-01-09,658,N,VIIRS,n,2,303.76,2.88,D,0
21.57054,83.99446,332.46,0.36,0.57,2023-01-09,658,N,VIIRS,n,2,299.81,1.81,D,0
21.35353,83.08852,345.85,0.41,0.61,2023-01-09,658,N,VIIRS,n,2,302.81,8.3,D,0
21.35264,83.08455,367.0,0.41,0.61,2023-01-09,658,N,VIIRS,h,2,305.33,8.3,D,0
21.32552,82.9901,336.02,0.42,0.61,2023-01-09,658,N,VIIRS,n,2,302.25,3.76,D,0
22.24933,87.42815,334.49,0.43,0.46,2023-01-09,658,N,VIIRS,n,2,299.15,3.43,D,0
20.98649,81.45412,328.35,0.53,0.67,2023-01-09,658,N,VIIRS,n,2,301.82,3.01,D,0
21.35065,83.08955,346.99,0.41,0.61,2023-01-09,658,N,VIIRS,n,2,301.76,7.61,D,0
21.34978,83.08557,367.0,0.41,0.61,2023-01-09,658,N,VIIRS,h,2,304.47,7.61,D,0
21.32329,82.99085,337.3,0.42,0.61,2023-01-09,658,N,VIIRS,n,2,300.94,3.19,D,0
21.47642,83.80412,348.06,0.37,0.58,2023-01-09,658,N,VIIRS,n,2,301.03,3.26,D,0
21.43626,83.66964,330.16,0.38,0.59,2023-01-09,658,N,VIIRS,n,2,298.98,2.02,D,0
21.46515,83.82944,336.31,0.37,0.58,2023-01-09,658,N,VIIRS,n,2,300.47,1.74,D,0
22.17357,87.32732,331.46,0.44,0.46,2023-01-09,658,N,VIIRS,n,2,297.95,2.24,D,0
20.87421,81.30721,328.19,0.55,0.68,2023-01-09,658,N,VIIRS,n,2,302.06,2.45,D,0
20.88283,81.3441,330.94,0.54,0.68,2023-01-09,658,N,VIIRS,l,2,300.96,3.57,D,0
21.25451,82.9992,336.9,0.42,0.61,2023-01-09,658,N,VIIRS,n,2,301.33,3.76,D,0
21.24982,83.0046,334.61,0.42,0.61,2023-01-09,658,N,VIIRS,n,2,300.31,2.59,D,0
21.36409,83.52025,331.23,0.39,0.59,2023-01-09,658,N,VIIRS,n,2,300.56,2.06,D,0
21.11674,82.54776,329.78,0.45,0.63,2023-01-09,658,N,VIIRS,n,2,300.47,3.1,D,0
21.44541,84.09457,330.84,0.36,0.57,2023-01-09,658,N,VIIRS,n,2,299.49,1.43,D,0
21.37783,83.81264,345.18,0.37,0.58,2023-01-09,658,N,VIIRS,n,2,301.94,3.34,D,0
21.44548,84.11983,354.32,0.36,0.57,2023-01-09,658,N,VIIRS,n,2,302.27,5.75,D,0
21.44568,84.09376,327.83,0.36,0.57,2023-01-09,658,N,VIIRS,n,2,299.27,1.73,D,0
21.38006,83.81104,337.57,0.37,0.58,2023-01-09,658,N,VIIRS,n,2,300.38,2.65,D,0
21.38772,83.84692,335.04,0.37,0.58,2023-01-09,658,N,VIIRS,n,2,300.2,2.03,D,0
21.44558,84.11913,335.32,0.36,0.57,2023-01-09,658,N,VIIRS,n,2,300.57,4.41,D,0
21.4463,84.12256,339.43,0.36,0.57,2023-01-09,658,N,VIIRS,n,2,300.83,6.34,D,0
21.44689,84.15113,338.63,0.35,0.57,2023-01-09,658,N,VIIRS,n,2,301.25,2.48,D,0
21.38319,83.87777,345.43,0.37,0.58,2023-01-09,658,N,VIIRS,n,2,300.69,4.15,D,0
21.41739,84.11516,355.55,0.36,0.57,2023-01-09,658,N,VIIRS,n,2,302.25,4.51,D,0
21.32799,83.72516,341.25,0.38,0.59,2023-01-09,658,N,VIIRS,n,2,302.97,4.25,D,0
21.33945,83.90684,348.56,0.37,0.58,2023-01-09,658,N,VIIRS,n,2,302.13,4.39,D,0
21.21902,83.38306,336.6,0.4,0.6,2023-01-09,658,N,VIIRS,n,2,301.48,4.01,D,0
21.30873,83.81702,334.05,0.37,0.58,2023-01-09,658,N,VIIRS,n,2,300.57,2.68,D,0
21.28553,83.76225,335.9,0.38,0.58,2023-01-09,658,N,VIIRS,n,2,300.04,3.08,D,0
21.27766,83.82828,348.73,0.37,0.58,2023-01-09,658,N,VIIRS,n,2,302.14,3.92,D,0
21.30317,83.93168,331.83,0.37,0.58,2023-01-09,658,N,VIIRS,n,2,300.82,2.19,D,0
21.2759,83.82973,346.39,0.37,0.58,2023-01-09,658,N,VIIRS,n,2,302.43,4.0,D,0
20.96835,82.82449,330.57,0.44,0.62,2023-01-09,658,N,VIIRS,n,2,300.06,2.71,D,0
20.80572,82.22031,338.53,0.48,0.65,2023-01-09,658,N,VIIRS,n,2,302.59,4.21,D,0
21.88562,87.26022,335.75,0.44,0.46,2023-01-09,658,N,VIIRS,n,2,300.16,3.73,D,0
22.05274,88.12343,329.31,0.39,0.44,2023-01-09,658,N,VIIRS,l,2,301.72,1.01,D,2
21.88271,87.25991,334.62,0.45,0.47,2023-01-09,658,N,VIIRS,n,2,299.78,3.66,D,0
20.96717,82.82421,329.28,0.44,0.62,2023-01-09,658,N,VIIRS,n,2,299.65,3.03,D,0
20.80268,82.21979,336.18,0.48,0.65,2023-01-09,658,N,VIIRS,n,2,300.67,2.77,D,0
21.14801,83.79314,331.91,0.38,0.59,2023-01-09,658,N,VIIRS,n,2,298.77,3.21,D,0
20.65201,81.83553,347.32,0.51,0.66,2023-01-09,658,N,VIIRS,n,2,299.76,5.59,D,0
20.81356,82.54147,329.38,0.46,0.64,2023-01-09,658,N,VIIRS,n,2,302.86,1.94,D,0
21.00845,83.59447,341.12,0.39,0.59,2023-01-09,658,N,VIIRS,n,2,301.12,3.69,D,0
21.04713,83.79453,351.04,0.38,0.59,2023-01-09,658,N,VIIRS,n,2,302.67,5.01,D,0
21.72234,87.03171,336.54,0.46,0.47,2023-01-09,658,N,VIIRS,n,2,299.93,3.73,D,0
21.72184,87.03081,336.71,0.46,0.47,2023-01-09,658,N,VIIRS,n,2,300.36,2.95,D,0
21.00879,83.59513,334.92,0.39,0.59,2023-01-09,658,N,VIIRS,n,2,301.42,4.15,D,0
21.04612,83.79572,334.46,0.38,0.59,2023-01-09,658,N,VIIRS,n,2,301.22,3.0,D,0
21.02068,83.75587,341.87,0.38,0.59,2023-01-09,658,N,VIIRS,n,2,302.09,2.45,D,0
21.39563,85.88447,341.44,0.55,0.51,2023-01-09,658,N,VIIRS,n,2,304.32,11.32,D,0
24.18865,82.57773,333.74,0.39,0.59,2023-01-09,658,N,VIIRS,n,2,303.71,2.82,D,2
26.15132,92.64436,329.5,0.38,0.36,2023-01-09,658,N,VIIRS,n,2,299.22,1.7,D,0
26.03663,91.77064,341.12,0.39,0.36,2023-01-09,658,N,VIIRS,n,2,297.2,5.42,D,0
26.03995,91.77,341.57,0.39,0.36,2023-01-09,658,N,VIIRS,n,2,294.89,4.75,D,0
26.58423,94.92954,346.5,0.42,0.38,2023-01-09,658,N,VIIRS,n,2,294.42,5.29,D,0
26.58886,94.93751,342.02,0.42,0.38,2023-01-09,658,N,VIIRS,n,2,294.85,5.56,D,0
26.58776,94.92934,341.21,0.42,0.38,2023-01-09,658,N,VIIRS,n,2,295.95,5.29,D,0
26.5872,94.92525,325.28,0.42,0.38,2023-01-09,658,N,VIIRS,l,2,295.43,5.29,D,0
26.59237,94.93716,331.51,0.42,0.38,2023-01-09,658,N,VIIRS,n,2,293.76,3.58,D,0
26.5918,94.93302,327.33,0.42,0.38,2023-01-09,658,N,VIIRS,l,2,297.94,3.58,D,0
26.5953,94.93262,342.2,0.42,0.38,2023-01-09,658,N,VIIRS,n,2,296.97,3.58,D,0
26.12164,91.71002,336.92,0.39,0.36,2023-01-09,658,N,VIIRS,n,2,300.19,3.82,D,0
26.63001,95.08337,327.0,0.43,0.38,2023-01-09,658,N,VIIRS,n,2,296.53,3.91,D,0
26.63408,95.08705,330.44,0.43,0.38,2023-01-09,658,N,VIIRS,n,2,294.01,3.45,D,0
26.63348,95.08269,328.84,0.43,0.38,2023-01-09,658,N,VIIRS,n,2,295.16,3.45,D,0
26.07496,92.47775,332.39,0.38,0.36,2023-01-09,658,N,VIIRS,n,2,297.36,5.18,D,0
24.1682,82.56331,331.96,0.39,0.59,2023-01-09,658,N,VIIRS,n,2,300.6,2.22,D,2
26.40335,95.05515,331.43,0.43,0.38,2023-01-09,658,N,VIIRS,n,2,297.56,9.59,D,0
26.40452,95.06375,346.85,0.43,0.38,2023-01-09,658,N,VIIRS,n,2,304.66,20.23,D,0
26.40393,95.05945,367.0,0.43,0.38,2023-01-09,658,N,VIIRS,h,2,307.57,9.59,D,0
26.39993,95.05611,333.95,0.43,0.38,2023-01-09,658,N,VIIRS,n,2,300.53,9.59,D,0
26.40051,95.06036,350.18,0.43,0.38,2023-01-09,658,N,VIIRS,n,2,303.33,9.59,D,0
26.40108,95.06458,348.2,0.43,0.38,2023-01-09,658,N,VIIRS,n,2,301.57,20.23,D,0
26.39359,95.06176,328.6,0.43,0.38,2023-01-09,658,N,VIIRS,n,2,297.53,6.74,D,0
24.14793,82.70486,328.61,0.38,0.59,2023-01-09,658,N,VIIRS,n,2,296.38,3.05,D,0
26.02793,92.79301,335.24,0.38,0.36,2023-01-09,658,N,VIIRS,n,2,301.51,2.58,D,0
26.05165,93.08792,328.89,0.39,0.36,2023-01-09,658,N,VIIRS,l,2,299.13,1.76,D,0
25.88646,92.09265,329.61,0.39,0.36,2023-01-09,658,N,VIIRS,n,2,294.4,2.84,D,0
25.80436,92.04162,327.12,0.39,0.36,2023-01-09,658,N,VIIRS,n,2,295.79,2.53,D,0
25.62427,91.15364,327.36,0.4,0.37,2023-01-09,658,N,VIIRS,n,2,292.43,2.19,D,0
26.07568,94.42223,332.81,0.41,0.37,2023-01-09,658,N,VIIRS,n,2,297.67,3.13,D,0
26.07173,94.41884,352.43,0.41,0.37,2023-01-09,658,N,VIIRS,n,2,307.8,66.73,D,0
26.07229,94.42287,329.28,0.41,0.37,2023-01-09,658,N,VIIRS,n,2,298.97,11.53,D,0
26.0689,94.42352,331.14,0.41,0.37,2023-01-09,658,N,VIIRS,n,2,293.73,11.53,D,0
26.06834,94.4195,367.0,0.41,0.37,2023-01-09,658,N,VIIRS,h,2,331.87,66.73,D,0
25.63807,91.56949,329.91,0.39,0.36,2023-01-09,658,N,VIIRS,n,2,291.88,1.91,D,0
26.03722,94.34599,348.79,0.4,0.37,2023-01-09,658,N,VIIRS,n,2,309.74,38.03,D,0
25.92894,93.68054,328.1,0.39,0.36,2023-01-09,658,N,VIIRS,n,2,299.29,1.69,D,0
25.69096,92.40031,328.81,0.38,0.36,2023-01-09,658,N,VIIRS,n,2,296.16,1.9,D,0
25.68164,92.40598,331.48,0.38,0.36,2023-01-09,658,N,VIIRS,n,2,296.28,2.9,D,0
25.55165,91.59875,338.72,0.39,0.36,2023-01-09,658,N,VIIRS,n,2,297.78,4.61,D,0
25.55227,91.60263,325.49,0.39,0.36,2023-01-09,658,N,VIIRS,n,2,295.72,2.32,D,0
25.48655,91.23691,336.62,0.4,0.37,2023-01-09,658,N,VIIRS,n,2,294.05,3.76,D,0
25.45249,91.40956,333.24,0.4,0.37,2023-01-09,658,N,VIIRS,n,2,296.59,7.56,D,0
25.45313,91.41348,327.21,0.39,0.37,2023-01-09,658,N,VIIRS,l,2,298.86,5.54,D,0
25.44915,91.41021,333.23,0.4,0.37,2023-01-09,658,N,VIIRS,n,2,298.54,3.48,D,0
22.76761,78.50401,326.14,0.74,0.76,2023-01-09,658,N,VIIRS,n,2,295.17,3.1,D,0
26.89562,95.40192,342.02,0.44,0.39,2023-01-09,659,N,VIIRS,n,2,296.01,9.42,D,0
26.76737,95.40954,334.68,0.44,0.39,2023-01-09,659,N,VIIRS,n,2,294.63,3.26,D,0
26.76671,95.40461,342.74,0.44,0.39,2023-01-09,659,N,VIIRS,n,2,295.87,14.7,D,0
26.76607,95.39977,340.7,0.44,0.39,2023-01-09,659,N,VIIRS,n,2,293.36,14.7,D,0
26.74497,95.2415,337.06,0.44,0.38,2023-01-09,659,N,VIIRS,n,2,299.11,7.09,D,0
26.74439,95.23713,327.18,0.44,0.38,2023-01-09,659,N,VIIRS,n,2,294.42,3.27,D,0
26.77097,95.40935,348.76,0.44,0.39,2023-01-09,659,N,VIIRS,n,2,295.67,13.27,D,0
26.77029,95.40431,344.32,0.44,0.39,2023-01-09,659,N,VIIRS,n,2,293.35,5.9,D,0
26.74847,95.24078,328.3,0.44,0.38,2023-01-09,659,N,VIIRS,n,2,297.2,5.92,D,0
26.77391,95.40427,350.7,0.44,0.39,2023-01-09,659,N,VIIRS,n,2,297.51,5.9,D,0
26.7733,95.39968,329.67,0.44,0.39,2023-01-09,659,N,VIIRS,n,2,293.03,5.9,D,0
26.77753,95.40424,334.55,0.44,0.39,2023-01-09,659,N,VIIRS,n,2,293.4,12.8,D,0
26.77694,95.3998,347.74,0.44,0.39,2023-01-09,659,N,VIIRS,n,2,301.19,12.8,D,0
26.81126,94.98739,344.42,0.43,0.38,2023-01-09,659,N,VIIRS,n,2,296.21,5.59,D,0
28.23632,95.60236,329.52,0.47,0.39,2023-01-09,659,N,VIIRS,n,2,294.85,3.57,D,0
28.45932,94.79432,338.8,0.43,0.38,2023-01-09,659,N,VIIRS,n,2,297.01,6.54,D,0
25.63343,78.29989,325.07,0.65,0.73,2023-01-09,659,N,VIIRS,l,2,295.18,3.78,D,0
27.04622,84.15005,332.17,0.54,0.51,2023-01-09,659,N,VIIRS,n,2,292.05,4.22,D,0
25.63529,78.29644,334.27,0.65,0.73,2023-01-09,659,N,VIIRS,n,2,295.21,4.54,D,0
27.06327,84.07059,325.36,0.55,0.51,2023-01-09,659,N,VIIRS,n,2,291.69,2.65,D,0
26.85935,95.31981,336.28,0.44,0.38,2023-01-09,659,N,VIIRS,n,2,294.73,4.27,D,0
26.8623,95.31483,330.15,0.44,0.38,2023-01-09,659,N,VIIRS,n,2,293.31,4.27,D,0
26.66632,95.16209,330.09,0.43,0.38,2023-01-09,659,N,VIIRS,n,2,290.99,3.38,D,0
26.67737,94.95072,325.47,0.43,0.38,2023-01-09,659,N,VIIRS,n,2,294.16,1.4,D,0
26.68085,94.95019,329.84,0.43,0.38,2023-01-09,659,N,VIIRS,n,2,294.35,2.8,D,0
26.36571,92.74229,337.04,0.38,0.36,2023-01-09,659,N,VIIRS,n,2,297.12,3.31,D,0
26.67827,94.85268,337.32,0.42,0.38,2023-01-09,659,N,VIIRS,n,2,292.68,2.88,D,0
26.68175,94.85219,344.19,0.42,0.38,2023-01-09,659,N,VIIRS,n,2,292.3,10.09,D,0
26.76313,95.40489,326.11,0.44,0.39,2023-01-09,659,N,VIIRS,n,2,293.19,14.7,D,0
26.76248,95.4,350.56,0.44,0.39,2023-01-09,659,N,VIIRS,n,2,306.98,14.7,D,0
27.25175,84.13207,326.59,0.54,0.51,2023-01-09,659,N,VIIRS,n,2,291.52,2.46,D,0
28.21961,95.73454,328.96,0.47,0.4,2023-01-09,659,N,VIIRS,n,2,301.82,2.37,D,0
28.17827,95.64346,330.37,0.47,0.39,2023-01-09,659,N,VIIRS,n,2,295.11,2.49,D,0
28.17463,95.64405,328.87,0.47,0.39,2023-01-09,659,N,VIIRS,n,2,296.83,1.29,D,0
28.1607,95.65118,327.21,0.47,0.39,2023-01-09,659,N,VIIRS,n,2,297.02,1.58,D,0
28.0858,95.46642,333.52,0.46,0.39,2023-01-09,659,N,VIIRS,n,2,298.0,2.83,D,0
28.08555,95.4698,326.51,0.46,0.39,2023-01-09,659,N,VIIRS,n,2,296.58,2.15,D,0
28.08563,95.78848,334.22,0.47,0.4,2023-01-09,659,N,VIIRS,n,2,298.29,2.92,D,0
27.97022,95.49635,332.12,0.46,0.39,2023-01-09,659,N,VIIRS,n,2,297.53,2.89,D,0
26.86573,89.02264,332.53,0.45,0.39,2023-01-09,659,N,VIIRS,l,2,303.74,5.25,D,0
27.39048,92.24612,351.59,0.38,0.36,2023-01-09,659,N,VIIRS,n,2,297.84,6.31,D,0
27.39107,92.24998,343.78,0.38,0.36,2023-01-09,659,N,VIIRS,n,2,295.64,10.04,D,0
27.38661,92.24291,344.92,0.38,0.36,2023-01-09,659,N,VIIRS,n,2,298.66,6.31,D,0
27.38719,92.24676,340.29,0.38,0.36,2023-01-09,659,N,VIIRS,n,2,296.62,6.31,D,0
27.38777,92.25061,335.87,0.38,0.36,2023-01-09,659,N,VIIRS,n,2,294.25,10.04,D,0
27.72825,95.02036,329.31,0.44,0.38,2023-01-09,659,N,VIIRS,n,2,299.42,1.29,D,0
27.87275,96.16704,345.37,0.49,0.4,2023-01-09,659,N,VIIRS,n,2,299.29,13.5,D,0
27.50881,93.71576,346.22,0.4,0.37,2023-01-09,659,N,VIIRS,n,2,300.54,6.55,D,0
27.8356,96.15458,334.55,0.49,0.4,2023-01-09,659,N,VIIRS,n,2,298.5,3.13,D,0
27.50211,93.71714,332.05,0.4,0.37,2023-01-09,659,N,VIIRS,n,2,299.37,4.48,D,0
26.83272,95.01427,332.17,0.43,0.38,2023-01-09,659,N,VIIRS,n,2,299.36,35.15,D,0
27.50835,93.76115,340.46,0.4,0.37,2023-01-09,659,N,VIIRS,n,2,295.57,5.05,D,0
27.48591,93.72449,332.04,0.4,0.37,2023-01-09,659,N,VIIRS,n,2,297.58,3.89,D,0
26.7719,89.31931,329.26,0.44,0.39,2023-01-09,659,N,VIIRS,n,2,303.22,4.4,D,0
27.64652,95.02745,336.96,0.44,0.38,2023-01-09,659,N,VIIRS,n,2,301.84,5.29,D,0
26.76838,89.32007,344.17,0.44,0.39,2023-01-09,659,N,VIIRS,n,2,308.02,8.56,D,0
27.21841,92.54006,327.83,0.38,0.36,2023-01-09,659,N,VIIRS,n,2,291.98,2.0,D,0
27.21512,92.5407,328.8,0.38,0.36,2023-01-09,659,N,VIIRS,n,2,294.23,2.0,D,0
27.71158,96.23222,329.42,0.49,0.4,2023-01-09,659,N,VIIRS,n,2,295.98,2.48,D,0
27.70785,96.23276,328.47,0.49,0.4,2023-01-09,659,N,VIIRS,n,2,295.55,2.48,D,0
26.76165,90.34452,327.84,0.41,0.37,2023-01-09,659,N,VIIRS,n,2,298.71,1.49,D,0
27.55725,96.03884,326.11,0.48,0.4,2023-01-09,659,N,VIIRS,n,2,297.61,1.35,D,2
26.75702,91.1891,334.3,0.39,0.36,2023-01-09,659,N,VIIRS,n,2,301.68,4.04,D,0
26.94473,92.40967,340.66,0.38,0.36,2023-01-09,659,N,VIIRS,n,2,304.21,18.66,D,0
27.22028,94.44282,327.65,0.41,0.37,2023-01-09,659,N,VIIRS,l,2,300.24,3.22,D,0
26.90132,93.07301,328.48,0.39,0.36,2023-01-09,659,N,VIIRS,n,2,300.41,2.63,D,0
26.6298,91.9264,331.31,0.39,0.36,2023-01-09,659,N,VIIRS,n,2,297.75,2.4,D,0
27.0131,95.29039,345.51,0.44,0.38,2023-01-09,659,N,VIIRS,n,2,301.12,28.72,D,0
27.04551,95.54095,327.09,0.45,0.39,2023-01-09,659,N,VIIRS,n,2,294.39,1.77,D,0
27.04606,95.54523,339.76,0.45,0.39,2023-01-09,659,N,VIIRS,n,2,294.28,5.0,D,0
26.98818,95.18222,336.3,0.44,0.38,2023-01-09,659,N,VIIRS,n,2,295.08,3.7,D,0
26.75673,93.51962,349.52,0.39,0.36,2023-01-09,659,N,VIIRS,n,2,304.88,7.74,D,0
26.7573,93.52355,338.04,0.39,0.36,2023-01-09,659,N,VIIRS,n,2,300.02,4.93,D,0
27.1693,97.00443,327.17,0.53,0.42,2023-01-09,659,N,VIIRS,n,2,290.05,2.96,D,0
26.93534,95.29664,332.61,0.44,0.38,2023-01-09,659,N,VIIRS,n,2,296.15,6.9,D,0
26.93182,95.29732,325.42,0.44,0.38,2023-01-09,659,N,VIIRS,n,2,297.45,3.64,D,0
26.91445,95.33001,355.64,0.44,0.38,2023-01-09,659,N,VIIRS,n,2,303.49,16.94,D,0
26.91504,95.33453,354.62,0.44,0.38,2023-01-09,659,N,VIIRS,n,2,309.17,20.12,D,0
26.91564,95.33919,337.34,0.44,0.38,2023-01-09,659,N,VIIRS,n,2,294.22,20.12,D,0
26.91627,95.34403,346.16,0.44,0.38,2023-01-09,659,N,VIIRS,n,2,298.07,30.94,D,0
26.9109,95.33051,347.59,0.44,0.38,2023-01-09,659,N,VIIRS,n,2,302.32,16.94,D,0
26.91149,95.33501,340.95,0.44,0.38,2023-01-09,659,N,VIIRS,n,2,300.41,20.12,D,0
26.90795,95.33558,326.62,0.44,0.38,2023-01-09,659,N,VIIRS,l,2,297.23,6.76,D,0
26.90856,95.34024,350.53,0.44,0.38,2023-01-09,659,N,VIIRS,n,2,298.5,6.76,D,0
26.90552,95.40055,340.5,0.44,0.39,2023-01-09,659,N,VIIRS,n,2,294.32,34.81,D,0
26.90607,95.40481,342.58,0.44,0.39,2023-01-09,659,N,VIIRS,n,2,299.01,34.81,D,0
26.90663,95.40912,340.85,0.44,0.39,2023-01-09,659,N,VIIRS,n,2,304.38,52.65,D,0
26.90256,95.40567,340.96,0.44,0.39,2023-01-09,659,N,VIIRS,n,2,303.23,52.75,D,0
26.89851,95.40237,338.66,0.44,0.39,2023-01-09,659,N,VIIRS,n,2,294.92,52.75,D,0
26.89499,95.40325,348.15,0.44,0.39,2023-01-09,659,N,VIIRS,n,2,296.14,8.94,D,0
30.62293,78.72018,367.0,0.47,0.64,2023-01-09,700,N,VIIRS,h,2,298.93,23.57,D,0
30.62381,78.72354,367.0,0.47,0.64,2023-01-09,700,N,VIIRS,h,2,294.87,18.95,D,0
30.622,78.71656,356.72,0.47,0.64,2023-01-09,700,N,VIIRS,l,2,289.13,23.57,D,0
29.98302,80.22142,329.56,0.4,0.6,2023-01-09,700,N,VIIRS,n,2,284.11,5.93,D,0
29.66403,79.56102,325.65,0.44,0.63,2023-01-09,700,N,VIIRS,n,2,292.49,5.37,D,0
30.62466,78.7268,332.23,0.47,0.64,2023-01-09,700,N,VIIRS,n,2,287.78,18.95,D,0
9.77806,76.97295,340.73,0.44,0.46,2023-01-09,835,N,VIIRS,n,2,296.55,5.35,D,0
9.47591,77.09718,332.73,0.44,0.46,2023-01-09,835,N,VIIRS,n,2,295.99,3.59,D,0
9.47725,77.09676,335.03,0.44,0.46,2023-01-09,835,N,VIIRS,n,2,295.94,4.14,D,0
11.21013,79.14498,332.13,0.32,0.55,2023-01-09,835,N,VIIRS,n,2,303.0,2.33,D,0
10.84504,76.8119,342.05,0.44,0.46,2023-01-09,835,N,VIIRS,n,2,304.19,6.29,D,0
10.09953,78.77834,332.81,0.58,0.52,2023-01-09,835,N,VIIRS,n,2,298.47,4.34,D,0
9.8335,76.91312,333.36,0.44,0.46,2023-01-09,835,N,VIIRS,n,2,295.92,5.75,D,0
9.82976,76.91749,335.59,0.44,0.46,2023-01-09,835,N,VIIRS,n,2,295.61,7.37,D,0
9.78081,76.97258,334.75,0.44,0.46,2023-01-09,835,N,VIIRS,n,2,294.82,4.21,D,0
14.17095,76.16864,355.44,0.45,0.47,2023-01-09,836,N,VIIRS,n,2,312.82,14.15,D,0
14.17148,76.1727,338.23,0.45,0.47,2023-01-09,836,N,VIIRS,l,2,310.52,6.62,D,0
14.15316,76.09989,345.83,0.44,0.46,2023-01-09,836,N,VIIRS,n,2,309.03,18.85,D,0
14.14888,76.10048,347.39,0.44,0.46,2023-01-09,836,N,VIIRS,n,2,314.52,18.85,D,0
14.13705,76.31371,340.86,0.46,0.47,2023-01-09,836,N,VIIRS,n,2,305.24,5.74,D,0
14.1376,76.31795,341.83,0.46,0.47,2023-01-09,836,N,VIIRS,n,2,308.03,5.74,D,0
14.16777,76.73466,341.63,0.49,0.48,2023-01-09,836,N,VIIRS,n,2,308.88,1.12,D,0
13.87928,75.00766,330.3,0.56,0.43,2023-01-09,836,N,VIIRS,n,2,301.97,2.26,D,0
13.8977,75.65127,336.01,0.41,0.45,2023-01-09,836,N,VIIRS,n,2,305.12,2.17,D,0
13.89618,75.65208,338.34,0.41,0.45,2023-01-09,836,N,VIIRS,n,2,306.9,2.17,D,0
14.24513,78.79877,330.65,0.33,0.56,2023-01-09,836,N,VIIRS,n,2,297.97,1.84,D,0
14.17822,78.54009,337.15,0.32,0.55,2023-01-09,836,N,VIIRS,n,2,305.41,2.47,D,0
14.16875,78.50323,339.13,0.64,0.54,2023-01-09,836,N,VIIRS,n,2,303.57,5.56,D,0
13.90424,76.3739,336.17,0.46,0.47,2023-01-09,836,N,VIIRS,n,2,304.37,1.89,D,0
13.90479,76.3783,336.07,0.46,0.47,2023-01-09,836,N,VIIRS,n,2,305.74,4.24,D,0
13.8999,76.3745,335.29,0.46,0.47,2023-01-09,836,N,VIIRS,n,2,307.92,1.89,D,0
14.19413,78.94659,340.24,0.34,0.56,2023-01-09,836,N,VIIRS,n,2,300.32,2.08,D,0
14.19324,78.94671,333.17,0.34,0.56,2023-01-09,836,N,VIIRS,n,2,299.81,1.53,D,0
14.0136,78.76947,331.86,0.33,0.55,2023-01-09,836,N,VIIRS,l,2,304.28,3.03,D,0
13.62143,76.64101,339.65,0.47,0.48,2023-01-09,836,N,VIIRS,n,2,306.57,6.09,D,0
13.61702,76.64163,347.37,0.47,0.48,2023-01-09,836,N,VIIRS,n,2,305.86,8.38,D,0
13.53733,77.15948,332.18,0.51,0.49,2023-01-09,836,N,VIIRS,n,2,304.99,3.43,D,0
13.03892,75.06355,330.71,0.55,0.43,2023-01-09,836,N,VIIRS,n,2,301.53,2.99,D,0
13.09503,76.04771,353.03,0.42,0.46,2023-01-09,836,N,VIIRS,n,2,310.66,18.31,D,0
13.14599,77.89737,346.99,0.56,0.52,2023-01-09,836,N,VIIRS,n,2,306.16,7.59,D,0
12.81248,75.58627,336.71,0.39,0.44,2023-01-09,836,N,VIIRS,n,2,304.06,4.22,D,0
12.81284,75.58613,335.61,0.39,0.44,2023-01-09,836,N,VIIRS,n,2,303.31,3.75,D,0
13.02429,77.40135,334.07,0.52,0.5,2023-01-09,836,N,VIIRS,n,2,304.61,3.41,D,0
12.94488,77.00018,337.05,0.49,0.48,2023-01-09,836,N,VIIRS,n,2,303.54,4.36,D,0
12.81943,76.68843,332.53,0.46,0.47,2023-01-09,836,N,VIIRS,n,2,301.15,3.53,D,0
12.80717,76.62907,331.43,0.46,0.47,2023-01-09,836,N,VIIRS,n,2,305.38,2.28,D,0
12.81506,76.68906,334.98,0.46,0.47,2023-01-09,836,N,VIIRS,l,2,305.53,3.53,D,0
12.78642,76.77742,331.47,0.47,0.48,2023-01-09,836,N,VIIRS,l,2,303.38,2.96,D,0
12.81476,76.999,331.72,0.48,0.48,2023-01-09,836,N,VIIRS,n,2,302.63,4.43,D,0
12.81533,77.00347,336.43,0.48,0.48,2023-01-09,836,N,VIIRS,n,2,303.71,4.43,D,0
12.66142,76.70537,334.89,0.46,0.47,2023-01-09,836,N,VIIRS,l,2,305.07,4.39,D,0
12.62782,76.62708,336.35,0.45,0.47,2023-01-09,836,N,VIIRS,n,2,305.64,4.85,D,0
13.01616,79.8488,333.8,0.38,0.58,2023-01-09,836,N,VIIRS,n,2,299.54,2.29,D,0
12.34503,76.51111,337.61,0.44,0.46,2023-01-09,836,N,VIIRS,n,2,305.6,2.53,D,0
12.32196,76.70551,337.67,0.46,0.47,2023-01-09,836,N,VIIRS,n,2,303.45,3.54,D,0
12.32095,76.7054,338.0,0.46,0.47,2023-01-09,836,N,VIIRS,n,2,304.11,3.86,D,0
11.99039,76.97324,338.98,0.47,0.48,2023-01-09,836,N,VIIRS,n,2,304.08,2.51,D,0
11.50739,76.11035,341.33,0.41,0.45,2023-01-09,836,N,VIIRS,n,2,299.98,6.66,D,0
11.60181,79.20121,332.73,0.33,0.55,2023-01-09,836,N,VIIRS,n,2,301.14,2.55,D,0
13.01768,79.84756,330.7,0.38,0.59,2023-01-09,836,N,VIIRS,n,2,298.95,2.37,D,0
14.61479,76.21593,345.06,0.45,0.47,2023-01-09,836,N,VIIRS,n,2,311.31,3.27,D,0
14.61045,76.21651,337.22,0.45,0.47,2023-01-09,836,N,VIIRS,l,2,310.34,3.27,D,0
14.60666,76.22129,351.23,0.46,0.47,2023-01-09,836,N,VIIRS,n,2,310.61,8.81,D,0
14.44361,75.24084,331.2,0.39,0.44,2023-01-09,836,N,VIIRS,n,2,303.29,0.98,D,0
14.76161,77.78229,332.56,0.58,0.52,2023-01-09,836,N,VIIRS,l,2,304.98,1.9,D,0
14.38201,75.55787,342.61,0.41,0.45,2023-01-09,836,N,VIIRS,n,2,307.4,6.91,D,0
14.38251,75.56161,349.62,0.41,0.45,2023-01-09,836,N,VIIRS,n,2,312.11,12.32,D,0
14.38301,75.56543,343.98,0.41,0.45,2023-01-09,836,N,VIIRS,n,2,309.64,12.32,D,0
14.38351,75.56927,343.57,0.41,0.45,2023-01-09,836,N,VIIRS,n,2,312.87,10.35,D,0
14.44138,76.14803,336.15,0.45,0.47,2023-01-09,836,N,VIIRS,n,2,307.76,2.49,D,0
14.35585,75.81631,342.38,0.43,0.46,2023-01-09,836,N,VIIRS,n,2,311.15,5.45,D,0
14.29658,75.49947,337.78,0.41,0.45,2023-01-09,836,N,VIIRS,l,2,311.17,5.1,D,0
14.17286,76.16853,354.97,0.45,0.47,2023-01-09,836,N,VIIRS,n,2,312.96,18.3,D,0
14.17336,76.17261,338.52,0.45,0.47,2023-01-09,836,N,VIIRS,n,2,308.64,7.14,D,0
18.02998,74.4458,342.88,0.39,0.44,2023-01-09,837,N,VIIRS,n,2,305.56,5.41,D,0
14.75814,75.00111,337.77,0.38,0.44,2023-01-09,837,N,VIIRS,l,2,311.08,6.28,D,0
14.94141,75.90435,342.61,0.44,0.46,2023-01-09,837,N,VIIRS,n,2,310.71,5.02,D,0
15.17763,77.74092,342.29,0.58,0.52,2023-01-09,837,N,VIIRS,n,2,305.09,5.93,D,0
14.92036,75.38074,344.35,0.41,0.45,2023-01-09,837,N,VIIRS,n,2,309.74,4.0,D,0
15.02635,75.97295,337.18,0.44,0.46,2023-01-09,837,N,VIIRS,n,2,307.62,2.89,D,0
15.00325,75.35688,356.23,0.41,0.45,2023-01-09,837,N,VIIRS,n,2,315.45,15.64,D,0
15.00737,75.35632,367.0,0.41,0.45,2023-01-09,837,N,VIIRS,h,2,319.84,16.9,D,0
15.04835,75.50736,335.32,0.42,0.45,2023-01-09,837,N,VIIRS,n,2,309.74,1.48,D,0
15.04984,75.50723,337.82,0.42,0.45,2023-01-09,837,N,VIIRS,n,2,310.06,2.49,D,0
15.14689,75.6341,344.17,0.42,0.46,2023-01-09,837,N,VIIRS,n,2,310.26,6.12,D,0
15.09517,75.11173,341.37,0.39,0.44,2023-01-09,837,N,VIIRS,n,2,310.77,9.22,D,0
15.20629,75.56226,337.88,0.42,0.45,2023-01-09,837,N,VIIRS,n,2,312.11,3.2,D,0
15.33651,76.27903,335.83,0.47,0.48,2023-01-09,837,N,VIIRS,n,2,310.36,1.34,D,2
15.40401,76.70603,342.41,0.5,0.49,2023-01-09,837,N,VIIRS,n,2,305.02,3.4,D,0
15.06482,73.97673,333.65,0.51,0.41,2023-01-09,837,N,VIIRS,l,2,307.93,8.05,D,0
15.06474,73.97852,339.13,0.51,0.41,2023-01-09,837,N,VIIRS,n,2,312.74,7.63,D,0
15.3207,75.68481,342.78,0.43,0.46,2023-01-09,837,N,VIIRS,n,2,312.91,7.12,D,0
15.7707,78.29859,339.64,0.32,0.55,2023-01-09,837,N,VIIRS,n,2,306.65,2.62,D,0
15.78437,75.86131,346.61,0.45,0.47,2023-01-09,837,N,VIIRS,n,2,312.66,10.95,D,0
15.91358,76.39255,341.51,0.49,0.48,2023-01-09,837,N,VIIRS,n,2,310.94,3.06,D,0
15.75538,75.10461,339.01,0.4,0.44,2023-01-09,837,N,VIIRS,n,2,311.54,3.64,D,0
15.75394,75.10414,337.76,0.4,0.44,2023-01-09,837,N,VIIRS,n,2,310.97,3.68,D,0
15.91575,76.39311,341.32,0.49,0.48,2023-01-09,837,N,VIIRS,n,2,310.52,2.38,D,0
16.45646,80.8201,367.0,0.48,0.65,2023-01-09,837,N,VIIRS,h,2,301.01,9.96,D,0
16.21677,78.52734,333.92,0.34,0.56,2023-01-09,837,N,VIIRS,l,2,304.88,3.95,D,0
16.21641,78.52415,356.11,0.34,0.56,2023-01-09,837,N,VIIRS,n,2,309.12,3.95,D,0
15.86845,75.61054,340.38,0.43,0.46,2023-01-09,837,N,VIIRS,l,2,313.84,7.8,D,0
15.8727,75.61001,342.16,0.43,0.46,2023-01-09,837,N,VIIRS,n,2,308.86,3.33,D,0
15.92716,75.83376,351.15,0.45,0.47,2023-01-09,837,N,VIIRS,n,2,312.52,8.31,D,0
15.69285,74.01699,337.53,0.52,0.42,2023-01-09,837,N,VIIRS,n,2,307.7,7.61,D,0
16.19745,77.9151,342.31,0.62,0.54,2023-01-09,837,N,VIIRS,n,2,308.04,11.04,D,0
15.95304,75.8989,335.75,0.45,0.47,2023-01-09,837,N,VIIRS,l,2,309.47,4.59,D,0
15.984,76.10641,341.41,0.47,0.47,2023-01-09,837,N,VIIRS,n,2,311.18,3.05,D,0
16.19773,77.9129,345.19,0.62,0.54,2023-01-09,837,N,VIIRS,n,2,307.64,7.07,D,0
15.93603,75.5686,334.28,0.43,0.46,2023-01-09,837,N,VIIRS,l,2,309.2,3.77,D,0
16.08968,76.8019,342.31,0.52,0.5,2023-01-09,837,N,VIIRS,n,2,311.37,4.59,D,0
15.91021,74.93397,342.28,0.39,0.44,2023-01-09,837,N,VIIRS,n,2,309.51,2.94,D,0
16.05554,75.81433,336.36,0.45,0.47,2023-01-09,837,N,VIIRS,n,2,310.84,1.75,D,0
15.96773,74.6479,340.77,0.57,0.43,2023-01-09,837,N,VIIRS,n,2,307.53,4.31,D,0
16.30281,77.09936,333.59,0.55,0.51,2023-01-09,837,N,VIIRS,n,2,304.04,1.3,D,0
16.15249,75.58742,336.05,0.44,0.46,2023-01-09,837,N,VIIRS,n,2,308.54,2.77,D,0
16.44797,77.66866,345.19,0.6,0.53,2023-01-09,837,N,VIIRS,n,2,306.72,6.07,D,0
15.98601,73.65578,338.46,0.5,0.41,2023-01-09,837,N,VIIRS,l,2,310.27,10.8,D,0
15.98623,73.6572,349.67,0.5,0.41,2023-01-09,837,N,VIIRS,n,2,316.46,28.02,D,0
16.24071,75.06553,350.09,0.4,0.45,2023-01-09,837,N,VIIRS,n,2,310.57,6.81,D,0
16.56891,77.62204,336.02,0.6,0.53,2023-01-09,837,N,VIIRS,n,2,308.49,4.91,D,0
16.77389,79.17863,345.61,0.38,0.59,2023-01-09,837,N,VIIRS,n,2,304.3,2.1,D,0
16.77529,79.17782,343.83,0.38,0.59,2023-01-09,837,N,VIIRS,n,2,302.46,3.52,D,0
16.77183,78.3003,335.33,0.33,0.56,2023-01-09,837,N,VIIRS,n,2,308.84,1.7,D,0
16.91601,79.24614,341.3,0.39,0.59,2023-01-09,837,N,VIIRS,n,2,303.35,2.77,D,0
16.31024,73.75002,340.41,0.51,0.41,2023-01-09,837,N,VIIRS,n,2,306.44,3.82,D,0
16.33961,73.71346,334.69,0.51,0.41,2023-01-09,837,N,VIIRS,l,2,309.23,6.48,D,0
16.34341,73.71293,335.43,0.51,0.41,2023-01-09,837,N,VIIRS,l,2,308.25,6.48,D,0
16.34278,73.70815,340.61,0.51,0.41,2023-01-09,837,N,VIIRS,n,2,307.92,7.71,D,0
16.72297,76.42445,341.86,0.5,0.49,2023-01-09,837,N,VIIRS,n,2,307.95,4.9,D,0
16.69135,75.80425,335.97,0.46,0.47,2023-01-09,837,N,VIIRS,n,2,310.75,2.71,D,0
16.42243,73.69686,344.39,0.51,0.41,2023-01-09,837,N,VIIRS,n,2,312.84,25.58,D,0
16.42181,73.69937,348.43,0.51,0.41,2023-01-09,837,N,VIIRS,n,2,314.51,34.62,D,0
16.54708,74.58649,343.01,0.38,0.43,2023-01-09,837,N,VIIRS,n,2,310.67,3.88,D,0
16.64199,75.14568,338.81,0.41,0.45,2023-01-09,837,N,VIIRS,n,2,307.05,2.95,D,0
17.16213,79.30882,331.34,0.39,0.59,2023-01-09,837,N,VIIRS,n,2,303.78,3.02,D,0
17.16172,79.30504,341.34,0.39,0.59,2023-01-09,837,N,VIIRS,n,2,303.6,3.02,D,0
16.60052,74.03733,335.01,0.53,0.42,2023-01-09,837,N,VIIRS,n,2,308.4,5.35,D,0
17.11657,78.01968,367.0,0.32,0.55,2023-01-09,837,N,VIIRS,h,2,309.84,7.81,D,0
16.73153,74.70889,335.42,0.39,0.44,2023-01-09,837,N,VIIRS,n,2,309.32,1.95,D,0
16.67007,74.2359,339.42,0.55,0.43,2023-01-09,837,N,VIIRS,n,2,309.03,4.59,D,0
14.81713,75.80444,345.27,0.43,0.46,2023-01-09,837,N,VIIRS,n,2,305.58,13.05,D,0
14.76898,75.56109,341.49,0.42,0.45,2023-01-09,837,N,VIIRS,n,2,309.11,4.98,D,0
14.78483,75.89085,335.82,0.44,0.46,2023-01-09,837,N,VIIRS,l,2,308.19,4.7,D,0
14.84914,76.41283,338.18,0.47,0.48,2023-01-09,837,N,VIIRS,l,2,310.98,3.34,D,0
14.78058,75.89142,347.02,0.44,0.46,2023-01-09,837,N,VIIRS,n,2,313.73,13.94,D,0
14.78159,75.89958,338.35,0.44,0.46,2023-01-09,837,N,VIIRS,l,2,312.16,10.75,D,0
14.77582,75.88801,341.72,0.44,0.46,2023-01-09,837,N,VIIRS,n,2,310.02,13.94,D,0
14.77632,75.89204,356.42,0.44,0.46,2023-01-09,837,N,VIIRS,n,2,312.23,13.94,D,0
14.77682,75.89609,350.49,0.44,0.46,2023-01-09,837,N,VIIRS,n,2,316.05,10.75,D,0
14.78193,75.8903,352.86,0.44,0.46,2023-01-09,837,N,VIIRS,n,2,312.54,10.86,D,0
14.77768,75.89089,353.83,0.44,0.46,2023-01-09,837,N,VIIRS,n,2,314.25,22.45,D,0
14.77821,75.89494,353.66,0.44,0.46,2023-01-09,837,N,VIIRS,n,2,315.59,11.33,D,0
14.77396,75.89556,346.34,0.44,0.46,2023-01-09,837,N,VIIRS,n,2,310.96,11.33,D,0
14.9991,77.98458,344.75,0.6,0.53,2023-01-09,837,N,VIIRS,n,2,309.65,4.88,D,0
14.73825,75.92105,340.1,0.44,0.46,2023-01-09,837,N,VIIRS,n,2,312.27,3.11,D,0
14.8019,76.74981,333.57,0.5,0.49,2023-01-09,837,N,VIIRS,n,2,307.5,3.14,D,0
14.68121,75.84641,342.7,0.43,0.46,2023-01-09,837,N,VIIRS,n,2,311.43,4.39,D,0
14.73092,77.00741,335.44,0.51,0.5,2023-01-09,837,N,VIIRS,l,2,307.14,4.69,D,0
14.62007,76.2155,337.62,0.46,0.47,2023-01-09,837,N,VIIRS,n,2,306.91,3.88,D,0
14.61573,76.21606,352.13,0.46,0.47,2023-01-09,837,N,VIIRS,n,2,311.45,9.92,D,0
14.60757,76.22144,353.99,0.46,0.47,2023-01-09,837,N,VIIRS,n,2,310.53,10.12,D,0
17.11128,76.37325,342.85,0.5,0.49,2023-01-09,837,N,VIIRS,n,2,311.34,2.55,D,0
16.92862,74.47964,333.44,0.57,0.43,2023-01-09,837,N,VIIRS,n,2,307.53,3.23,D,0
17.23525,76.86508,339.91,0.54,0.51,2023-01-09,837,N,VIIRS,n,2,311.99,3.35,D,0
17.67553,80.31293,338.04,0.46,0.64,2023-01-09,837,N,VIIRS,n,2,303.34,4.71,D,0
17.60717,79.25701,339.75,0.39,0.6,2023-01-09,837,N,VIIRS,n,2,306.33,2.48,D,0
17.53953,78.63467,350.58,0.36,0.57,2023-01-09,837,N,VIIRS,n,2,304.57,3.49,D,0
17.69815,79.8922,334.23,0.44,0.62,2023-01-09,837,N,VIIRS,n,2,302.4,1.96,D,0
17.62074,79.01327,354.03,0.38,0.59,2023-01-09,837,N,VIIRS,n,2,308.5,6.89,D,0
17.40344,76.76623,339.03,0.54,0.51,2023-01-09,837,N,VIIRS,n,2,309.93,3.0,D,0
17.54809,77.72165,336.43,0.62,0.54,2023-01-09,837,N,VIIRS,n,2,309.88,4.67,D,0
17.56006,77.07321,341.9,0.57,0.52,2023-01-09,837,N,VIIRS,n,2,309.91,5.03,D,0
17.5644,76.72441,337.5,0.54,0.51,2023-01-09,837,N,VIIRS,l,2,310.37,2.79,D,0
17.58257,76.71717,342.27,0.54,0.51,2023-01-09,837,N,VIIRS,l,2,312.86,11.54,D,0
17.58666,76.71152,342.78,0.54,0.51,2023-01-09,837,N,VIIRS,n,2,309.3,9.49,D,0
17.47908,75.79552,342.29,0.47,0.47,2023-01-09,837,N,VIIRS,n,2,311.44,8.21,D,0
17.40046,75.11353,333.96,0.42,0.45,2023-01-09,837,N,VIIRS,n,2,306.63,2.5,D,0
17.64622,76.97859,346.03,0.56,0.51,2023-01-09,837,N,VIIRS,n,2,312.39,13.32,D,0
17.52595,75.56409,337.37,0.45,0.47,2023-01-09,837,N,VIIRS,n,2,307.91,1.9,D,0
17.56472,75.65705,336.96,0.46,0.47,2023-01-09,837,N,VIIRS,n,2,308.33,4.91,D,0
17.5642,75.65272,341.01,0.46,0.47,2023-01-09,837,N,VIIRS,n,2,307.77,4.91,D,0
17.92091,78.01121,336.99,0.33,0.55,2023-01-09,837,N,VIIRS,n,2,307.71,2.71,D,0
17.91814,78.00992,335.77,0.33,0.55,2023-01-09,837,N,VIIRS,l,2,308.1,2.98,D,0
17.80745,76.7778,334.66,0.55,0.51,2023-01-09,837,N,VIIRS,l,2,308.13,5.07,D,0
18.18154,80.15999,335.92,0.46,0.63,2023-01-09,837,N,VIIRS,n,2,303.61,3.63,D,0
17.66052,75.24139,331.88,0.43,0.46,2023-01-09,837,N,VIIRS,l,2,305.58,1.47,D,0
17.79737,76.062,349.17,0.49,0.49,2023-01-09,837,N,VIIRS,n,2,311.06,5.41,D,0
17.80186,76.06142,341.98,0.49,0.49,2023-01-09,837,N,VIIRS,n,2,310.5,4.02,D,0
17.54651,74.06226,334.9,0.55,0.43,2023-01-09,837,N,VIIRS,n,2,307.7,4.13,D,0
17.79909,76.06273,342.64,0.49,0.49,2023-01-09,837,N,VIIRS,n,2,311.93,8.06,D,0
18.01401,77.81991,336.62,0.32,0.55,2023-01-09,837,N,VIIRS,n,2,305.74,3.15,D,0
18.39543,81.68199,328.89,0.58,0.7,2023-01-09,837,N,VIIRS,n,2,303.49,2.98,D,0
17.49968,73.37006,333.41,0.5,0.41,2023-01-09,837,N,VIIRS,l,2,305.85,4.09,D,0
17.75327,75.33867,346.56,0.44,0.46,2023-01-09,837,N,VIIRS,n,2,311.22,7.12,D,0
17.50408,73.37428,334.94,0.5,0.41,2023-01-09,837,N,VIIRS,l,2,308.13,8.27,D,0
17.50345,73.36952,342.59,0.5,0.41,2023-01-09,837,N,VIIRS,n,2,307.48,4.09,D,0
18.32061,79.9069,339.08,0.44,0.63,2023-01-09,837,N,VIIRS,n,2,302.52,3.01,D,0
18.31994,79.90719,333.47,0.44,0.63,2023-01-09,837,N,VIIRS,n,2,302.14,3.16,D,0
17.8535,75.53755,341.18,0.45,0.47,2023-01-09,837,N,VIIRS,n,2,307.72,3.64,D,0
18.35286,79.88216,330.49,0.44,0.63,2023-01-09,837,N,VIIRS,l,2,303.3,4.09,D,0
17.83225,74.83583,344.11,0.41,0.45,2023-01-09,837,N,VIIRS,n,2,310.71,15.0,D,0
17.99017,75.35049,342.19,0.44,0.46,2023-01-09,837,N,VIIRS,n,2,311.4,4.07,D,0
17.98965,75.3463,337.27,0.44,0.46,2023-01-09,837,N,VIIRS,l,2,308.21,4.07,D,0
17.73475,73.23335,341.34,0.5,0.41,2023-01-09,837,N,VIIRS,n,2,305.91,4.99,D,0
18.0016,75.16314,337.17,0.43,0.46,2023-01-09,837,N,VIIRS,n,2,310.24,3.04,D,0
18.02627,75.29035,342.42,0.44,0.46,2023-01-09,837,N,VIIRS,n,2,309.4,3.77,D,0
18.02444,75.28799,339.74,0.44,0.46,2023-01-09,837,N,VIIRS,n,2,308.78,3.16,D,0
18.37442,77.9737,343.42,0.33,0.55,2023-01-09,837,N,VIIRS,n,2,304.98,3.12,D,0
15.00467,76.96727,333.2,0.51,0.5,2023-01-09,837,N,VIIRS,n,2,306.58,2.5,D,0
19.55789,74.128,346.19,0.39,0.44,2023-01-09,838,N,VIIRS,n,2,305.24,5.91,D,0
21.64787,74.33612,333.18,0.43,0.46,2023-01-09,838,N,VIIRS,n,2,307.66,2.32,D,0
21.62748,74.38132,335.22,0.43,0.46,2023-01-09,838,N,VIIRS,n,2,308.7,2.19,D,0
22.05532,79.37862,339.93,0.45,0.63,2023-01-09,838,N,VIIRS,n,2,299.81,6.97,D,0
22.16792,80.90161,342.2,0.57,0.69,2023-01-09,838,N,VIIRS,n,2,298.43,4.98,D,0
22.05049,79.3781,336.94,0.45,0.63,2023-01-09,838,N,VIIRS,n,2,303.33,5.48,D,0
21.54247,74.53323,341.32,0.44,0.46,2023-01-09,838,N,VIIRS,n,2,308.17,2.95,D,0
22.16702,80.90396,335.49,0.57,0.69,2023-01-09,838,N,VIIRS,n,2,298.92,6.16,D,0
22.23403,82.05973,335.96,0.67,0.74,2023-01-09,838,N,VIIRS,n,2,302.3,3.65,D,0
21.32873,73.4032,333.19,0.56,0.43,2023-01-09,838,N,VIIRS,n,2,305.86,4.4,D,0
21.33022,73.4001,333.82,0.56,0.43,2023-01-09,838,N,VIIRS,n,2,306.41,5.33,D,0
22.1354,82.54049,340.22,0.72,0.75,2023-01-09,838,N,VIIRS,n,2,300.04,5.48,D,0
22.09804,82.3007,335.74,0.69,0.74,2023-01-09,838,N,VIIRS,n,2,300.37,3.44,D,0
22.09481,82.35734,334.61,0.7,0.75,2023-01-09,838,N,VIIRS,n,2,302.07,5.66,D,0
22.08346,82.61771,340.45,0.72,0.76,2023-01-09,838,N,VIIRS,n,2,301.41,5.84,D,0
22.07636,82.61835,338.61,0.72,0.76,2023-01-09,838,N,VIIRS,n,2,302.17,5.84,D,0
21.10812,72.63284,346.25,0.51,0.41,2023-01-09,838,N,VIIRS,n,2,307.66,9.46,D,2
21.10625,72.64807,339.23,0.51,0.41,2023-01-09,838,N,VIIRS,n,2,310.17,8.55,D,2
22.09595,82.35822,332.07,0.7,0.75,2023-01-09,838,N,VIIRS,n,2,301.86,6.66,D,0
22.07908,82.61874,355.31,0.72,0.76,2023-01-09,838,N,VIIRS,n,2,303.21,13.15,D,0
22.04306,82.61379,330.79,0.72,0.76,2023-01-09,838,N,VIIRS,l,2,301.17,5.31,D,0
22.03709,82.96069,337.74,0.76,0.77,2023-01-09,838,N,VIIRS,n,2,300.16,4.28,D,0
21.96112,82.13206,334.89,0.67,0.74,2023-01-09,838,N,VIIRS,n,2,300.68,3.94,D,0
21.95508,82.2496,330.51,0.69,0.74,2023-01-09,838,N,VIIRS,l,2,302.05,5.09,D,0
21.99186,82.81831,367.0,0.74,0.76,2023-01-09,838,N,VIIRS,h,2,307.74,52.95,D,0
22.00413,83.13482,333.49,0.78,0.78,2023-01-09,838,N,VIIRS,n,2,301.83,4.34,D,0
21.96138,82.13156,336.77,0.67,0.74,2023-01-09,838,N,VIIRS,n,2,301.84,4.18,D,0
21.98677,82.47885,330.03,0.71,0.75,2023-01-09,838,N,VIIRS,n,2,303.22,4.18,D,0
21.98917,82.81701,356.08,0.74,0.76,2023-01-09,838,N,VIIRS,n,2,306.57,29.44,D,0
21.98968,82.82446,356.86,0.74,0.76,2023-01-09,838,N,VIIRS,n,2,303.05,33.39,D,0
21.99287,82.97755,347.59,0.76,0.77,2023-01-09,838,N,VIIRS,n,2,300.71,11.7,D,0
21.98563,82.97807,367.0,0.76,0.77,2023-01-09,838,N,VIIRS,h,2,304.48,21.53,D,0
21.92259,82.3698,335.14,0.7,0.75,2023-01-09,838,N,VIIRS,n,2,303.01,4.48,D,0
21.93351,82.73869,332.13,0.73,0.76,2023-01-09,838,N,VIIRS,n,2,298.81,4.19,D,0
21.92636,82.73917,367.0,0.73,0.76,2023-01-09,838,N,VIIRS,h,2,303.2,15.84,D,0
21.30556,75.70695,340.05,0.52,0.5,2023-01-09,838,N,VIIRS,n,2,304.13,4.78,D,0
21.8675,82.17994,349.45,0.68,0.74,2023-01-09,838,N,VIIRS,n,2,304.3,10.05,D,0
21.88344,82.41522,348.91,0.7,0.75,2023-01-09,838,N,VIIRS,n,2,301.57,8.55,D,0
21.93005,82.73987,367.0,0.73,0.76,2023-01-09,838,N,VIIRS,h,2,303.72,16.37,D,0
21.24172,75.51117,340.8,0.5,0.49,2023-01-09,838,N,VIIRS,n,2,304.17,5.18,D,0
21.86772,82.18125,349.89,0.68,0.74,2023-01-09,838,N,VIIRS,n,2,304.41,10.27,D,0
21.88511,82.41626,348.9,0.7,0.75,2023-01-09,838,N,VIIRS,n,2,301.88,8.71,D,0
21.81988,82.49213,333.89,0.71,0.75,2023-01-09,838,N,VIIRS,n,2,301.67,5.3,D,0
21.86194,83.11916,330.85,0.77,0.78,2023-01-09,838,N,VIIRS,n,2,298.8,4.48,D,0
21.82417,82.8749,338.03,0.75,0.77,2023-01-09,838,N,VIIRS,n,2,300.07,7.25,D,0
21.78804,82.54489,354.97,0.71,0.75,2023-01-09,838,N,VIIRS,n,2,301.41,11.75,D,0
21.66958,82.21951,336.65,0.68,0.74,2023-01-09,838,N,VIIRS,n,2,302.57,5.94,D,0
21.57215,82.31096,341.12,0.69,0.74,2023-01-09,838,N,VIIRS,n,2,301.43,9.09,D,0
21.57354,82.30729,342.19,0.68,0.74,2023-01-09,838,N,VIIRS,n,2,303.15,5.82,D,0
21.27833,79.3732,335.68,0.44,0.63,2023-01-09,838,N,VIIRS,n,2,298.67,6.77,D,0
21.27873,79.37756,367.0,0.44,0.63,2023-01-09,838,N,VIIRS,h,2,299.75,6.77,D,0
21.39683,81.68319,367.0,0.62,0.72,2023-01-09,838,N,VIIRS,h,2,303.5,20.02,D,0
21.44866,82.21879,340.8,0.67,0.74,2023-01-09,838,N,VIIRS,n,2,301.97,5.42,D,0
21.39347,81.68211,367.0,0.62,0.72,2023-01-09,838,N,VIIRS,h,2,305.41,17.71,D,0
21.25385,81.92497,338.58,0.64,0.72,2023-01-09,838,N,VIIRS,n,2,300.12,12.48,D,0
21.25337,81.91852,367.0,0.64,0.72,2023-01-09,838,N,VIIRS,h,2,301.41,10.84,D,0
21.25143,81.92071,367.0,0.64,0.72,2023-01-09,838,N,VIIRS,h,2,303.56,15.82,D,0
21.18346,81.83611,347.0,0.63,0.72,2023-01-09,838,N,VIIRS,n,2,302.31,10.55,D,0
21.08704,81.72386,355.91,0.62,0.72,2023-01-09,838,N,VIIRS,n,2,303.12,11.5,D,0
21.09117,81.72696,347.9,0.62,0.72,2023-01-09,838,N,VIIRS,n,2,303.07,14.58,D,0
21.08398,81.72133,333.09,0.62,0.72,2023-01-09,838,N,VIIRS,n,2,301.85,8.78,D,0
21.11739,82.86416,338.19,0.73,0.76,2023-01-09,838,N,VIIRS,n,2,300.78,6.58,D,0
20.87359,81.3102,345.64,0.58,0.7,2023-01-09,838,N,VIIRS,n,2,302.73,6.69,D,0
20.87441,81.30812,345.8,0.58,0.7,2023-01-09,838,N,VIIRS,n,2,303.74,5.05,D,0
20.23478,75.11337,337.03,0.46,0.47,2023-01-09,838,N,VIIRS,l,2,308.1,11.35,D,0
20.43647,77.59864,341.46,0.33,0.55,2023-01-09,838,N,VIIRS,n,2,305.53,4.52,D,0
19.61689,73.52436,340.55,0.54,0.42,2023-01-09,838,N,VIIRS,n,2,309.56,7.73,D,0
19.61754,73.5294,331.28,0.54,0.42,2023-01-09,838,N,VIIRS,l,2,306.04,7.73,D,0
19.79289,74.95723,340.8,0.44,0.46,2023-01-09,838,N,VIIRS,n,2,306.61,3.08,D,0
19.50759,73.51098,335.82,0.54,0.42,2023-01-09,838,N,VIIRS,l,2,310.31,11.0,D,0
19.62456,74.99162,332.2,0.44,0.46,2023-01-09,838,N,VIIRS,l,2,306.18,2.34,D,0
19.38568,73.20463,333.6,0.52,0.41,2023-01-09,838,N,VIIRS,l,2,307.53,4.15,D,0
19.3706,73.11639,338.97,0.51,0.41,2023-01-09,838,N,VIIRS,n,2,307.08,4.75,D,0
19.87683,77.62997,355.04,0.33,0.55,2023-01-09,838,N,VIIRS,n,2,305.76,9.01,D,0
19.87717,77.63316,367.0,0.33,0.55,2023-01-09,838,N,VIIRS,h,2,304.88,12.62,D,0
19.49935,74.41647,332.86,0.41,0.45,2023-01-09,838,N,VIIRS,n,2,306.04,2.53,D,0
19.28679,72.85204,336.18,0.5,0.41,2023-01-09,838,N,VIIRS,l,2,308.19,4.57,D,0
19.51355,74.73921,332.16,0.43,0.46,2023-01-09,838,N,VIIRS,n,2,305.98,2.63,D,0
19.51953,75.11785,336.05,0.45,0.47,2023-01-09,838,N,VIIRS,n,2,306.68,1.34,D,0
19.29146,73.30691,331.64,0.52,0.42,2023-01-09,838,N,VIIRS,n,2,303.4,7.4,D,0
19.29209,73.31187,344.66,0.52,0.42,2023-01-09,838,N,VIIRS,n,2,306.11,7.4,D,0
19.28824,73.31242,345.24,0.52,0.42,2023-01-09,838,N,VIIRS,n,2,308.21,7.4,D,0
19.25694,73.23875,340.99,0.52,0.41,2023-01-09,838,N,VIIRS,n,2,306.55,4.4,D,0
19.28589,73.45943,342.85,0.53,0.42,2023-01-09,838,N,VIIRS,n,2,311.08,8.42,D,0
19.22857,73.05334,334.94,0.51,0.41,2023-01-09,838,N,VIIRS,l,2,307.95,7.29,D,0
19.58729,76.16169,331.53,0.52,0.5,2023-01-09,838,N,VIIRS,n,2,305.73,6.28,D,0
19.58266,76.16229,341.34,0.52,0.5,2023-01-09,838,N,VIIRS,n,2,307.96,6.28,D,0
19.17927,73.11957,335.65,0.51,0.41,2023-01-09,838,N,VIIRS,n,2,308.74,4.62,D,0
19.43712,75.25553,330.15,0.46,0.47,2023-01-09,838,N,VIIRS,n,2,304.79,2.2,D,0
19.14025,73.05608,335.69,0.51,0.41,2023-01-09,838,N,VIIRS,n,2,308.63,6.07,D,0
19.14104,73.05828,341.38,0.51,0.41,2023-01-09,838,N,VIIRS,n,2,308.37,6.57,D,0
19.43355,75.60123,333.16,0.48,0.48,2023-01-09,838,N,VIIRS,n,2,304.73,3.35,D,0
19.4341,75.60585,336.64,0.48,0.48,2023-01-09,838,N,VIIRS,n,2,306.14,4.89,D,0
19.30768,74.66991,351.63,0.42,0.45,2023-01-09,838,N,VIIRS,n,2,306.19,6.94,D,0
19.07665,73.15638,335.04,0.51,0.41,2023-01-09,838,N,VIIRS,n,2,309.57,5.6,D,0
19.59915,77.70348,347.4,0.33,0.55,2023-01-09,838,N,VIIRS,n,2,304.07,3.85,D,0
19.4008,76.07545,341.69,0.51,0.5,2023-01-09,838,N,VIIRS,n,2,308.51,3.37,D,0
19.39457,76.06124,333.76,0.51,0.5,2023-01-09,838,N,VIIRS,n,2,306.19,6.22,D,0
19.38998,76.06184,343.76,0.51,0.5,2023-01-09,838,N,VIIRS,n,2,308.4,6.22,D,0
19.04226,73.2136,343.06,0.51,0.41,2023-01-09,838,N,VIIRS,n,2,307.1,4.57,D,0
19.40067,76.07327,341.14,0.51,0.5,2023-01-09,838,N,VIIRS,n,2,307.11,4.62,D,0
19.39434,76.05907,340.56,0.51,0.5,2023-01-09,838,N,VIIRS,n,2,306.66,3.15,D,0
19.38975,76.05966,341.48,0.51,0.5,2023-01-09,838,N,VIIRS,n,2,308.64,4.6,D,0
19.37657,76.14693,333.16,0.52,0.5,2023-01-09,838,N,VIIRS,n,2,306.23,2.43,D,0
19.93425,82.11576,342.66,0.64,0.72,2023-01-09,838,N,VIIRS,n,2,302.95,9.11,D,0
19.30645,75.81962,342.21,0.49,0.49,2023-01-09,838,N,VIIRS,n,2,309.84,10.48,D,0
19.29384,75.8697,330.97,0.5,0.49,2023-01-09,838,N,VIIRS,n,2,305.38,2.06,D,0
18.85191,73.08106,335.96,0.5,0.41,2023-01-09,838,N,VIIRS,n,2,310.7,4.8,D,0
19.36142,77.70847,345.81,0.33,0.55,2023-01-09,838,N,VIIRS,n,2,303.73,3.68,D,0
19.35862,77.70718,338.24,0.33,0.55,2023-01-09,838,N,VIIRS,n,2,303.36,2.51,D,0
18.77356,73.27761,335.1,0.52,0.41,2023-01-09,838,N,VIIRS,l,2,305.74,2.53,D,0
18.7745,73.3758,330.38,0.52,0.42,2023-01-09,838,N,VIIRS,l,2,305.12,4.07,D,0
18.68492,73.03769,339.92,0.5,0.41,2023-01-09,838,N,VIIRS,n,2,309.26,8.11,D,2
18.6692,72.9772,334.26,0.5,0.41,2023-01-09,838,N,VIIRS,n,2,304.92,2.91,D,0
19.30302,78.32352,331.64,0.36,0.57,2023-01-09,838,N,VIIRS,n,2,305.3,2.11,D,0
19.62335,82.47687,336.4,0.67,0.74,2023-01-09,838,N,VIIRS,n,2,302.75,7.12,D,0
19.14674,77.43716,336.84,0.63,0.54,2023-01-09,838,N,VIIRS,n,2,305.48,9.27,D,0
19.62316,82.47868,329.93,0.67,0.74,2023-01-09,838,N,VIIRS,l,2,302.81,5.25,D,0
19.08716,77.49477,340.69,0.63,0.54,2023-01-09,838,N,VIIRS,n,2,309.81,5.94,D,0
19.59057,82.85061,330.6,0.71,0.75,2023-01-09,838,N,VIIRS,n,2,300.75,4.83,D,0
18.61411,73.61629,345.51,0.54,0.42,2023-01-09,838,N,VIIRS,n,2,303.05,5.68,D,0
18.56885,73.69646,343.97,0.54,0.42,2023-01-09,838,N,VIIRS,n,2,306.76,4.4,D,0
18.56951,73.70175,335.05,0.54,0.42,2023-01-09,838,N,VIIRS,n,2,307.06,4.4,D,0
18.56918,73.69949,345.99,0.54,0.42,2023-01-09,838,N,VIIRS,n,2,308.91,9.13,D,0
19.00558,77.5317,341.26,0.63,0.54,2023-01-09,838,N,VIIRS,n,2,306.35,6.04,D,0
18.59489,74.11529,333.58,0.57,0.43,2023-01-09,838,N,VIIRS,n,2,303.9,3.9,D,0
18.44897,73.17,333.67,0.5,0.41,2023-01-09,838,N,VIIRS,l,2,306.97,5.09,D,0
18.48919,73.47884,331.9,0.52,0.42,2023-01-09,838,N,VIIRS,n,2,302.43,4.27,D,0
18.55252,74.1999,345.7,0.38,0.44,2023-01-09,838,N,VIIRS,n,2,306.87,7.78,D,0
18.48798,73.81087,334.58,0.55,0.42,2023-01-09,838,N,VIIRS,n,2,303.8,3.55,D,0
19.1419,79.74192,335.98,0.44,0.62,2023-01-09,838,N,VIIRS,n,2,303.84,3.21,D,0
19.0074,78.74858,341.94,0.38,0.59,2023-01-09,838,N,VIIRS,n,2,302.25,2.96,D,0
19.00194,78.74911,336.0,0.38,0.59,2023-01-09,838,N,VIIRS,n,2,303.53,2.96,D,0
18.4567,74.09776,333.11,0.57,0.43,2023-01-09,838,N,VIIRS,n,2,305.91,3.44,D,0
18.33655,73.19288,333.97,0.5,0.41,2023-01-09,838,N,VIIRS,l,2,306.56,6.09,D,0
18.96617,78.72252,333.9,0.38,0.59,2023-01-09,838,N,VIIRS,n,2,303.34,3.0,D,0
18.31767,73.25512,343.99,0.51,0.41,2023-01-09,838,N,VIIRS,n,2,309.36,5.79,D,0
18.27897,73.27829,333.95,0.51,0.41,2023-01-09,838,N,VIIRS,l,2,307.15,5.59,D,0
18.26831,73.34406,345.01,0.51,0.41,2023-01-09,838,N,VIIRS,n,2,310.94,7.75,D,0
18.21407,73.16515,337.25,0.5,0.41,2023-01-09,838,N,VIIRS,n,2,308.39,4.35,D,0
18.40076,74.74547,342.15,0.41,0.45,2023-01-09,838,N,VIIRS,n,2,307.53,2.93,D,0
18.81041,78.62943,346.93,0.37,0.58,2023-01-09,838,N,VIIRS,n,2,301.9,3.51,D,0
18.81079,78.63302,334.32,0.37,0.58,2023-01-09,838,N,VIIRS,n,2,302.37,3.51,D,0
19.12811,81.90441,340.62,0.61,0.71,2023-01-09,838,N,VIIRS,n,2,303.0,5.86,D,0
18.80538,78.63356,340.07,0.37,0.58,2023-01-09,838,N,VIIRS,n,2,302.92,3.34,D,0
18.28533,74.24731,341.83,0.38,0.43,2023-01-09,838,N,VIIRS,n,2,308.45,6.51,D,0
18.88803,79.97204,331.58,0.45,0.63,2023-01-09,838,N,VIIRS,n,2,303.12,3.45,D,0
18.88845,79.97642,336.14,0.46,0.63,2023-01-09,838,N,VIIRS,n,2,303.82,3.45,D,0
19.0711,82.26838,338.04,0.64,0.72,2023-01-09,838,N,VIIRS,n,2,302.19,12.29,D,0
18.38605,75.48579,340.15,0.46,0.47,2023-01-09,838,N,VIIRS,n,2,307.77,3.57,D,0
18.25163,74.50538,342.63,0.4,0.44,2023-01-09,838,N,VIIRS,n,2,311.1,44.36,D,0
18.18175,74.03594,341.09,0.56,0.43,2023-01-09,838,N,VIIRS,n,2,309.87,8.35,D,0
18.25246,74.50578,341.85,0.4,0.44,2023-01-09,838,N,VIIRS,n,2,308.09,37.14,D,0
18.17966,74.03901,338.0,0.56,0.43,2023-01-09,838,N,VIIRS,l,2,312.19,8.25,D,0
19.06946,82.2717,349.99,0.64,0.72,2023-01-09,838,N,VIIRS,n,2,306.21,8.06,D,0
18.46941,76.68587,338.52,0.55,0.51,2023-01-09,838,N,VIIRS,n,2,306.46,4.08,D,0
18.74561,79.35307,332.31,0.41,0.61,2023-01-09,838,N,VIIRS,n,2,304.99,2.41,D,0
18.0356,73.35765,333.65,0.51,0.41,2023-01-09,838,N,VIIRS,l,2,307.92,4.64,D,0
18.1601,74.68934,341.22,0.41,0.45,2023-01-09,838,N,VIIRS,n,2,305.29,4.3,D,0
18.21864,75.36173,338.26,0.45,0.47,2023-01-09,838,N,VIIRS,n,2,307.24,3.23,D,0
17.8741,73.09357,347.49,0.49,0.4,2023-01-09,838,N,VIIRS,n,2,305.24,14.68,D,0
18.02977,74.44509,341.14,0.39,0.44,2023-01-09,838,N,VIIRS,n,2,305.23,4.98,D,0
22.09786,72.54313,338.7,0.51,0.41,2023-01-09,839,N,VIIRS,n,2,304.51,5.85,D,0
22.43736,76.54675,340.73,0.6,0.53,2023-01-09,839,N,VIIRS,n,2,304.37,6.74,D,0
21.68638,70.26305,332.9,0.41,0.37,2023-01-09,839,N,VIIRS,n,2,302.5,2.69,D,0
21.3956,71.26554,337.14,0.44,0.38,2023-01-09,839,N,VIIRS,n,2,308.87,3.05,D,0
21.68252,72.53294,330.97,0.51,0.41,2023-01-09,839,N,VIIRS,l,2,305.61,5.06,D,0
22.37422,77.59762,330.63,0.35,0.57,2023-01-09,839,N,VIIRS,n,2,299.36,1.48,D,0
22.43585,76.54746,341.37,0.6,0.53,2023-01-09,839,N,VIIRS,n,2,305.27,5.3,D,0
21.4434,71.62617,334.17,0.46,0.39,2023-01-09,839,N,VIIRS,n,2,305.7,2.96,D,0
23.08697,77.70374,336.0,0.36,0.58,2023-01-09,839,N,VIIRS,n,2,304.5,5.1,D,0
22.3564,69.75406,330.05,0.4,0.37,2023-01-09,839,N,VIIRS,n,2,302.95,2.7,D,0
23.04439,72.48121,334.27,0.52,0.42,2023-01-09,839,N,VIIRS,n,2,301.87,3.13,D,0
23.11042,71.58093,332.19,0.47,0.4,2023-01-09,839,N,VIIRS,n,2,302.66,2.32,D,0
24.08167,79.17305,367.0,0.46,0.64,2023-01-09,839,N,VIIRS,h,2,304.05,16.02,D,0
24.54586,77.89267,326.27,0.39,0.59,2023-01-09,839,N,VIIRS,n,2,299.34,1.71,D,0
24.72128,74.3905,333.58,0.47,0.48,2023-01-09,839,N,VIIRS,n,2,297.71,2.37,D,0
24.8305,74.20872,330.52,0.46,0.47,2023-01-09,839,N,VIIRS,n,2,301.84,3.92,D,0
25.37592,76.95881,334.69,0.35,0.56,2023-01-09,839,N,VIIRS,n,2,302.37,3.34,D,0
25.38116,76.95825,346.21,0.35,0.56,2023-01-09,839,N,VIIRS,n,2,301.01,3.34,D,0
22.84585,77.54127,329.51,0.35,0.57,2023-01-09,839,N,VIIRS,n,2,298.47,3.35,D,0
22.84464,77.53992,343.63,0.35,0.57,2023-01-09,839,N,VIIRS,n,2,299.79,6.86,D,0
22.84659,77.54882,334.34,0.35,0.57,2023-01-09,839,N,VIIRS,n,2,301.25,2.83,D,0
22.85056,77.54632,338.69,0.35,0.57,2023-01-09,839,N,VIIRS,n,2,299.86,2.32,D,0
23.07284,79.23415,331.24,0.45,0.63,2023-01-09,839,N,VIIRS,n,2,299.12,2.8,D,0
22.94849,77.56392,331.53,0.35,0.57,2023-01-09,839,N,VIIRS,n,2,302.21,1.44,D,0
22.94759,77.56497,328.83,0.35,0.57,2023-01-09,839,N,VIIRS,n,2,303.3,1.72,D,0
22.07674,69.79582,337.12,0.4,0.37,2023-01-09,839,N,VIIRS,n,2,308.58,4.38,D,0
22.8406,77.54218,333.31,0.35,0.57,2023-01-09,839,N,VIIRS,n,2,303.1,3.35,D,0
22.87251,79.28717,338.15,0.46,0.63,2023-01-09,839,N,VIIRS,n,2,300.52,3.45,D,0
27.05531,82.37431,327.96,0.77,0.77,2023-01-09,840,N,VIIRS,n,2,286.51,6.29,D,0
25.77055,78.46754,325.75,0.43,0.62,2023-01-09,840,N,VIIRS,n,2,295.56,1.88,D,0
25.75168,72.87402,333.64,0.39,0.44,2023-01-09,840,N,VIIRS,n,2,302.86,1.81,D,0
26.94221,75.00178,339.7,0.55,0.51,2023-01-09,840,N,VIIRS,n,2,297.27,4.94,D,0
26.94341,75.00076,330.46,0.55,0.51,2023-01-09,840,N,VIIRS,n,2,296.96,1.87,D,0
28.04546,80.34399,326.38,0.59,0.7,2023-01-09,840,N,VIIRS,n,2,288.79,2.56,D,0
28.99248,79.68388,341.5,0.55,0.68,2023-01-09,840,N,VIIRS,n,2,289.92,4.83,D,0
29.28841,79.2134,328.9,0.52,0.67,2023-01-09,840,N,VIIRS,n,2,288.37,3.88,D,0
29.96058,80.17352,328.65,0.6,0.71,2023-01-09,841,N,VIIRS,n,2,297.54,6.46,D,0
29.95239,80.50116,336.82,0.63,0.72,2023-01-09,841,N,VIIRS,n,2,292.64,12.18,D,0
29.95041,80.50426,341.95,0.63,0.72,2023-01-09,841,N,VIIRS,n,2,295.83,8.74,D,0
29.2921,79.21461,330.6,0.52,0.67,2023-01-09,841,N,VIIRS,n,2,288.35,4.14,D,0
27.31717,95.26465,327.4,0.38,0.36,2023-01-09,1924,N,VIIRS,n,2,285.92,3.1,N,0
27.55713,96.03796,310.29,0.39,0.36,2023-01-09,1924,N,VIIRS,n,2,283.17,0.87,N,2
28.63,96.02448,307.69,0.39,0.36,2023-01-09,1924,N,VIIRS,n,2,275.86,0.76,N,0
27.46827,95.42096,298.26,0.39,0.36,2023-01-09,1924,N,VIIRS,n,2,284.35,0.41,N,2
27.34009,95.48021,295.69,0.39,0.36,2023-01-09,1924,N,VIIRS,n,2,283.76,0.4,N,0
27.32523,95.27824,295.62,0.38,0.36,2023-01-09,1924,N,VIIRS,n,2,284.21,0.09,N,0
26.81069,94.69535,295.62,0.38,0.36,2023-01-09,1925,N,VIIRS,n,2,284.19,0.33,N,2
26.08634,93.95071,296.42,0.39,0.36,2023-01-09,1925,N,VIIRS,n,2,286.01,0.28,N,0
25.40193,94.12898,305.11,0.38,0.36,2023-01-09,1925,N,VIIRS,n,2,277.83,0.79,N,0
26.84701,95.50745,296.16,0.39,0.36,2023-01-09,1925,N,VIIRS,n,2,278.25,0.23,N,0
27.37525,92.19185,297.41,0.43,0.38,2023-01-09,1925,N,VIIRS,n,2,275.2,1.78,N,0
27.37589,92.19415,309.96,0.43,0.38,2023-01-09,1925,N,VIIRS,n,2,276.83,1.42,N,0
27.38751,92.2397,300.1,0.43,0.38,2023-01-09,1925,N,VIIRS,n,2,276.39,0.71,N,0
23.78378,86.3931,305.46,0.53,0.5,2023-01-09,1926,N,VIIRS,n,2,288.94,1.63,N,2
24.13991,82.70026,297.18,0.45,0.63,2023-01-09,1926,N,VIIRS,n,2,284.49,0.57,N,0
23.79647,86.23431,297.61,0.54,0.51,2023-01-09,1926,N,VIIRS,n,2,286.3,1.1,N,2
23.78895,86.30312,296.21,0.53,0.5,2023-01-09,1926,N,VIIRS,n,2,285.46,1.15,N,2
23.78838,86.30837,297.41,0.53,0.5,2023-01-09,1926,N,VIIRS,n,2,287.12,1.15,N,2
23.78549,86.33474,314.58,0.53,0.5,2023-01-09,1926,N,VIIRS,n,2,291.59,2.59,N,2
23.78146,86.37151,304.4,0.53,0.5,2023-01-09,1926,N,VIIRS,n,2,288.48,1.92,N,2
23.77972,86.38731,303.23,0.53,0.5,2023-01-09,1926,N,VIIRS,n,2,288.48,1.94,N,2
23.77915,86.39247,315.91,0.53,0.5,2023-01-09,1926,N,VIIRS,n,2,291.8,1.94,N,2
23.77969,86.34461,302.28,0.53,0.5,2023-01-09,1926,N,VIIRS,n,2,287.49,1.86,N,2
23.77509,86.38663,315.67,0.53,0.5,2023-01-09,1926,N,VIIRS,n,2,290.4,1.94,N,2
23.77452,86.39181,304.84,0.53,0.5,2023-01-09,1926,N,VIIRS,n,2,291.42,1.94,N,2
23.73469,86.75096,308.89,0.5,0.49,2023-01-09,1926,N,VIIRS,n,2,287.06,1.08,N,0
23.69547,87.09719,298.04,0.47,0.48,2023-01-09,1926,N,VIIRS,n,2,285.24,1.47,N,0
23.6944,87.10653,301.58,0.47,0.48,2023-01-09,1926,N,VIIRS,n,2,286.62,1.31,N,2
23.69387,87.11118,305.65,0.47,0.48,2023-01-09,1926,N,VIIRS,n,2,286.73,1.31,N,2
23.6928,87.12048,316.29,0.47,0.48,2023-01-09,1926,N,VIIRS,n,2,289.34,1.87,N,2
23.69226,87.12517,296.49,0.47,0.48,2023-01-09,1926,N,VIIRS,n,2,285.72,1.14,N,2
23.77046,86.38596,299.71,0.53,0.5,2023-01-09,1926,N,VIIRS,n,2,288.64,1.84,N,2
23.76989,86.39114,307.16,0.53,0.5,2023-01-09,1926,N,VIIRS,n,2,292.93,1.84,N,2
23.69104,87.09659,301.14,0.47,0.48,2023-01-09,1926,N,VIIRS,n,2,287.36,2.1,N,2
23.68839,87.11986,310.19,0.47,0.48,2023-01-09,1926,N,VIIRS,n,2,287.85,1.77,N,2
24.13349,82.56441,295.18,0.46,0.64,2023-01-09,1926,N,VIIRS,n,2,283.63,0.58,N,0
23.78527,86.20596,302.14,0.54,0.51,2023-01-09,1926,N,VIIRS,n,2,286.49,1.86,N,0
23.76696,86.37492,303.69,0.53,0.5,2023-01-09,1926,N,VIIRS,n,2,287.5,2.26,N,0
23.76526,86.3905,311.12,0.53,0.5,2023-01-09,1926,N,VIIRS,n,2,291.51,1.84,N,2
23.78059,86.20526,321.15,0.54,0.51,2023-01-09,1926,N,VIIRS,n,2,291.51,3.04,N,2
23.75949,86.40029,320.58,0.52,0.5,2023-01-09,1926,N,VIIRS,n,2,289.9,1.95,N,2
23.76006,86.39505,306.6,0.52,0.5,2023-01-09,1926,N,VIIRS,n,2,290.01,1.95,N,2
23.75891,86.40558,297.95,0.52,0.5,2023-01-09,1926,N,VIIRS,n,2,285.68,1.57,N,2
23.77533,86.20994,297.7,0.54,0.51,2023-01-09,1926,N,VIIRS,n,2,287.64,3.04,N,2
23.75543,86.3944,295.61,0.52,0.5,2023-01-09,1926,N,VIIRS,n,2,285.21,1.95,N,2
23.75315,86.41535,317.12,0.52,0.5,2023-01-09,1926,N,VIIRS,n,2,288.67,3.47,N,2
23.77122,86.20384,296.67,0.54,0.51,2023-01-09,1926,N,VIIRS,n,2,285.92,0.82,N,2
23.74797,86.41986,303.34,0.52,0.5,2023-01-09,1926,N,VIIRS,n,2,287.39,2.19,N,2
23.74279,86.42438,300.31,0.52,0.5,2023-01-09,1926,N,VIIRS,n,2,286.33,2.09,N,2
23.72981,86.50108,305.99,0.52,0.5,2023-01-09,1926,N,VIIRS,n,2,282.57,1.51,N,0
23.73354,86.42313,298.4,0.52,0.5,2023-01-09,1926,N,VIIRS,n,2,285.99,1.4,N,2
23.82509,85.49793,300.84,0.6,0.53,2023-01-09,1926,N,VIIRS,n,2,288.01,2.29,N,2
23.72725,86.43804,300.19,0.52,0.5,2023-01-09,1926,N,VIIRS,n,2,289.34,2.21,N,2
23.72669,86.44323,303.65,0.52,0.5,2023-01-09,1926,N,VIIRS,n,2,287.82,2.09,N,2
23.72152,86.44781,310.65,0.52,0.5,2023-01-09,1926,N,VIIRS,n,2,293.86,2.09,N,2
23.71746,86.44196,308.54,0.52,0.5,2023-01-09,1926,N,VIIRS,n,2,288.46,2.61,N,2
23.66569,86.91975,305.26,0.49,0.48,2023-01-09,1926,N,VIIRS,n,2,286.34,0.99,N,2
23.75975,85.85201,310.63,0.57,0.52,2023-01-09,1926,N,VIIRS,n,2,285.99,3.14,N,2
23.75918,85.85765,300.99,0.57,0.52,2023-01-09,1926,N,VIIRS,n,2,286.15,3.58,N,2
23.69057,86.38552,302.92,0.52,0.5,2023-01-09,1926,N,VIIRS,n,2,287.75,1.16,N,2
23.69002,86.39077,300.06,0.52,0.5,2023-01-09,1926,N,VIIRS,n,2,288.18,1.16,N,2
23.68539,86.39013,317.78,0.52,0.5,2023-01-09,1926,N,VIIRS,n,2,288.78,4.51,N,2
23.63133,86.29614,297.11,0.53,0.5,2023-01-09,1926,N,VIIRS,n,2,284.7,1.16,N,2
23.74186,85.01069,300.87,0.32,0.55,2023-01-09,1926,N,VIIRS,n,2,285.46,0.77,N,2
23.73678,85.01009,310.55,0.32,0.55,2023-01-09,1926,N,VIIRS,n,2,286.42,1.73,N,2
23.73558,85.02263,301.07,0.32,0.55,2023-01-09,1926,N,VIIRS,n,2,285.26,0.61,N,2
23.73052,85.02196,299.95,0.32,0.55,2023-01-09,1926,N,VIIRS,n,2,283.07,0.61,N,2
23.72695,85.00563,331.27,0.32,0.55,2023-01-09,1926,N,VIIRS,n,2,285.97,2.71,N,2
23.48413,87.35375,299.56,0.45,0.47,2023-01-09,1926,N,VIIRS,n,2,285.64,0.8,N,2
23.72158,85.00811,302.23,0.32,0.55,2023-01-09,1926,N,VIIRS,n,2,282.13,0.92,N,2
23.48261,87.35577,299.87,0.45,0.47,2023-01-09,1926,N,VIIRS,n,2,286.36,1.36,N,2
23.48208,87.36022,299.21,0.45,0.47,2023-01-09,1926,N,VIIRS,n,2,289.05,1.28,N,2
23.73181,85.02183,299.49,0.32,0.55,2023-01-09,1926,N,VIIRS,n,2,283.35,0.82,N,2
23.72835,85.00558,334.36,0.32,0.55,2023-01-09,1926,N,VIIRS,n,2,286.1,2.6,N,2
23.72328,85.0049,297.82,0.32,0.55,2023-01-09,1926,N,VIIRS,n,2,281.68,0.68,N,2
23.43818,87.47147,295.55,0.45,0.47,2023-01-09,1926,N,VIIRS,n,2,284.63,0.49,N,0
23.66785,84.99486,304.85,0.32,0.55,2023-01-09,1926,N,VIIRS,n,2,281.38,0.85,N,2
23.66754,84.99798,304.91,0.32,0.55,2023-01-09,1926,N,VIIRS,n,2,283.48,0.85,N,2
23.66216,85.0005,296.86,0.32,0.55,2023-01-09,1926,N,VIIRS,n,2,282.47,0.39,N,2
23.36232,83.22446,299.88,0.41,0.61,2023-01-09,1926,N,VIIRS,n,2,282.41,0.7,N,2
22.87565,86.06384,297.94,0.54,0.51,2023-01-09,1926,N,VIIRS,n,2,286.29,1.31,N,2
22.8575,86.05619,299.0,0.54,0.51,2023-01-09,1926,N,VIIRS,n,2,286.1,0.96,N,2
23.17081,82.33881,296.19,0.47,0.64,2023-01-09,1926,N,VIIRS,n,2,284.33,0.72,N,2
22.79833,86.20747,302.33,0.52,0.5,2023-01-09,1926,N,VIIRS,n,2,288.01,0.88,N,2
22.79481,86.19662,311.15,0.53,0.5,2023-01-09,1926,N,VIIRS,n,2,290.5,1.96,N,3
22.80144,86.09162,304.04,0.53,0.5,2023-01-09,1926,N,VIIRS,n,2,288.1,1.01,N,2
22.79017,86.19599,305.28,0.53,0.5,2023-01-09,1926,N,VIIRS,n,2,291.61,1.96,N,2
22.7896,86.20121,306.46,0.53,0.5,2023-01-09,1926,N,VIIRS,n,2,290.97,1.96,N,2
22.78904,86.20641,302.32,0.52,0.5,2023-01-09,1926,N,VIIRS,n,2,291.27,2.29,N,2
22.78497,86.20061,311.31,0.53,0.5,2023-01-09,1926,N,VIIRS,n,2,290.12,3.36,N,2
22.7844,86.20583,309.98,0.52,0.5,2023-01-09,1926,N,VIIRS,n,2,288.89,2.08,N,2
22.59381,85.90498,300.2,0.55,0.51,2023-01-09,1926,N,VIIRS,n,2,284.49,1.15,N,2
22.5891,85.90439,297.52,0.55,0.51,2023-01-09,1926,N,VIIRS,n,2,285.7,1.15,N,2
22.37832,87.27753,302.5,0.44,0.46,2023-01-09,1926,N,VIIRS,n,2,287.72,1.73,N,2
22.3778,87.28188,311.77,0.44,0.46,2023-01-09,1926,N,VIIRS,n,2,291.18,1.78,N,2
22.36716,87.29806,305.31,0.44,0.46,2023-01-09,1926,N,VIIRS,n,2,289.27,2.87,N,0
22.35959,87.28819,303.37,0.44,0.46,2023-01-09,1926,N,VIIRS,n,2,288.71,1.58,N,2
22.36919,87.01527,297.53,0.46,0.47,2023-01-09,1926,N,VIIRS,n,2,286.49,0.66,N,2
22.36482,87.01464,298.7,0.46,0.47,2023-01-09,1926,N,VIIRS,n,2,287.22,1.28,N,2
22.3643,87.01917,298.31,0.46,0.47,2023-01-09,1926,N,VIIRS,n,2,288.17,1.03,N,2
22.05714,88.12561,305.65,0.39,0.44,2023-01-09,1926,N,VIIRS,n,2,290.86,0.66,N,2
22.05308,88.12503,339.0,0.39,0.44,2023-01-09,1926,N,VIIRS,n,2,296.19,4.0,N,2
22.05356,88.12121,310.09,0.39,0.44,2023-01-09,1926,N,VIIRS,n,2,291.63,1.84,N,2
22.21551,84.87351,304.32,0.63,0.54,2023-01-09,1926,N,VIIRS,n,2,287.46,1.83,N,2
22.21177,84.86053,298.9,0.63,0.54,2023-01-09,1926,N,VIIRS,n,2,288.06,3.32,N,2
22.21048,84.87293,301.02,0.63,0.54,2023-01-09,1926,N,VIIRS,n,2,287.3,1.87,N,2
22.33811,82.64995,311.09,0.44,0.62,2023-01-09,1926,N,VIIRS,n,2,286.69,1.14,N,2
22.32577,82.65708,296.27,0.44,0.62,2023-01-09,1926,N,VIIRS,n,2,285.98,1.32,N,2
22.32421,82.67434,310.73,0.44,0.62,2023-01-09,1926,N,VIIRS,n,2,286.63,1.39,N,2
22.32001,82.59083,303.01,0.44,0.62,2023-01-09,1926,N,VIIRS,n,2,285.89,1.42,N,0
22.31421,82.52356,297.55,0.44,0.63,2023-01-09,1926,N,VIIRS,n,2,286.97,1.1,N,2
21.93214,85.21819,296.89,0.59,0.53,2023-01-09,1926,N,VIIRS,n,2,283.11,1.15,N,2
21.93155,85.22384,295.08,0.59,0.53,2023-01-09,1926,N,VIIRS,n,2,282.44,1.15,N,2
22.05963,83.72466,302.86,0.37,0.58,2023-01-09,1926,N,VIIRS,n,2,286.67,1.42,N,2
22.04208,83.73734,296.29,0.37,0.58,2023-01-09,1926,N,VIIRS,n,2,285.5,0.62,N,0
22.05791,83.72413,310.33,0.37,0.58,2023-01-09,1926,N,VIIRS,n,2,287.06,1.46,N,2
22.04026,83.7369,295.42,0.37,0.58,2023-01-09,1926,N,VIIRS,n,2,285.19,1.31,N,0
22.03559,83.72906,298.08,0.37,0.58,2023-01-09,1926,N,VIIRS,n,2,282.08,0.81,N,0
22.03304,83.35709,298.35,0.39,0.59,2023-01-09,1926,N,VIIRS,n,2,285.4,1.3,N,2
22.03269,83.36089,303.37,0.39,0.59,2023-01-09,1926,N,VIIRS,n,2,286.81,0.95,N,2
22.03232,83.36469,296.49,0.39,0.59,2023-01-09,1926,N,VIIRS,n,2,286.2,0.95,N,2
22.00793,83.32694,299.2,0.39,0.59,2023-01-09,1926,N,VIIRS,n,2,284.79,0.94,N,0
21.9829,83.23264,296.58,0.4,0.6,2023-01-09,1926,N,VIIRS,n,2,285.59,1.44,N,2
21.98778,83.36458,296.53,0.39,0.59,2023-01-09,1926,N,VIIRS,n,2,284.6,0.31,N,0
21.98414,83.23026,304.72,0.4,0.6,2023-01-09,1926,N,VIIRS,n,2,287.6,1.77,N,2
21.98337,83.23817,297.55,0.4,0.6,2023-01-09,1926,N,VIIRS,n,2,287.37,1.12,N,0
22.003,82.6654,305.39,0.43,0.62,2023-01-09,1926,N,VIIRS,n,2,286.76,2.05,N,0
22.0026,82.66975,308.38,0.43,0.62,2023-01-09,1926,N,VIIRS,n,2,288.23,1.86,N,2
21.92895,83.3381,315.93,0.39,0.59,2023-01-09,1926,N,VIIRS,n,2,291.37,1.43,N,3
21.92234,83.34905,331.29,0.39,0.59,2023-01-09,1926,N,VIIRS,n,2,295.56,2.38,N,2
21.92343,83.33744,304.18,0.39,0.59,2023-01-09,1926,N,VIIRS,n,2,285.15,1.43,N,2
21.92197,83.3529,307.24,0.39,0.59,2023-01-09,1926,N,VIIRS,n,2,290.42,2.38,N,2
21.91646,83.35223,301.27,0.39,0.59,2023-01-09,1926,N,VIIRS,n,2,287.68,1.25,N,2
22.01672,82.17867,296.02,0.46,0.64,2023-01-09,1926,N,VIIRS,n,2,284.97,0.87,N,0
21.88071,83.55479,301.26,0.38,0.59,2023-01-09,1926,N,VIIRS,n,2,285.55,0.78,N,2
21.87545,83.49341,301.0,0.38,0.59,2023-01-09,1926,N,VIIRS,n,2,285.95,0.75,N,2
21.8224,83.99529,300.3,0.35,0.57,2023-01-09,1926,N,VIIRS,n,2,287.1,1.04,N,0
21.87486,83.49512,300.59,0.38,0.59,2023-01-09,1926,N,VIIRS,n,2,286.34,0.89,N,2
21.82369,83.99655,300.69,0.35,0.57,2023-01-09,1926,N,VIIRS,n,2,287.05,0.84,N,0
21.98456,81.83087,297.09,0.49,0.65,2023-01-09,1926,N,VIIRS,n,2,283.65,0.67,N,0
21.76802,84.0181,314.22,0.35,0.57,2023-01-09,1926,N,VIIRS,n,2,291.51,1.68,N,2
21.76275,84.01746,309.07,0.35,0.57,2023-01-09,1926,N,VIIRS,n,2,290.92,1.68,N,2
21.75678,84.02378,320.57,0.35,0.57,2023-01-09,1926,N,VIIRS,n,2,290.67,2.2,N,2
21.75713,84.02029,307.85,0.35,0.57,2023-01-09,1926,N,VIIRS,n,2,289.39,2.8,N,2
21.76381,83.84377,296.58,0.36,0.57,2023-01-09,1926,N,VIIRS,n,2,286.08,1.3,N,2
21.75847,83.84314,333.99,0.36,0.57,2023-01-09,1926,N,VIIRS,n,2,291.02,1.3,N,2
21.75881,83.83961,297.58,0.36,0.57,2023-01-09,1926,N,VIIRS,n,2,285.38,1.3,N,2
21.75552,83.81794,302.1,0.36,0.58,2023-01-09,1926,N,VIIRS,n,2,286.96,0.91,N,0
21.75347,83.83905,303.26,0.36,0.57,2023-01-09,1926,N,VIIRS,n,2,286.19,1.45,N,2
21.68105,84.03921,312.65,0.35,0.57,2023-01-09,1926,N,VIIRS,n,2,290.69,1.35,N,2
21.67578,84.03862,298.31,0.35,0.57,2023-01-09,1926,N,VIIRS,n,2,286.41,1.35,N,2
21.67424,82.07996,306.72,0.47,0.64,2023-01-09,1926,N,VIIRS,n,2,289.89,1.48,N,2
21.67162,82.07798,298.03,0.47,0.64,2023-01-09,1926,N,VIIRS,n,2,287.39,0.86,N,2
21.6712,82.08262,299.02,0.47,0.64,2023-01-09,1926,N,VIIRS,n,2,288.75,0.86,N,2
23.69333,87.11583,301.53,0.47,0.48,2023-01-09,1926,N,VIIRS,n,2,286.62,1.87,N,2
24.11802,86.35065,296.78,0.53,0.5,2023-01-09,1926,N,VIIRS,n,2,284.11,1.06,N,2
23.79935,87.04652,303.47,0.48,0.48,2023-01-09,1926,N,VIIRS,n,2,288.3,2.42,N,2
23.79882,87.0512,300.86,0.48,0.48,2023-01-09,1926,N,VIIRS,n,2,290.41,2.86,N,2
24.20657,82.52168,297.19,0.47,0.64,2023-01-09,1926,N,VIIRS,n,2,280.32,1.36,N,0
24.19011,82.57722,312.46,0.46,0.64,2023-01-09,1926,N,VIIRS,n,2,284.65,1.53,N,2
24.18416,82.57689,295.14,0.46,0.64,2023-01-09,1926,N,VIIRS,n,2,282.54,0.53,N,2
24.17344,82.56113,296.09,0.46,0.64,2023-01-09,1926,N,VIIRS,n,2,284.99,1.72,N,0
24.16424,82.67696,303.12,0.46,0.63,2023-01-09,1926,N,VIIRS,n,2,283.22,1.14,N,0
24.16387,82.6816,309.64,0.46,0.63,2023-01-09,1926,N,VIIRS,n,2,283.5,1.14,N,0
24.16747,82.56094,323.38,0.46,0.64,2023-01-09,1926,N,VIIRS,n,2,285.34,1.72,N,2
24.15024,82.70357,312.39,0.45,0.63,2023-01-09,1926,N,VIIRS,n,2,284.9,0.91,N,0
24.14436,82.70285,295.87,0.45,0.63,2023-01-09,1926,N,VIIRS,n,2,283.25,0.91,N,0
24.13849,82.70197,295.52,0.45,0.63,2023-01-09,1926,N,VIIRS,n,2,283.63,0.41,N,0
23.80911,86.31796,303.05,0.53,0.5,2023-01-09,1926,N,VIIRS,n,2,291.52,4.14,N,2
23.80334,86.32804,318.62,0.53,0.5,2023-01-09,1926,N,VIIRS,n,2,291.12,5.16,N,2
23.79707,86.34307,298.48,0.53,0.5,2023-01-09,1926,N,VIIRS,n,2,288.48,3.78,N,2
23.79598,86.35363,312.38,0.53,0.5,2023-01-09,1926,N,VIIRS,n,2,288.58,1.77,N,2
23.79132,86.35302,310.88,0.53,0.5,2023-01-09,1926,N,VIIRS,n,2,288.07,1.77,N,2
23.68484,86.39543,301.11,0.52,0.5,2023-01-09,1926,N,VIIRS,n,2,285.69,1.16,N,2
23.68021,86.39478,299.76,0.52,0.5,2023-01-09,1926,N,VIIRS,n,2,288.17,1.16,N,2
23.67968,86.39996,301.98,0.52,0.5,2023-01-09,1926,N,VIIRS,n,2,287.59,1.16,N,2
23.76016,85.85575,313.78,0.57,0.52,2023-01-09,1926,N,VIIRS,n,2,287.22,2.23,N,2
23.75536,85.85516,302.73,0.57,0.52,2023-01-09,1926,N,VIIRS,n,2,287.72,2.23,N,2
23.69192,86.38862,297.92,0.52,0.5,2023-01-09,1926,N,VIIRS,n,2,287.69,1.72,N,2
23.60478,87.15273,297.66,0.47,0.48,2023-01-09,1926,N,VIIRS,n,2,286.21,0.96,N,2
23.6873,86.38797,309.51,0.52,0.5,2023-01-09,1926,N,VIIRS,n,2,288.96,1.72,N,2
23.6867,86.3933,316.05,0.52,0.5,2023-01-09,1926,N,VIIRS,n,2,288.13,1.72,N,2
23.68208,86.39261,307.57,0.52,0.5,2023-01-09,1926,N,VIIRS,n,2,288.88,2.79,N,2
23.67688,86.39718,297.54,0.52,0.5,2023-01-09,1926,N,VIIRS,n,2,287.08,2.62,N,2
23.69754,86.07747,327.22,0.55,0.51,2023-01-09,1926,N,VIIRS,n,2,282.45,2.58,N,2
23.69813,86.07205,311.74,0.55,0.51,2023-01-09,1926,N,VIIRS,n,2,282.56,3.49,N,2
23.61484,86.78765,310.62,0.49,0.49,2023-01-09,1926,N,VIIRS,n,2,289.55,2.35,N,2
23.55901,87.23992,334.9,0.46,0.47,2023-01-09,1926,N,VIIRS,n,2,286.86,2.94,N,2
23.68277,86.08118,327.21,0.55,0.51,2023-01-09,1926,N,VIIRS,n,2,286.47,2.77,N,2
23.74326,85.50397,301.27,0.6,0.53,2023-01-09,1926,N,VIIRS,n,2,281.94,1.52,N,2
23.68219,86.08663,300.5,0.55,0.51,2023-01-09,1926,N,VIIRS,n,2,285.24,1.85,N,2
23.68161,86.09205,310.56,0.55,0.51,2023-01-09,1926,N,VIIRS,n,2,287.73,1.85,N,2
23.55411,87.2439,302.0,0.46,0.47,2023-01-09,1926,N,VIIRS,n,2,288.77,2.94,N,3
23.67746,86.08606,316.33,0.55,0.51,2023-01-09,1926,N,VIIRS,n,2,288.65,2.38,N,2
23.54974,87.24328,302.22,0.46,0.47,2023-01-09,1926,N,VIIRS,n,2,287.18,1.06,N,3
23.56266,87.09026,296.03,0.47,0.48,2023-01-09,1926,N,VIIRS,n,2,285.43,0.36,N,2
23.66743,86.09032,295.86,0.55,0.51,2023-01-09,1926,N,VIIRS,n,2,284.61,0.85,N,2
23.7897,86.36878,300.36,0.53,0.5,2023-01-09,1926,N,VIIRS,n,2,287.19,1.09,N,2
24.16544,82.67983,325.08,0.46,0.63,2023-01-09,1926,N,VIIRS,n,2,285.4,2.1,N,0
23.80644,86.31612,304.65,0.53,0.5,2023-01-09,1926,N,VIIRS,n,2,291.22,3.26,N,2
23.80526,86.32678,316.85,0.53,0.5,2023-01-09,1926,N,VIIRS,n,2,292.39,2.33,N,2
23.80467,86.3321,298.36,0.53,0.5,2023-01-09,1926,N,VIIRS,n,2,286.59,2.33,N,2
24.16988,82.5589,321.45,0.46,0.64,2023-01-09,1926,N,VIIRS,n,2,287.18,1.82,N,2
24.16944,82.56413,299.92,0.46,0.64,2023-01-09,1926,N,VIIRS,n,2,282.66,1.82,N,2
23.79886,86.3419,300.41,0.53,0.5,2023-01-09,1926,N,VIIRS,n,2,289.29,1.24,N,0
23.79305,86.35178,323.0,0.53,0.5,2023-01-09,1926,N,VIIRS,n,2,291.0,4.37,N,2
24.14538,82.7057,301.64,0.45,0.63,2023-01-09,1926,N,VIIRS,n,2,283.28,1.14,N,0
21.48527,81.76668,300.99,0.49,0.65,2023-01-09,1927,N,VIIRS,n,2,286.75,0.58,N,2
20.99949,86.01231,309.32,0.51,0.5,2023-01-09,1927,N,VIIRS,n,2,288.02,1.84,N,0
21.07749,85.03233,302.18,0.59,0.53,2023-01-09,1927,N,VIIRS,n,2,287.76,1.93,N,2
21.07688,85.03809,310.72,0.59,0.53,2023-01-09,1927,N,VIIRS,n,2,289.78,2.07,N,2
21.07627,85.04391,301.4,0.59,0.53,2023-01-09,1927,N,VIIRS,n,2,287.66,2.07,N,2
20.97254,86.0036,307.77,0.51,0.5,2023-01-09,1927,N,VIIRS,n,2,291.86,1.68,N,2
21.3903,81.64692,298.63,0.49,0.65,2023-01-09,1927,N,VIIRS,n,2,286.65,1.57,N,2
20.96685,86.01295,299.86,0.51,0.5,2023-01-09,1927,N,VIIRS,n,2,289.58,1.18,N,2
21.38338,81.65609,296.12,0.49,0.65,2023-01-09,1927,N,VIIRS,n,2,286.12,1.17,N,2
21.38135,81.68063,296.0,0.49,0.65,2023-01-09,1927,N,VIIRS,n,2,285.85,0.8,N,0
20.95384,86.04654,301.79,0.51,0.49,2023-01-09,1927,N,VIIRS,n,2,289.72,1.78,N,0
20.97335,86.00239,301.66,0.51,0.5,2023-01-09,1927,N,VIIRS,n,2,290.34,1.98,N,2
21.07999,85.03806,307.81,0.59,0.53,2023-01-09,1927,N,VIIRS,n,2,289.33,2.55,N,2
20.9629,86.05132,302.51,0.51,0.49,2023-01-09,1927,N,VIIRS,n,2,288.49,1.01,N,2
21.07444,85.0433,300.59,0.59,0.53,2023-01-09,1927,N,VIIRS,n,2,287.09,1.5,N,2
20.94919,86.04948,310.37,0.51,0.49,2023-01-09,1927,N,VIIRS,n,2,290.12,1.79,N,2
20.94405,86.05373,307.65,0.51,0.49,2023-01-09,1927,N,VIIRS,n,2,289.78,1.48,N,2
20.94348,86.05861,307.9,0.51,0.49,2023-01-09,1927,N,VIIRS,n,2,289.73,1.48,N,2
20.83515,86.96062,312.18,0.44,0.46,2023-01-09,1927,N,VIIRS,n,2,290.04,2.26,N,0
20.83463,86.9649,319.48,0.44,0.46,2023-01-09,1927,N,VIIRS,n,2,292.39,2.24,N,0
20.93891,86.05802,298.2,0.51,0.49,2023-01-09,1927,N,VIIRS,n,2,287.45,0.76,N,2
20.83085,86.96002,302.67,0.44,0.46,2023-01-09,1927,N,VIIRS,n,2,288.66,0.92,N,0
21.39028,81.64629,302.23,0.49,0.65,2023-01-09,1927,N,VIIRS,n,2,287.6,1.09,N,2
21.3833,81.65546,298.78,0.49,0.65,2023-01-09,1927,N,VIIRS,n,2,287.16,0.96,N,2
21.38111,81.67995,300.18,0.49,0.65,2023-01-09,1927,N,VIIRS,n,2,286.59,1.33,N,2
21.37852,81.64011,303.04,0.49,0.65,2023-01-09,1927,N,VIIRS,n,2,288.59,1.36,N,2
21.37502,81.67937,307.26,0.49,0.65,2023-01-09,1927,N,VIIRS,n,2,288.84,1.33,N,2
20.92235,86.04079,300.3,0.51,0.49,2023-01-09,1927,N,VIIRS,n,2,288.65,1.05,N,0
21.36588,81.64378,300.57,0.49,0.65,2023-01-09,1927,N,VIIRS,n,2,287.17,1.94,N,0
21.36241,81.68306,297.7,0.49,0.65,2023-01-09,1927,N,VIIRS,n,2,287.48,1.43,N,0
20.97903,85.14716,301.63,0.58,0.52,2023-01-09,1927,N,VIIRS,n,2,287.45,1.25,N,2
20.97417,85.14658,301.78,0.58,0.52,2023-01-09,1927,N,VIIRS,n,2,289.28,1.38,N,2
20.97175,85.1692,313.29,0.58,0.52,2023-01-09,1927,N,VIIRS,n,2,290.85,2.2,N,2
21.30907,81.58821,300.6,0.5,0.66,2023-01-09,1927,N,VIIRS,n,2,285.3,0.89,N,2
20.96931,85.14597,304.21,0.58,0.52,2023-01-09,1927,N,VIIRS,n,2,287.91,1.38,N,2
20.96689,85.16864,307.42,0.58,0.52,2023-01-09,1927,N,VIIRS,n,2,289.44,2.2,N,2
20.96628,85.17432,309.69,0.58,0.52,2023-01-09,1927,N,VIIRS,n,2,290.22,2.2,N,2
20.96568,85.17999,313.42,0.58,0.52,2023-01-09,1927,N,VIIRS,n,2,289.83,3.0,N,2
20.96449,85.19112,303.48,0.58,0.52,2023-01-09,1927,N,VIIRS,n,2,290.08,1.5,N,2
20.96143,85.17374,327.41,0.58,0.52,2023-01-09,1927,N,VIIRS,n,2,291.98,3.51,N,2
20.96204,85.16807,304.98,0.58,0.52,2023-01-09,1927,N,VIIRS,n,2,290.27,3.51,N,2
20.96083,85.17938,304.14,0.58,0.52,2023-01-09,1927,N,VIIRS,n,2,290.92,2.06,N,2
20.96024,85.18499,303.9,0.58,0.52,2023-01-09,1927,N,VIIRS,n,2,290.97,2.06,N,2
20.96304,85.17134,326.81,0.58,0.52,2023-01-09,1927,N,VIIRS,n,2,292.68,5.06,N,2
20.96239,85.17699,325.66,0.58,0.52,2023-01-09,1927,N,VIIRS,n,2,292.52,5.06,N,2
20.96176,85.18259,302.49,0.58,0.52,2023-01-09,1927,N,VIIRS,n,2,290.5,2.37,N,2
20.96112,85.18818,307.17,0.58,0.52,2023-01-09,1927,N,VIIRS,n,2,290.5,2.37,N,2
20.96527,85.10841,299.26,0.58,0.52,2023-01-09,1927,N,VIIRS,n,2,288.07,0.74,N,0
20.96269,85.13114,297.25,0.58,0.52,2023-01-09,1927,N,VIIRS,n,2,287.22,1.15,N,0
20.95656,85.14174,297.54,0.58,0.52,2023-01-09,1927,N,VIIRS,n,2,287.27,1.24,N,0
21.30848,81.58884,302.38,0.5,0.66,2023-01-09,1927,N,VIIRS,n,2,285.59,0.8,N,2
20.88501,84.98254,304.77,0.59,0.53,2023-01-09,1927,N,VIIRS,n,2,290.25,2.21,N,2
21.19489,81.39651,309.29,0.51,0.66,2023-01-09,1927,N,VIIRS,n,2,289.0,1.54,N,2
21.19607,81.3963,313.58,0.51,0.66,2023-01-09,1927,N,VIIRS,n,2,290.31,1.61,N,2
20.80768,85.25811,310.18,0.57,0.52,2023-01-09,1927,N,VIIRS,n,2,290.48,1.47,N,2
21.19033,81.39065,301.1,0.51,0.66,2023-01-09,1927,N,VIIRS,n,2,290.32,1.61,N,2
20.80287,85.25755,302.66,0.57,0.52,2023-01-09,1927,N,VIIRS,n,2,288.01,1.47,N,2
21.1846,81.38496,305.04,0.51,0.66,2023-01-09,1927,N,VIIRS,n,2,292.38,2.21,N,3
20.79805,85.257,298.73,0.57,0.52,2023-01-09,1927,N,VIIRS,n,2,288.08,2.14,N,2
20.79386,85.25086,325.36,0.57,0.52,2023-01-09,1927,N,VIIRS,n,2,287.34,4.13,N,2
21.17842,81.38434,316.8,0.51,0.66,2023-01-09,1927,N,VIIRS,n,2,289.61,2.21,N,2
20.79325,85.25637,306.49,0.57,0.52,2023-01-09,1927,N,VIIRS,n,2,289.48,2.14,N,2
20.78783,85.26119,307.07,0.57,0.52,2023-01-09,1927,N,VIIRS,n,2,291.58,3.52,N,2
20.78722,85.2667,304.79,0.57,0.52,2023-01-09,1927,N,VIIRS,n,2,289.18,1.36,N,2
20.76017,85.29127,304.64,0.57,0.52,2023-01-09,1927,N,VIIRS,n,2,287.43,1.83,N,0
21.26415,79.1915,299.84,0.71,0.75,2023-01-09,1927,N,VIIRS,n,2,286.42,2.09,N,0
20.5761,85.74799,298.44,0.53,0.5,2023-01-09,1927,N,VIIRS,n,2,286.5,0.89,N,0
20.1346,79.01786,300.83,0.7,0.75,2023-01-09,1927,N,VIIRS,n,2,285.67,1.12,N,0
19.9194,79.11149,301.91,0.69,0.74,2023-01-09,1927,N,VIIRS,n,2,287.66,1.17,N,0
18.7337,79.53229,303.9,0.63,0.72,2023-01-09,1927,N,VIIRS,n,2,289.27,1.17,N,0
18.73827,79.52965,299.37,0.63,0.72,2023-01-09,1927,N,VIIRS,n,2,289.16,0.97,N,0
18.72427,79.53449,305.36,0.63,0.72,2023-01-09,1927,N,VIIRS,n,2,290.89,2.39,N,2
17.62133,83.19444,305.77,0.35,0.57,2023-01-09,1928,N,VIIRS,n,2,291.46,0.8,N,2
17.60961,83.20335,319.2,0.35,0.57,2023-01-09,1928,N,VIIRS,n,2,294.01,1.41,N,2
17.6047,83.1993,312.42,0.35,0.57,2023-01-09,1928,N,VIIRS,n,2,292.55,1.77,N,2
17.53659,82.99937,299.84,0.36,0.58,2023-01-09,1928,N,VIIRS,n,2,289.76,0.38,N,0
17.53123,82.99875,302.97,0.36,0.58,2023-01-09,1928,N,VIIRS,n,2,289.32,0.63,N,0
16.36003,81.28144,300.62,0.46,0.63,2023-01-09,1928,N,VIIRS,n,2,290.44,0.23,N,0
31.7436,77.25318,299.97,0.42,0.45,2023-01-09,2104,N,VIIRS,n,2,264.0,0.67,N,0
31.42811,77.37529,297.62,0.43,0.46,2023-01-09,2104,N,VIIRS,n,2,275.85,0.68,N,0
31.25869,77.15785,295.79,0.42,0.45,2023-01-09,2105,N,VIIRS,n,2,278.32,1.05,N,0
31.25768,77.16264,303.49,0.42,0.46,2023-01-09,2105,N,VIIRS,n,2,278.95,1.05,N,0
31.25357,77.1614,309.44,0.42,0.46,2023-01-09,2105,N,VIIRS,n,2,280.15,1.05,N,0
30.94373,77.70754,302.16,0.46,0.47,2023-01-09,2105,N,VIIRS,n,2,276.85,1.58,N,0
29.50179,79.65505,301.84,0.32,0.55,2023-01-09,2105,N,VIIRS,n,2,276.32,0.83,N,0
29.91413,74.94959,306.3,0.52,0.41,2023-01-09,2105,N,VIIRS,n,2,279.26,13.8,N,0
29.91038,74.94863,347.65,0.52,0.41,2023-01-09,2105,N,VIIRS,n,2,284.13,13.8,N,2
29.90933,74.95392,327.11,0.52,0.41,2023-01-09,2105,N,VIIRS,n,2,280.33,13.8,N,2
29.91192,74.94775,335.36,0.52,0.41,2023-01-09,2105,N,VIIRS,n,2,279.29,14.88,N,2
29.9109,74.95304,324.53,0.52,0.41,2023-01-09,2105,N,VIIRS,n,2,283.68,18.19,N,2
29.90816,74.94678,331.92,0.52,0.41,2023-01-09,2105,N,VIIRS,n,2,279.25,6.2,N,2
29.90714,74.95208,334.59,0.52,0.41,2023-01-09,2105,N,VIIRS,n,2,279.89,6.6,N,2
27.07977,73.81706,298.51,0.5,0.41,2023-01-09,2106,N,VIIRS,n,2,286.05,1.02,N,0
27.0801,73.81554,298.83,0.5,0.41,2023-01-09,2106,N,VIIRS,n,2,285.8,0.88,N,0
24.2054,82.52355,296.59,0.62,0.71,2023-01-09,2106,N,VIIRS,n,2,279.51,1.26,N,0
24.16594,80.69345,297.94,0.48,0.65,2023-01-09,2106,N,VIIRS,n,2,280.69,1.15,N,2
24.93257,74.63187,298.21,0.4,0.44,2023-01-09,2106,N,VIIRS,n,2,286.56,1.04,N,2
23.16755,82.33833,304.98,0.64,0.72,2023-01-09,2106,N,VIIRS,n,2,283.94,2.23,N,2
24.66345,74.63134,302.27,0.41,0.45,2023-01-09,2106,N,VIIRS,n,2,288.75,1.09,N,2
24.66266,74.63531,305.15,0.41,0.45,2023-01-09,2106,N,VIIRS,n,2,289.53,1.09,N,2
24.57996,74.80206,299.96,0.42,0.45,2023-01-09,2106,N,VIIRS,n,2,287.1,1.06,N,0
23.11283,70.0863,306.95,0.4,0.37,2023-01-09,2107,N,VIIRS,n,2,290.64,1.07,N,2
24.69156,73.00213,305.58,0.5,0.41,2023-01-09,2107,N,VIIRS,n,2,290.77,1.69,N,2
22.32264,82.66118,298.37,0.69,0.74,2023-01-09,2107,N,VIIRS,n,2,285.02,1.59,N,2
22.03595,83.35931,295.58,0.77,0.78,2023-01-09,2107,N,VIIRS,n,2,284.31,1.43,N,2
21.92541,83.33682,312.01,0.78,0.78,2023-01-09,2107,N,VIIRS,n,2,287.15,3.46,N,2
21.92151,83.35188,310.68,0.78,0.78,2023-01-09,2107,N,VIIRS,n,2,290.14,5.08,N,2
22.00309,82.66929,306.15,0.71,0.75,2023-01-09,2107,N,VIIRS,n,2,287.58,2.22,N,2
21.73409,82.21316,297.16,0.67,0.74,2023-01-09,2107,N,VIIRS,n,2,286.54,1.6,N,0
21.67312,82.0819,305.79,0.66,0.73,2023-01-09,2107,N,VIIRS,n,2,289.03,1.85,N,2
21.67069,82.08175,304.04,0.66,0.73,2023-01-09,2107,N,VIIRS,n,2,286.89,2.09,N,2
21.38122,81.6806,295.47,0.63,0.72,2023-01-09,2107,N,VIIRS,n,2,285.03,1.44,N,2
21.3771,81.64043,301.02,0.63,0.72,2023-01-09,2107,N,VIIRS,n,2,286.52,2.4,N,2
22.97935,72.56442,306.35,0.5,0.41,2023-01-09,2107,N,VIIRS,n,2,290.82,0.62,N,0
23.31478,70.48631,304.21,0.41,0.37,2023-01-09,2107,N,VIIRS,n,2,289.54,1.13,N,2
23.31509,70.48772,308.22,0.41,0.37,2023-01-09,2107,N,VIIRS,n,2,290.62,1.25,N,2
23.26591,70.2811,300.85,0.41,0.37,2023-01-09,2107,N,VIIRS,n,2,290.21,0.55,N,2
23.26587,70.26072,302.26,0.41,0.37,2023-01-09,2107,N,VIIRS,n,2,289.67,0.55,N,2
23.26383,70.25218,315.38,0.41,0.37,2023-01-09,2107,N,VIIRS,n,2,291.03,1.68,N,2
23.42897,68.71174,298.76,0.38,0.36,2023-01-09,2107,N,VIIRS,n,2,288.54,0.84,N,2
23.17114,70.21806,303.32,0.4,0.37,2023-01-09,2107,N,VIIRS,n,2,290.37,0.61,N,2
23.1058,70.19014,302.55,0.4,0.37,2023-01-09,2107,N,VIIRS,n,2,290.33,0.58,N,2
23.12023,70.0837,306.43,0.4,0.37,2023-01-09,2107,N,VIIRS,n,2,288.53,0.66,N,0
21.26917,79.18327,302.43,0.45,0.63,2023-01-09,2107,N,VIIRS,n,2,286.49,1.35,N,0
21.24774,79.2235,298.72,0.45,0.63,2023-01-09,2107,N,VIIRS,n,2,287.23,0.89,N,2
21.26823,79.18544,298.52,0.45,0.63,2023-01-09,2107,N,VIIRS,n,2,285.78,1.56,N,0
21.2394,79.23301,301.05,0.45,0.63,2023-01-09,2107,N,VIIRS,n,2,285.01,1.04,N,0
22.36714,73.11579,310.22,0.55,0.42,2023-01-09,2107,N,VIIRS,n,2,290.75,1.84,N,0
22.36326,73.11495,305.82,0.55,0.42,2023-01-09,2107,N,VIIRS,n,2,289.7,1.84,N,0
22.93948,69.69898,301.77,0.4,0.37,2023-01-09,2107,N,VIIRS,n,2,288.1,0.63,N,2
22.93613,69.69833,301.88,0.4,0.37,2023-01-09,2107,N,VIIRS,n,2,288.48,0.81,N,2
22.93279,69.69769,307.51,0.4,0.37,2023-01-09,2107,N,VIIRS,n,2,289.35,0.81,N,2
22.90872,69.69701,312.99,0.4,0.37,2023-01-09,2107,N,VIIRS,n,2,289.64,0.88,N,2
22.90808,69.70084,300.01,0.4,0.37,2023-01-09,2107,N,VIIRS,n,2,289.47,0.88,N,2
22.34439,69.88239,328.68,0.4,0.37,2023-01-09,2107,N,VIIRS,n,2,292.31,1.87,N,0
22.34505,69.87851,314.16,0.4,0.37,2023-01-09,2107,N,VIIRS,n,2,290.94,1.87,N,0
22.34102,69.88174,311.24,0.4,0.37,2023-01-09,2107,N,VIIRS,n,2,290.13,1.85,N,0
22.33625,69.86877,308.95,0.4,0.37,2023-01-09,2107,N,VIIRS,n,2,296.53,1.68,N,2
22.41689,69.04024,319.77,0.39,0.36,2023-01-09,2107,N,VIIRS,n,2,291.92,1.19,N,2
21.6809,72.53334,308.21,0.52,0.42,2023-01-09,2107,N,VIIRS,n,2,290.08,0.8,N,0
18.68733,73.05009,305.21,0.41,0.45,2023-01-09,2108,N,VIIRS,n,2,290.74,1.53,N,0
18.68687,73.02975,316.13,0.41,0.45,2023-01-09,2108,N,VIIRS,n,2,293.62,2.48,N,2
18.68541,73.03754,304.31,0.41,0.45,2023-01-09,2108,N,VIIRS,n,2,294.09,2.7,N,2
18.6813,73.03667,305.99,0.41,0.45,2023-01-09,2108,N,VIIRS,n,2,293.4,1.7,N,2
17.57832,78.42644,301.99,0.48,0.64,2023-01-09,2108,N,VIIRS,n,2,286.55,0.76,N,0
17.14532,78.22414,299.46,0.47,0.64,2023-01-09,2108,N,VIIRS,n,2,283.78,0.86,N,2
16.56773,77.78542,296.11,0.45,0.63,2023-01-09,2108,N,VIIRS,n,2,284.58,0.36,N,0
16.56807,77.78548,297.02,0.45,0.63,2023-01-09,2108,N,VIIRS,n,2,285.07,0.41,N,0
18.69291,73.04315,304.66,0.41,0.45,2023-01-09,2108,N,VIIRS,n,2,292.89,0.91,N,2
18.11424,78.8875,299.03,0.5,0.66,2023-01-09,2108,N,VIIRS,n,2,284.28,0.71,N,0
18.69364,73.03924,305.01,0.41,0.45,2023-01-09,2108,N,VIIRS,n,2,292.44,0.91,N,2
18.85603,72.92652,303.59,0.4,0.45,2023-01-09,2108,N,VIIRS,n,2,291.21,0.8,N,2
17.17556,80.80013,301.52,0.68,0.74,2023-01-09,2108,N,VIIRS,n,2,288.51,0.69,N,0
18.73516,79.53018,307.0,0.53,0.67,2023-01-09,2108,N,VIIRS,n,2,289.35,1.86,N,0
18.86011,72.92734,314.26,0.4,0.45,2023-01-09,2108,N,VIIRS,n,2,292.99,0.8,N,2
18.59073,74.76231,312.95,0.53,0.5,2023-01-09,2108,N,VIIRS,n,2,283.25,1.71,N,0
19.10069,73.0518,306.76,0.41,0.45,2023-01-09,2108,N,VIIRS,n,2,290.09,0.83,N,2
18.72172,79.53227,301.28,0.53,0.67,2023-01-09,2108,N,VIIRS,n,2,289.75,2.03,N,0
19.93721,73.71104,304.94,0.43,0.46,2023-01-09,2108,N,VIIRS,n,2,284.06,0.6,N,0
19.55977,74.83513,297.69,0.52,0.5,2023-01-09,2108,N,VIIRS,n,2,281.72,0.68,N,0
19.5797,73.39507,298.71,0.42,0.45,2023-01-09,2108,N,VIIRS,n,2,287.03,0.66,N,0
19.55813,73.2054,307.48,0.41,0.45,2023-01-09,2108,N,VIIRS,n,2,285.72,0.89,N,0
19.78521,79.14633,302.56,0.48,0.65,2023-01-09,2108,N,VIIRS,n,2,287.77,1.29,N,2
21.11082,72.62964,320.84,0.54,0.42,2023-01-09,2108,N,VIIRS,n,2,291.83,2.85,N,2
21.10986,72.63477,316.13,0.54,0.42,2023-01-09,2108,N,VIIRS,n,2,296.01,2.85,N,2
21.10793,72.64507,316.42,0.54,0.42,2023-01-09,2108,N,VIIRS,n,2,294.0,2.26,N,2
21.10697,72.62881,328.74,0.54,0.42,2023-01-09,2108,N,VIIRS,n,2,292.35,2.85,N,2
21.10408,72.64425,311.13,0.54,0.42,2023-01-09,2108,N,VIIRS,n,2,291.66,2.26,N,2
19.72302,79.17346,299.25,0.48,0.65,2023-01-09,2108,N,VIIRS,n,2,289.14,1.29,N,2
21.13855,71.29011,304.0,0.46,0.39,2023-01-09,2108,N,VIIRS,n,2,288.08,0.49,N,0
20.90971,71.45707,308.2,0.47,0.4,2023-01-09,2108,N,VIIRS,n,2,290.51,1.39,N,2
20.90891,71.46159,307.34,0.47,0.4,2023-01-09,2108,N,VIIRS,n,2,292.79,1.09,N,2
20.83432,70.69444,311.94,0.44,0.38,2023-01-09,2108,N,VIIRS,n,2,292.67,1.28,N,2
19.55986,73.20852,299.15,0.41,0.45,2023-01-09,2108,N,VIIRS,n,2,285.59,0.95,N,0
19.28874,73.07373,302.13,0.41,0.45,2023-01-09,2108,N,VIIRS,n,2,291.51,0.43,N,0
18.62556,75.81062,297.4,0.62,0.54,2023-01-09,2108,N,VIIRS,n,2,280.42,1.26,N,0
19.12664,73.04921,299.68,0.41,0.45,2023-01-09,2108,N,VIIRS,n,2,289.33,0.58,N,0
14.27607,75.73446,303.3,0.37,0.58,2023-01-09,2109,N,VIIRS,n,2,287.38,1.16,N,0
14.23874,75.72754,296.99,0.37,0.58,2023-01-09,2109,N,VIIRS,n,2,285.97,0.48,N,0
14.30406,75.31606,308.01,0.35,0.56,2023-01-09,2109,N,VIIRS,n,2,286.02,0.68,N,0
13.55445,77.01269,297.5,0.46,0.64,2023-01-09,2109,N,VIIRS,n,2,285.63,0.43,N,0
13.33853,76.27319,299.41,0.42,0.61,2023-01-09,2109,N,VIIRS,n,2,288.24,0.86,N,0
12.86687,78.01276,295.38,0.55,0.68,2023-01-09,2109,N,VIIRS,n,2,283.62,0.2,N,0
16.47752,75.36877,306.08,0.32,0.54,2023-01-09,2109,N,VIIRS,n,2,281.8,0.93,N,0
15.96464,76.66103,296.87,0.39,0.6,2023-01-09,2109,N,VIIRS,n,2,284.54,0.43,N,0
16.2505,75.23939,295.99,0.63,0.54,2023-01-09,2109,N,VIIRS,n,2,282.31,0.61,N,0
16.12255,75.81687,297.34,0.35,0.56,2023-01-09,2109,N,VIIRS,n,2,281.57,0.34,N,0
16.12134,75.81643,296.33,0.35,0.56,2023-01-09,2109,N,VIIRS,n,2,281.61,0.3,N,0
16.20173,73.53648,299.63,0.49,0.49,2023-01-09,2109,N,VIIRS,n,2,288.97,0.96,N,0
16.20086,73.54108,309.55,0.49,0.49,2023-01-09,2109,N,VIIRS,n,2,289.91,0.96,N,0
15.17836,77.10429,299.84,0.44,0.62,2023-01-09,2109,N,VIIRS,n,2,288.06,0.53,N,2
15.46686,75.62006,335.36,0.34,0.56,2023-01-09,2109,N,VIIRS,n,2,286.14,2.52,N,0
15.33352,76.28522,296.93,0.38,0.59,2023-01-09,2109,N,VIIRS,n,2,286.53,0.54,N,2
15.33535,76.24839,299.14,0.38,0.59,2023-01-09,2109,N,VIIRS,n,2,286.94,0.99,N,0
15.32143,76.23406,297.12,0.38,0.59,2023-01-09,2109,N,VIIRS,n,2,286.4,0.6,N,0
15.18156,76.66396,307.68,0.41,0.6,2023-01-09,2109,N,VIIRS,n,2,290.05,2.26,N,2
15.18076,76.66777,307.74,0.41,0.61,2023-01-09,2109,N,VIIRS,n,2,289.7,1.75,N,2
15.17838,76.67918,304.17,0.41,0.61,2023-01-09,2109,N,VIIRS,n,2,288.22,1.24,N,2
15.17759,76.68296,301.62,0.41,0.61,2023-01-09,2109,N,VIIRS,n,2,287.07,0.8,N,2
15.17764,76.65504,308.93,0.41,0.6,2023-01-09,2109,N,VIIRS,n,2,292.45,2.32,N,2
15.17208,76.6816,298.2,0.41,0.61,2023-01-09,2109,N,VIIRS,n,2,287.84,0.51,N,2
15.1713,76.68531,300.12,0.41,0.61,2023-01-09,2109,N,VIIRS,n,2,288.77,0.51,N,2
15.18323,76.66582,304.45,0.41,0.61,2023-01-09,2109,N,VIIRS,n,2,289.1,1.25,N,2
15.17771,76.66451,310.77,0.41,0.61,2023-01-09,2109,N,VIIRS,n,2,289.66,1.25,N,2
15.17464,76.67976,314.45,0.41,0.61,2023-01-09,2109,N,VIIRS,n,2,288.34,1.48,N,2
15.17374,76.65557,302.88,0.41,0.6,2023-01-09,2109,N,VIIRS,n,2,290.14,0.89,N,2
15.16901,76.65038,300.87,0.41,0.6,2023-01-09,2109,N,VIIRS,n,2,288.57,0.89,N,0
15.11872,76.81201,302.69,0.42,0.61,2023-01-09,2109,N,VIIRS,n,2,287.69,0.81,N,2
15.65749,73.98985,307.93,0.54,0.5,2023-01-09,2109,N,VIIRS,n,2,287.53,1.23,N,2
15.1727,76.37904,301.68,0.39,0.59,2023-01-09,2109,N,VIIRS,n,2,288.84,1.15,N,2
15.00338,76.99938,297.16,0.43,0.62,2023-01-09,2109,N,VIIRS,n,2,286.35,0.63,N,0
15.0162,76.89822,297.37,0.43,0.62,2023-01-09,2109,N,VIIRS,n,2,287.21,1.1,N,0
15.00962,75.36497,305.28,0.34,0.56,2023-01-09,2109,N,VIIRS,n,2,285.52,0.75,N,0
15.00785,75.36474,307.39,0.34,0.56,2023-01-09,2109,N,VIIRS,n,2,285.5,0.81,N,0
14.9059,75.74612,298.91,0.36,0.57,2023-01-09,2109,N,VIIRS,n,2,285.82,0.53,N,0
14.24249,77.21447,304.12,0.46,0.64,2023-01-09,2109,N,VIIRS,n,2,287.64,0.65,N,0
14.39446,75.29508,302.83,0.34,0.56,2023-01-09,2109,N,VIIRS,n,2,284.64,0.6,N,0
14.15764,76.40841,312.0,0.41,0.61,2023-01-09,2109,N,VIIRS,n,2,286.26,1.01,N,0
14.15982,76.41039,310.53,0.41,0.61,2023-01-09,2109,N,VIIRS,n,2,286.71,1.08,N,0
9.97758,76.37397,304.04,0.49,0.65,2023-01-09,2110,N,VIIRS,n,2,292.06,1.56,N,2
11.54753,77.48583,316.84,0.54,0.68,2023-01-09,2110,N,VIIRS,n,2,288.79,1.71,N,0
11.5445,77.48609,303.7,0.54,0.68,2023-01-09,2110,N,VIIRS,n,2,288.38,0.63,N,0
11.55083,77.48684,301.05,0.54,0.68,2023-01-09,2110,N,VIIRS,n,2,289.19,0.63,N,0
12.8154,75.59608,302.87,0.38,0.59,2023-01-09,2110,N,VIIRS,n,2,291.1,0.36,N,0
25.44604,93.98345,326.0,0.46,0.39,2023-01-10,639,N,VIIRS,n,2,295.6,4.02,D,0
20.27736,85.20143,347.38,0.64,0.72,2023-01-10,639,N,VIIRS,n,2,299.54,7.36,D,0
20.28073,85.20065,346.14,0.63,0.72,2023-01-10,639,N,VIIRS,n,2,298.7,4.49,D,0
20.57697,86.03349,330.73,0.56,0.69,2023-01-10,639,N,VIIRS,n,2,299.53,2.25,D,0
20.83369,86.96561,334.23,0.48,0.65,2023-01-10,639,N,VIIRS,l,2,305.13,7.18,D,0
21.02576,86.43913,331.06,0.51,0.66,2023-01-10,639,N,VIIRS,n,2,300.56,3.26,D,0
21.07354,86.61899,340.14,0.5,0.66,2023-01-10,639,N,VIIRS,n,2,301.26,3.23,D,0
21.24184,86.71075,337.26,0.49,0.65,2023-01-10,639,N,VIIRS,n,2,301.04,2.77,D,0
22.57149,92.90218,338.73,0.39,0.44,2023-01-10,639,N,VIIRS,n,2,295.73,5.48,D,0
22.57087,92.89883,325.66,0.39,0.44,2023-01-10,639,N,VIIRS,n,2,294.55,3.3,D,0
21.14031,85.96236,329.21,0.55,0.68,2023-01-10,639,N,VIIRS,n,2,299.97,1.8,D,0
20.96441,85.17754,327.95,0.62,0.71,2023-01-10,639,N,VIIRS,l,2,299.34,6.53,D,2
21.89277,87.55615,328.0,0.42,0.61,2023-01-10,639,N,VIIRS,n,2,301.11,1.58,D,0
21.85143,87.37117,327.69,0.43,0.62,2023-01-10,639,N,VIIRS,n,2,299.2,1.78,D,0
20.99737,83.57741,326.07,0.77,0.77,2023-01-10,639,N,VIIRS,l,2,300.36,3.26,D,0
